H1	x	points	sep	1000000	u_x	1	52.263	51.494	1000000:5.003926e8
H1	x	points	sep	1000000	v_x	1	33.034	32.300	1000000:5.003926e8
H1	x	points	sep	1000000	t_x	1	14.221	13.582	1000000:5.003926e8
H1	x	points	sep	1000000	v_x	2	32.475	31.903	1000000:5.003926e8
H1	x	points	sep	1000000	t_x	2	14.384	13.694	1000000:5.003926e8
H1	x	points	sep	1000000	u_x	2	51.806	51.114	1000000:5.003926e8
H1	x	points	sep	1000000	t_x	3	14.250	13.599	1000000:5.003926e8
H1	x	points	sep	1000000	u_x	3	51.421	50.809	1000000:5.003926e8
H1	x	points	sep	1000000	v_x	3	32.638	31.960	1000000:5.003926e8
H1	x	points	sep	1000000	u_x	4	51.033	50.367	1000000:5.003926e8
H1	x	points	sep	1000000	v_x	4	32.233	31.611	1000000:5.003926e8
H1	x	points	sep	1000000	t_x	4	14.044	13.578	1000000:5.003926e8
H1	x	points	sep	1000000	v_x	5	32.134	31.592	1000000:5.003926e8
H1	x	points	sep	1000000	t_x	5	13.954	13.508	1000000:5.003926e8
H1	x	points	sep	1000000	u_x	5	50.713	50.283	1000000:5.003926e8
H1	x	points	int	1000000	u_x	1	52.118	51.443	1000000:5.003926e8
H1	x	points	int	1000000	v_x	1	32.641	32.005	1000000:5.003926e8
H1	x	points	int	1000000	t_x	1	15.045	14.596	1000000:5.003926e8
H1	x	points	int	1000000	v_x	2	32.849	32.412	1000000:5.003926e8
H1	x	points	int	1000000	t_x	2	15.108	14.566	1000000:5.003926e8
H1	x	points	int	1000000	u_x	2	51.656	51.188	1000000:5.003926e8
H1	x	points	int	1000000	t_x	3	15.171	14.582	1000000:5.003926e8
H1	x	points	int	1000000	u_x	3	51.881	51.375	1000000:5.003926e8
H1	x	points	int	1000000	v_x	3	32.654	31.986	1000000:5.003926e8
H1	x	points	int	1000000	u_x	4	52.394	51.854	1000000:5.003926e8
H1	x	points	int	1000000	v_x	4	33.377	32.639	1000000:5.003926e8
H1	x	points	int	1000000	t_x	4	15.448	14.766	1000000:5.003926e8
H1	x	points	int	1000000	v_x	5	32.688	32.019	1000000:5.003926e8
H1	x	points	int	1000000	t_x	5	15.208	14.568	1000000:5.003926e8
H1	x	points	int	1000000	u_x	5	51.966	51.352	1000000:5.003926e8
H1	x	points	wkb	1000000	u_x	1	28.558	28.061	1000000:5.003926e8
H1	x	points	wkb	1000000	t_x	1	22.674	22.147	1000000:5.003926e8
H1	x	points	wkb	1000000	t_x	2	22.685	22.111	1000000:5.003926e8
H1	x	points	wkb	1000000	u_x	2	28.526	28.024	1000000:5.003926e8
H1	x	points	wkb	1000000	u_x	3	28.520	28.047	1000000:5.003926e8
H1	x	points	wkb	1000000	t_x	3	22.525	22.044	1000000:5.003926e8
H1	x	points	wkb	1000000	t_x	4	22.499	22.031	1000000:5.003926e8
H1	x	points	wkb	1000000	u_x	4	28.615	28.109	1000000:5.003926e8
H1	x	points	wkb	1000000	u_x	5	28.633	28.036	1000000:5.003926e8
H1	x	points	wkb	1000000	t_x	5	22.602	22.082	1000000:5.003926e8
H1	npoints	points	sep	1000000	u_npoints	1	50.238	49.530	1000000:1.000000e6
H1	npoints	points	sep	1000000	v_npoints	1	30.040	29.384	1000000:1.000000e6
H1	npoints	points	sep	1000000	t_npoints	1	9.854	9.292	1000000:1.000000e6
H1	npoints	points	sep	1000000	v_npoints	2	30.433	29.957	1000000:1.000000e6
H1	npoints	points	sep	1000000	t_npoints	2	9.961	9.342	1000000:1.000000e6
H1	npoints	points	sep	1000000	u_npoints	2	49.915	49.431	1000000:1.000000e6
H1	npoints	points	sep	1000000	t_npoints	3	9.913	9.315	1000000:1.000000e6
H1	npoints	points	sep	1000000	u_npoints	3	49.798	49.277	1000000:1.000000e6
H1	npoints	points	sep	1000000	v_npoints	3	30.255	29.597	1000000:1.000000e6
H1	npoints	points	sep	1000000	u_npoints	4	50.114	49.415	1000000:1.000000e6
H1	npoints	points	sep	1000000	v_npoints	4	30.000	29.350	1000000:1.000000e6
H1	npoints	points	sep	1000000	t_npoints	4	9.885	9.309	1000000:1.000000e6
H1	npoints	points	sep	1000000	v_npoints	5	30.273	29.698	1000000:1.000000e6
H1	npoints	points	sep	1000000	t_npoints	5	10.026	9.383	1000000:1.000000e6
H1	npoints	points	sep	1000000	u_npoints	5	50.089	49.522	1000000:1.000000e6
H1	npoints	points	int	1000000	u_npoints	1	51.238	50.564	1000000:1.000000e6
H1	npoints	points	int	1000000	v_npoints	1	30.452	29.801	1000000:1.000000e6
H1	npoints	points	int	1000000	t_npoints	1	9.895	9.321	1000000:1.000000e6
H1	npoints	points	int	1000000	v_npoints	2	30.736	30.145	1000000:1.000000e6
H1	npoints	points	int	1000000	t_npoints	2	9.891	9.307	1000000:1.000000e6
H1	npoints	points	int	1000000	u_npoints	2	50.907	50.337	1000000:1.000000e6
H1	npoints	points	int	1000000	t_npoints	3	9.958	9.348	1000000:1.000000e6
H1	npoints	points	int	1000000	u_npoints	3	50.262	49.768	1000000:1.000000e6
H1	npoints	points	int	1000000	v_npoints	3	29.982	29.434	1000000:1.000000e6
H1	npoints	points	int	1000000	u_npoints	4	50.411	49.955	1000000:1.000000e6
H1	npoints	points	int	1000000	v_npoints	4	30.331	29.833	1000000:1.000000e6
H1	npoints	points	int	1000000	t_npoints	4	9.912	9.349	1000000:1.000000e6
H1	npoints	points	int	1000000	v_npoints	5	29.995	29.564	1000000:1.000000e6
H1	npoints	points	int	1000000	t_npoints	5	9.822	9.379	1000000:1.000000e6
H1	npoints	points	int	1000000	u_npoints	5	50.463	49.872	1000000:1.000000e6
H1	npoints	points	wkb	1000000	u_npoints	1	26.077	25.604	1000000:1.000000e6
H1	npoints	points	wkb	1000000	t_npoints	1	23.023	22.450	1000000:1.000000e6
H1	npoints	points	wkb	1000000	t_npoints	2	23.018	22.498	1000000:1.000000e6
H1	npoints	points	wkb	1000000	u_npoints	2	26.263	25.643	1000000:1.000000e6
H1	npoints	points	wkb	1000000	u_npoints	3	26.128	25.526	1000000:1.000000e6
H1	npoints	points	wkb	1000000	t_npoints	3	22.761	22.320	1000000:1.000000e6
H1	npoints	points	wkb	1000000	t_npoints	4	22.788	22.332	1000000:1.000000e6
H1	npoints	points	wkb	1000000	u_npoints	4	26.163	25.592	1000000:1.000000e6
H1	npoints	points	wkb	1000000	u_npoints	5	26.161	25.664	1000000:1.000000e6
H1	npoints	points	wkb	1000000	t_npoints	5	22.806	22.329	1000000:1.000000e6
H1	npoints	poly10	sep	100000	u_npoints	1	19.933	19.624	100000:1.100000e6
H1	npoints	poly10	sep	100000	v_npoints	1	6.142	5.863	100000:1.100000e6
H1	npoints	poly10	sep	100000	t_npoints	1	2.502	2.259	100000:1.100000e6
H1	npoints	poly10	sep	100000	v_npoints	2	6.100	5.869	100000:1.100000e6
H1	npoints	poly10	sep	100000	t_npoints	2	2.517	2.269	100000:1.100000e6
H1	npoints	poly10	sep	100000	u_npoints	2	19.866	19.637	100000:1.100000e6
H1	npoints	poly10	sep	100000	t_npoints	3	2.723	2.240	100000:1.100000e6
H1	npoints	poly10	sep	100000	u_npoints	3	19.829	19.562	100000:1.100000e6
H1	npoints	poly10	sep	100000	v_npoints	3	6.173	5.860	100000:1.100000e6
H1	npoints	poly10	sep	100000	u_npoints	4	20.139	19.885	100000:1.100000e6
H1	npoints	poly10	sep	100000	v_npoints	4	6.012	5.762	100000:1.100000e6
H1	npoints	poly10	sep	100000	t_npoints	4	2.499	2.276	100000:1.100000e6
H1	npoints	poly10	sep	100000	v_npoints	5	6.029	5.818	100000:1.100000e6
H1	npoints	poly10	sep	100000	t_npoints	5	2.671	2.450	100000:1.100000e6
H1	npoints	poly10	sep	100000	u_npoints	5	19.745	19.517	100000:1.100000e6
H1	npoints	poly10	int	100000	u_npoints	1	21.407	21.072	100000:1.100000e6
H1	npoints	poly10	int	100000	v_npoints	1	6.108	5.828	100000:1.100000e6
H1	npoints	poly10	int	100000	t_npoints	1	2.650	2.280	100000:1.100000e6
H1	npoints	poly10	int	100000	v_npoints	2	6.054	5.807	100000:1.100000e6
H1	npoints	poly10	int	100000	t_npoints	2	2.512	2.258	100000:1.100000e6
H1	npoints	poly10	int	100000	u_npoints	2	21.446	21.224	100000:1.100000e6
H1	npoints	poly10	int	100000	t_npoints	3	2.520	2.228	100000:1.100000e6
H1	npoints	poly10	int	100000	u_npoints	3	21.383	21.163	100000:1.100000e6
H1	npoints	poly10	int	100000	v_npoints	3	6.102	5.826	100000:1.100000e6
H1	npoints	poly10	int	100000	u_npoints	4	21.500	21.260	100000:1.100000e6
H1	npoints	poly10	int	100000	v_npoints	4	6.081	5.820	100000:1.100000e6
H1	npoints	poly10	int	100000	t_npoints	4	2.533	2.279	100000:1.100000e6
H1	npoints	poly10	int	100000	v_npoints	5	6.084	5.871	100000:1.100000e6
H1	npoints	poly10	int	100000	t_npoints	5	2.456	2.229	100000:1.100000e6
H1	npoints	poly10	int	100000	u_npoints	5	21.226	20.974	100000:1.100000e6
H1	npoints	poly10	wkb	100000	u_npoints	1	4.051	3.788	100000:1.100000e6
H1	npoints	poly10	wkb	100000	t_npoints	1	3.739	3.439	100000:1.100000e6
H1	npoints	poly10	wkb	100000	t_npoints	2	3.709	3.444	100000:1.100000e6
H1	npoints	poly10	wkb	100000	u_npoints	2	4.018	3.798	100000:1.100000e6
H1	npoints	poly10	wkb	100000	u_npoints	3	4.010	3.748	100000:1.100000e6
H1	npoints	poly10	wkb	100000	t_npoints	3	3.665	3.406	100000:1.100000e6
H1	npoints	poly10	wkb	100000	t_npoints	4	3.645	3.409	100000:1.100000e6
H1	npoints	poly10	wkb	100000	u_npoints	4	3.982	3.747	100000:1.100000e6
H1	npoints	poly10	wkb	100000	u_npoints	5	4.026	3.763	100000:1.100000e6
H1	npoints	poly10	wkb	100000	t_npoints	5	3.675	3.426	100000:1.100000e6
H1	npoints	poly100	sep	100000	u_npoints	1	115.942	115.312	100000:1.010000e7
H1	npoints	poly100	sep	100000	v_npoints	1	22.956	22.298	100000:1.010000e7
H1	npoints	poly100	sep	100000	t_npoints	1	2.855	2.300	100000:1.010000e7
H1	npoints	poly100	sep	100000	v_npoints	2	22.842	22.455	100000:1.010000e7
H1	npoints	poly100	sep	100000	t_npoints	2	2.786	2.226	100000:1.010000e7
H1	npoints	poly100	sep	100000	u_npoints	2	116.408	116.021	100000:1.010000e7
H1	npoints	poly100	sep	100000	t_npoints	3	2.773	2.245	100000:1.010000e7
H1	npoints	poly100	sep	100000	u_npoints	3	115.913	115.556	100000:1.010000e7
H1	npoints	poly100	sep	100000	v_npoints	3	22.824	22.176	100000:1.010000e7
H1	npoints	poly100	sep	100000	u_npoints	4	117.247	116.598	100000:1.010000e7
H1	npoints	poly100	sep	100000	v_npoints	4	22.719	22.088	100000:1.010000e7
H1	npoints	poly100	sep	100000	t_npoints	4	2.875	2.328	100000:1.010000e7
H1	npoints	poly100	sep	100000	v_npoints	5	22.543	22.178	100000:1.010000e7
H1	npoints	poly100	sep	100000	t_npoints	5	2.804	2.292	100000:1.010000e7
H1	npoints	poly100	sep	100000	u_npoints	5	116.780	116.418	100000:1.010000e7
H1	npoints	poly100	int	100000	u_npoints	1	131.841	131.190	100000:1.010000e7
H1	npoints	poly100	int	100000	v_npoints	1	21.519	20.871	100000:1.010000e7
H1	npoints	poly100	int	100000	t_npoints	1	2.958	2.325	100000:1.010000e7
H1	npoints	poly100	int	100000	v_npoints	2	21.521	21.120	100000:1.010000e7
H1	npoints	poly100	int	100000	t_npoints	2	3.167	2.462	100000:1.010000e7
H1	npoints	poly100	int	100000	u_npoints	2	132.386	131.977	100000:1.010000e7
H1	npoints	poly100	int	100000	t_npoints	3	2.878	2.229	100000:1.010000e7
H1	npoints	poly100	int	100000	u_npoints	3	131.385	131.010	100000:1.010000e7
H1	npoints	poly100	int	100000	v_npoints	3	21.433	20.787	100000:1.010000e7
H1	npoints	poly100	int	100000	u_npoints	4	129.657	129.015	100000:1.010000e7
H1	npoints	poly100	int	100000	v_npoints	4	21.335	20.679	100000:1.010000e7
H1	npoints	poly100	int	100000	t_npoints	4	2.799	2.261	100000:1.010000e7
H1	npoints	poly100	int	100000	v_npoints	5	21.614	21.249	100000:1.010000e7
H1	npoints	poly100	int	100000	t_npoints	5	2.951	2.380	100000:1.010000e7
H1	npoints	poly100	int	100000	u_npoints	5	131.763	131.362	100000:1.010000e7
H1	npoints	poly100	wkb	100000	u_npoints	1	5.709	5.464	100000:1.010000e7
H1	npoints	poly100	wkb	100000	t_npoints	1	5.132	4.902	100000:1.010000e7
H1	npoints	poly100	wkb	100000	t_npoints	2	5.015	4.789	100000:1.010000e7
H1	npoints	poly100	wkb	100000	u_npoints	2	4.973	4.752	100000:1.010000e7
H1	npoints	poly100	wkb	100000	u_npoints	3	5.116	4.906	100000:1.010000e7
H1	npoints	poly100	wkb	100000	t_npoints	3	4.666	4.450	100000:1.010000e7
H1	npoints	poly100	wkb	100000	t_npoints	4	4.579	4.372	100000:1.010000e7
H1	npoints	poly100	wkb	100000	u_npoints	4	4.706	4.482	100000:1.010000e7
H1	npoints	poly100	wkb	100000	u_npoints	5	4.623	4.415	100000:1.010000e7
H1	npoints	poly100	wkb	100000	t_npoints	5	4.319	4.119	100000:1.010000e7
H1	npoints	poly1000	sep	100000	u_npoints	1	1127.674	1126.889	100000:1.001000e8
H1	npoints	poly1000	sep	100000	v_npoints	1	227.847	227.067	100000:1.001000e8
H1	npoints	poly1000	sep	100000	t_npoints	1	2.847	2.341	100000:1.001000e8
H1	npoints	poly1000	sep	100000	v_npoints	2	226.687	226.309	100000:1.001000e8
H1	npoints	poly1000	sep	100000	t_npoints	2	2.845	2.338	100000:1.001000e8
H1	npoints	poly1000	sep	100000	u_npoints	2	1147.190	1146.715	100000:1.001000e8
H1	npoints	poly1000	sep	100000	t_npoints	3	2.895	2.331	100000:1.001000e8
H1	npoints	poly1000	sep	100000	u_npoints	3	1132.448	1132.008	100000:1.001000e8
H1	npoints	poly1000	sep	100000	v_npoints	3	226.696	225.960	100000:1.001000e8
H1	npoints	poly1000	sep	100000	u_npoints	4	1139.118	1138.357	100000:1.001000e8
H1	npoints	poly1000	sep	100000	v_npoints	4	223.048	222.327	100000:1.001000e8
H1	npoints	poly1000	sep	100000	t_npoints	4	2.813	2.298	100000:1.001000e8
H1	npoints	poly1000	sep	100000	v_npoints	5	229.403	229.030	100000:1.001000e8
H1	npoints	poly1000	sep	100000	t_npoints	5	2.900	2.388	100000:1.001000e8
H1	npoints	poly1000	sep	100000	u_npoints	5	1146.477	1146.036	100000:1.001000e8
H1	npoints	poly1000	int	100000	u_npoints	1	1270.308	1269.555	100000:1.001000e8
H1	npoints	poly1000	int	100000	v_npoints	1	220.054	219.334	100000:1.001000e8
H1	npoints	poly1000	int	100000	t_npoints	1	2.880	2.363	100000:1.001000e8
H1	npoints	poly1000	int	100000	v_npoints	2	224.562	224.178	100000:1.001000e8
H1	npoints	poly1000	int	100000	t_npoints	2	2.869	2.364	100000:1.001000e8
H1	npoints	poly1000	int	100000	u_npoints	2	1256.563	1256.125	100000:1.001000e8
H1	npoints	poly1000	int	100000	t_npoints	3	2.863	2.250	100000:1.001000e8
H1	npoints	poly1000	int	100000	u_npoints	3	1281.095	1280.546	100000:1.001000e8
H1	npoints	poly1000	int	100000	v_npoints	3	219.764	219.043	100000:1.001000e8
H1	npoints	poly1000	int	100000	u_npoints	4	1261.637	1260.864	100000:1.001000e8
H1	npoints	poly1000	int	100000	v_npoints	4	220.147	219.406	100000:1.001000e8
H1	npoints	poly1000	int	100000	t_npoints	4	2.933	2.390	100000:1.001000e8
H1	npoints	poly1000	int	100000	v_npoints	5	222.890	222.474	100000:1.001000e8
H1	npoints	poly1000	int	100000	t_npoints	5	2.951	2.370	100000:1.001000e8
H1	npoints	poly1000	int	100000	u_npoints	5	1263.991	1263.390	100000:1.001000e8
H1	npoints	poly1000	wkb	100000	u_npoints	1	5.067	4.852	100000:1.001000e8
H1	npoints	poly1000	wkb	100000	t_npoints	1	4.963	4.718	100000:1.001000e8
H1	npoints	poly1000	wkb	100000	t_npoints	2	4.806	4.575	100000:1.001000e8
H1	npoints	poly1000	wkb	100000	u_npoints	2	5.110	4.890	100000:1.001000e8
H1	npoints	poly1000	wkb	100000	u_npoints	3	5.175	4.937	100000:1.001000e8
H1	npoints	poly1000	wkb	100000	t_npoints	3	4.820	4.568	100000:1.001000e8
H1	npoints	poly1000	wkb	100000	t_npoints	4	4.801	4.580	100000:1.001000e8
H1	npoints	poly1000	wkb	100000	u_npoints	4	5.031	4.796	100000:1.001000e8
H1	npoints	poly1000	wkb	100000	u_npoints	5	5.045	4.816	100000:1.001000e8
H1	npoints	poly1000	wkb	100000	t_npoints	5	4.969	4.723	100000:1.001000e8
H1	isempty	points	sep	1000000	u_isempty	1	43.157	42.646	1000000:0.000000e0
H1	isempty	points	sep	1000000	v_isempty	1	28.960	28.375	1000000:0.000000e0
H1	isempty	points	sep	1000000	t_isempty	1	8.748	8.166	1000000:0.000000e0
H1	isempty	points	sep	1000000	v_isempty	2	28.721	28.262	1000000:0.000000e0
H1	isempty	points	sep	1000000	t_isempty	2	8.476	8.079	1000000:0.000000e0
H1	isempty	points	sep	1000000	u_isempty	2	42.813	42.447	1000000:0.000000e0
H1	isempty	points	sep	1000000	t_isempty	3	8.682	8.132	1000000:0.000000e0
H1	isempty	points	sep	1000000	u_isempty	3	42.858	42.469	1000000:0.000000e0
H1	isempty	points	sep	1000000	v_isempty	3	28.736	28.243	1000000:0.000000e0
H1	isempty	points	sep	1000000	u_isempty	4	42.984	42.603	1000000:0.000000e0
H1	isempty	points	sep	1000000	v_isempty	4	29.085	28.657	1000000:0.000000e0
H1	isempty	points	sep	1000000	t_isempty	4	8.745	8.195	1000000:0.000000e0
H1	isempty	points	sep	1000000	v_isempty	5	28.704	28.333	1000000:0.000000e0
H1	isempty	points	sep	1000000	t_isempty	5	9.530	9.099	1000000:0.000000e0
H1	isempty	points	sep	1000000	u_isempty	5	42.971	42.550	1000000:0.000000e0
H1	isempty	points	int	1000000	u_isempty	1	44.951	44.440	1000000:0.000000e0
H1	isempty	points	int	1000000	v_isempty	1	29.194	28.662	1000000:0.000000e0
H1	isempty	points	int	1000000	t_isempty	1	8.818	8.221	1000000:0.000000e0
H1	isempty	points	int	1000000	v_isempty	2	29.378	28.932	1000000:0.000000e0
H1	isempty	points	int	1000000	t_isempty	2	8.917	8.271	1000000:0.000000e0
H1	isempty	points	int	1000000	u_isempty	2	44.835	44.414	1000000:0.000000e0
H1	isempty	points	int	1000000	t_isempty	3	8.630	8.251	1000000:0.000000e0
H1	isempty	points	int	1000000	u_isempty	3	49.599	49.173	1000000:0.000000e0
H1	isempty	points	int	1000000	v_isempty	3	29.261	28.753	1000000:0.000000e0
H1	isempty	points	int	1000000	u_isempty	4	46.646	46.087	1000000:0.000000e0
H1	isempty	points	int	1000000	v_isempty	4	29.021	28.585	1000000:0.000000e0
H1	isempty	points	int	1000000	t_isempty	4	8.573	8.222	1000000:0.000000e0
H1	isempty	points	int	1000000	v_isempty	5	29.013	28.647	1000000:0.000000e0
H1	isempty	points	int	1000000	t_isempty	5	8.700	8.266	1000000:0.000000e0
H1	isempty	points	int	1000000	u_isempty	5	49.781	49.376	1000000:0.000000e0
H1	isempty	points	wkb	1000000	u_isempty	1	25.134	24.632	1000000:0.000000e0
H1	isempty	points	wkb	1000000	t_isempty	1	21.826	21.307	1000000:0.000000e0
H1	isempty	points	wkb	1000000	t_isempty	2	21.764	21.357	1000000:0.000000e0
H1	isempty	points	wkb	1000000	u_isempty	2	25.362	24.754	1000000:0.000000e0
H1	isempty	points	wkb	1000000	u_isempty	3	25.103	24.680	1000000:0.000000e0
H1	isempty	points	wkb	1000000	t_isempty	3	21.726	21.303	1000000:0.000000e0
H1	isempty	points	wkb	1000000	t_isempty	4	21.670	21.296	1000000:0.000000e0
H1	isempty	points	wkb	1000000	u_isempty	4	25.087	24.728	1000000:0.000000e0
H1	isempty	points	wkb	1000000	u_isempty	5	25.031	24.635	1000000:0.000000e0
H1	isempty	points	wkb	1000000	t_isempty	5	21.685	21.267	1000000:0.000000e0
H1	isempty	poly10	sep	100000	u_isempty	1	20.766	20.376	100000:0.000000e0
H1	isempty	poly10	sep	100000	v_isempty	1	6.899	6.423	100000:0.000000e0
H1	isempty	poly10	sep	100000	t_isempty	1	2.583	2.227	100000:0.000000e0
H1	isempty	poly10	sep	100000	v_isempty	2	6.637	6.417	100000:0.000000e0
H1	isempty	poly10	sep	100000	t_isempty	2	2.555	2.209	100000:0.000000e0
H1	isempty	poly10	sep	100000	u_isempty	2	20.530	20.291	100000:0.000000e0
H1	isempty	poly10	sep	100000	t_isempty	3	2.657	2.179	100000:0.000000e0
H1	isempty	poly10	sep	100000	u_isempty	3	20.493	20.269	100000:0.000000e0
H1	isempty	poly10	sep	100000	v_isempty	3	6.809	6.411	100000:0.000000e0
H1	isempty	poly10	sep	100000	u_isempty	4	20.753	20.414	100000:0.000000e0
H1	isempty	poly10	sep	100000	v_isempty	4	6.823	6.485	100000:0.000000e0
H1	isempty	poly10	sep	100000	t_isempty	4	2.488	2.185	100000:0.000000e0
H1	isempty	poly10	sep	100000	v_isempty	5	6.773	6.438	100000:0.000000e0
H1	isempty	poly10	sep	100000	t_isempty	5	2.682	2.215	100000:0.000000e0
H1	isempty	poly10	sep	100000	u_isempty	5	20.655	20.388	100000:0.000000e0
H1	isempty	poly10	int	100000	u_isempty	1	24.804	24.263	100000:0.000000e0
H1	isempty	poly10	int	100000	v_isempty	1	7.888	7.380	100000:0.000000e0
H1	isempty	poly10	int	100000	t_isempty	1	2.708	2.200	100000:0.000000e0
H1	isempty	poly10	int	100000	v_isempty	2	7.597	7.349	100000:0.000000e0
H1	isempty	poly10	int	100000	t_isempty	2	2.511	2.197	100000:0.000000e0
H1	isempty	poly10	int	100000	u_isempty	2	24.170	23.928	100000:0.000000e0
H1	isempty	poly10	int	100000	t_isempty	3	2.669	2.170	100000:0.000000e0
H1	isempty	poly10	int	100000	u_isempty	3	24.323	24.065	100000:0.000000e0
H1	isempty	poly10	int	100000	v_isempty	3	7.975	7.400	100000:0.000000e0
H1	isempty	poly10	int	100000	u_isempty	4	24.555	24.033	100000:0.000000e0
H1	isempty	poly10	int	100000	v_isempty	4	7.760	7.358	100000:0.000000e0
H1	isempty	poly10	int	100000	t_isempty	4	2.561	2.210	100000:0.000000e0
H1	isempty	poly10	int	100000	v_isempty	5	7.533	7.304	100000:0.000000e0
H1	isempty	poly10	int	100000	t_isempty	5	2.545	2.199	100000:0.000000e0
H1	isempty	poly10	int	100000	u_isempty	5	24.247	24.013	100000:0.000000e0
H1	isempty	poly10	wkb	100000	u_isempty	1	4.176	3.887	100000:0.000000e0
H1	isempty	poly10	wkb	100000	t_isempty	1	3.849	3.546	100000:0.000000e0
H1	isempty	poly10	wkb	100000	t_isempty	2	3.844	3.586	100000:0.000000e0
H1	isempty	poly10	wkb	100000	u_isempty	2	4.090	3.846	100000:0.000000e0
H1	isempty	poly10	wkb	100000	u_isempty	3	4.085	3.839	100000:0.000000e0
H1	isempty	poly10	wkb	100000	t_isempty	3	3.724	3.486	100000:0.000000e0
H1	isempty	poly10	wkb	100000	t_isempty	4	3.717	3.476	100000:0.000000e0
H1	isempty	poly10	wkb	100000	u_isempty	4	4.069	3.839	100000:0.000000e0
H1	isempty	poly10	wkb	100000	u_isempty	5	4.153	3.876	100000:0.000000e0
H1	isempty	poly10	wkb	100000	t_isempty	5	3.745	3.488	100000:0.000000e0
H1	isempty	poly100	sep	100000	u_isempty	1	117.960	117.307	100000:0.000000e0
H1	isempty	poly100	sep	100000	v_isempty	1	22.682	21.998	100000:0.000000e0
H1	isempty	poly100	sep	100000	t_isempty	1	2.796	2.228	100000:0.000000e0
H1	isempty	poly100	sep	100000	v_isempty	2	22.744	22.390	100000:0.000000e0
H1	isempty	poly100	sep	100000	t_isempty	2	2.814	2.239	100000:0.000000e0
H1	isempty	poly100	sep	100000	u_isempty	2	119.106	118.703	100000:0.000000e0
H1	isempty	poly100	sep	100000	t_isempty	3	2.716	2.163	100000:0.000000e0
H1	isempty	poly100	sep	100000	u_isempty	3	117.085	116.750	100000:0.000000e0
H1	isempty	poly100	sep	100000	v_isempty	3	22.791	22.132	100000:0.000000e0
H1	isempty	poly100	sep	100000	u_isempty	4	118.078	117.414	100000:0.000000e0
H1	isempty	poly100	sep	100000	v_isempty	4	22.707	22.049	100000:0.000000e0
H1	isempty	poly100	sep	100000	t_isempty	4	2.753	2.227	100000:0.000000e0
H1	isempty	poly100	sep	100000	v_isempty	5	22.678	22.327	100000:0.000000e0
H1	isempty	poly100	sep	100000	t_isempty	5	2.772	2.208	100000:0.000000e0
H1	isempty	poly100	sep	100000	u_isempty	5	117.087	116.722	100000:0.000000e0
H1	isempty	poly100	int	100000	u_isempty	1	131.036	130.378	100000:0.000000e0
H1	isempty	poly100	int	100000	v_isempty	1	21.622	20.959	100000:0.000000e0
H1	isempty	poly100	int	100000	t_isempty	1	2.785	2.247	100000:0.000000e0
H1	isempty	poly100	int	100000	v_isempty	2	21.256	20.910	100000:0.000000e0
H1	isempty	poly100	int	100000	t_isempty	2	2.805	2.235	100000:0.000000e0
H1	isempty	poly100	int	100000	u_isempty	2	130.015	129.659	100000:0.000000e0
H1	isempty	poly100	int	100000	t_isempty	3	2.747	2.181	100000:0.000000e0
H1	isempty	poly100	int	100000	u_isempty	3	133.308	132.922	100000:0.000000e0
H1	isempty	poly100	int	100000	v_isempty	3	23.408	22.757	100000:0.000000e0
H1	isempty	poly100	int	100000	u_isempty	4	134.482	133.774	100000:0.000000e0
H1	isempty	poly100	int	100000	v_isempty	4	22.478	21.808	100000:0.000000e0
H1	isempty	poly100	int	100000	t_isempty	4	3.045	2.448	100000:0.000000e0
H1	isempty	poly100	int	100000	v_isempty	5	23.462	23.050	100000:0.000000e0
H1	isempty	poly100	int	100000	t_isempty	5	3.094	2.476	100000:0.000000e0
H1	isempty	poly100	int	100000	u_isempty	5	131.685	131.283	100000:0.000000e0
H1	isempty	poly100	wkb	100000	u_isempty	1	5.275	5.043	100000:0.000000e0
H1	isempty	poly100	wkb	100000	t_isempty	1	5.280	5.022	100000:0.000000e0
H1	isempty	poly100	wkb	100000	t_isempty	2	4.557	4.328	100000:0.000000e0
H1	isempty	poly100	wkb	100000	u_isempty	2	4.475	4.241	100000:0.000000e0
H1	isempty	poly100	wkb	100000	u_isempty	3	4.479	4.277	100000:0.000000e0
H1	isempty	poly100	wkb	100000	t_isempty	3	4.285	4.066	100000:0.000000e0
H1	isempty	poly100	wkb	100000	t_isempty	4	4.267	4.058	100000:0.000000e0
H1	isempty	poly100	wkb	100000	u_isempty	4	4.499	4.287	100000:0.000000e0
H1	isempty	poly100	wkb	100000	u_isempty	5	4.446	4.235	100000:0.000000e0
H1	isempty	poly100	wkb	100000	t_isempty	5	4.202	3.991	100000:0.000000e0
H1	isempty	poly1000	sep	100000	u_isempty	1	1137.518	1136.792	100000:0.000000e0
H1	isempty	poly1000	sep	100000	v_isempty	1	229.401	228.678	100000:0.000000e0
H1	isempty	poly1000	sep	100000	t_isempty	1	2.742	2.245	100000:0.000000e0
H1	isempty	poly1000	sep	100000	v_isempty	2	232.722	232.347	100000:0.000000e0
H1	isempty	poly1000	sep	100000	t_isempty	2	2.762	2.253	100000:0.000000e0
H1	isempty	poly1000	sep	100000	u_isempty	2	1142.279	1141.852	100000:0.000000e0
H1	isempty	poly1000	sep	100000	t_isempty	3	2.725	2.153	100000:0.000000e0
H1	isempty	poly1000	sep	100000	u_isempty	3	1149.069	1148.636	100000:0.000000e0
H1	isempty	poly1000	sep	100000	v_isempty	3	231.370	230.644	100000:0.000000e0
H1	isempty	poly1000	sep	100000	u_isempty	4	1142.039	1141.275	100000:0.000000e0
H1	isempty	poly1000	sep	100000	v_isempty	4	227.716	226.991	100000:0.000000e0
H1	isempty	poly1000	sep	100000	t_isempty	4	2.805	2.300	100000:0.000000e0
H1	isempty	poly1000	sep	100000	v_isempty	5	233.203	232.831	100000:0.000000e0
H1	isempty	poly1000	sep	100000	t_isempty	5	2.885	2.313	100000:0.000000e0
H1	isempty	poly1000	sep	100000	u_isempty	5	1143.284	1142.807	100000:0.000000e0
H1	isempty	poly1000	int	100000	u_isempty	1	1275.221	1274.481	100000:0.000000e0
H1	isempty	poly1000	int	100000	v_isempty	1	220.879	220.132	100000:0.000000e0
H1	isempty	poly1000	int	100000	t_isempty	1	2.952	2.434	100000:0.000000e0
H1	isempty	poly1000	int	100000	v_isempty	2	221.650	221.209	100000:0.000000e0
H1	isempty	poly1000	int	100000	t_isempty	2	2.937	2.411	100000:0.000000e0
H1	isempty	poly1000	int	100000	u_isempty	2	1274.352	1273.903	100000:0.000000e0
H1	isempty	poly1000	int	100000	t_isempty	3	2.863	2.305	100000:0.000000e0
H1	isempty	poly1000	int	100000	u_isempty	3	1272.853	1272.416	100000:0.000000e0
H1	isempty	poly1000	int	100000	v_isempty	3	219.265	218.544	100000:0.000000e0
H1	isempty	poly1000	int	100000	u_isempty	4	1271.079	1270.328	100000:0.000000e0
H1	isempty	poly1000	int	100000	v_isempty	4	219.109	218.380	100000:0.000000e0
H1	isempty	poly1000	int	100000	t_isempty	4	2.955	2.431	100000:0.000000e0
H1	isempty	poly1000	int	100000	v_isempty	5	224.820	224.410	100000:0.000000e0
H1	isempty	poly1000	int	100000	t_isempty	5	2.905	2.397	100000:0.000000e0
H1	isempty	poly1000	int	100000	u_isempty	5	1275.344	1274.894	100000:0.000000e0
H1	isempty	poly1000	wkb	100000	u_isempty	1	5.176	4.922	100000:0.000000e0
H1	isempty	poly1000	wkb	100000	t_isempty	1	5.307	5.009	100000:0.000000e0
H1	isempty	poly1000	wkb	100000	t_isempty	2	5.108	4.865	100000:0.000000e0
H1	isempty	poly1000	wkb	100000	u_isempty	2	4.901	4.659	100000:0.000000e0
H1	isempty	poly1000	wkb	100000	u_isempty	3	5.005	4.784	100000:0.000000e0
H1	isempty	poly1000	wkb	100000	t_isempty	3	4.842	4.615	100000:0.000000e0
H1	isempty	poly1000	wkb	100000	t_isempty	4	4.843	4.621	100000:0.000000e0
H1	isempty	poly1000	wkb	100000	u_isempty	4	4.797	4.581	100000:0.000000e0
H1	isempty	poly1000	wkb	100000	u_isempty	5	4.905	4.686	100000:0.000000e0
H1	isempty	poly1000	wkb	100000	t_isempty	5	5.106	4.787	100000:0.000000e0
H1	area	points	sep	1000000	u_area	1	68.941	68.216	1000000:0.000000e0
H1	area	points	sep	1000000	v_area	1	48.385	47.702	1000000:0.000000e0
H1	area	points	sep	1000000	t_area	1	25.287	24.627	1000000:0.000000e0
H1	area	points	sep	1000000	v_area	2	48.246	47.592	1000000:0.000000e0
H1	area	points	sep	1000000	t_area	2	25.430	24.761	1000000:0.000000e0
H1	area	points	sep	1000000	u_area	2	67.976	67.248	1000000:0.000000e0
H1	area	points	sep	1000000	t_area	3	25.396	24.719	1000000:0.000000e0
H1	area	points	sep	1000000	u_area	3	67.613	66.939	1000000:0.000000e0
H1	area	points	sep	1000000	v_area	3	48.413	47.730	1000000:0.000000e0
H1	area	points	sep	1000000	u_area	4	67.521	66.833	1000000:0.000000e0
H1	area	points	sep	1000000	v_area	4	48.620	47.861	1000000:0.000000e0
H1	area	points	sep	1000000	t_area	4	25.468	24.790	1000000:0.000000e0
H1	area	points	sep	1000000	v_area	5	48.459	47.793	1000000:0.000000e0
H1	area	points	sep	1000000	t_area	5	25.593	24.898	1000000:0.000000e0
H1	area	points	sep	1000000	u_area	5	67.703	66.989	1000000:0.000000e0
H1	area	points	int	1000000	u_area	1	69.954	69.234	1000000:0.000000e0
H1	area	points	int	1000000	v_area	1	50.104	49.370	1000000:0.000000e0
H1	area	points	int	1000000	t_area	1	26.718	26.039	1000000:0.000000e0
H1	area	points	int	1000000	v_area	2	49.406	48.740	1000000:0.000000e0
H1	area	points	int	1000000	t_area	2	26.459	25.813	1000000:0.000000e0
H1	area	points	int	1000000	u_area	2	69.300	68.657	1000000:0.000000e0
H1	area	points	int	1000000	t_area	3	26.503	25.865	1000000:0.000000e0
H1	area	points	int	1000000	u_area	3	68.847	68.352	1000000:0.000000e0
H1	area	points	int	1000000	v_area	3	48.979	48.387	1000000:0.000000e0
H1	area	points	int	1000000	u_area	4	69.139	68.585	1000000:0.000000e0
H1	area	points	int	1000000	v_area	4	49.078	48.470	1000000:0.000000e0
H1	area	points	int	1000000	t_area	4	26.274	25.782	1000000:0.000000e0
H1	area	points	int	1000000	v_area	5	48.854	48.352	1000000:0.000000e0
H1	area	points	int	1000000	t_area	5	26.323	25.769	1000000:0.000000e0
H1	area	points	int	1000000	u_area	5	70.251	69.626	1000000:0.000000e0
H1	area	points	wkb	1000000	u_area	1	44.863	44.197	1000000:0.000000e0
H1	area	points	wkb	1000000	t_area	1	34.877	34.214	1000000:0.000000e0
H1	area	points	wkb	1000000	t_area	2	35.242	34.578	1000000:0.000000e0
H1	area	points	wkb	1000000	u_area	2	44.844	44.263	1000000:0.000000e0
H1	area	points	wkb	1000000	u_area	3	44.860	44.201	1000000:0.000000e0
H1	area	points	wkb	1000000	t_area	3	34.935	34.298	1000000:0.000000e0
H1	area	points	wkb	1000000	t_area	4	35.054	34.476	1000000:0.000000e0
H1	area	points	wkb	1000000	u_area	4	44.995	44.349	1000000:0.000000e0
H1	area	points	wkb	1000000	u_area	5	44.757	44.187	1000000:0.000000e0
H1	area	points	wkb	1000000	t_area	5	34.945	34.402	1000000:0.000000e0
H1	area	poly10	sep	100000	u_area	1	29.738	29.330	100000:2.078528e5
H1	area	poly10	sep	100000	v_area	1	15.772	15.400	100000:2.078528e5
H1	area	poly10	sep	100000	t_area	1	18.373	18.104	100000:2.078528e5
H1	area	poly10	sep	100000	v_area	2	15.691	15.421	100000:2.078528e5
H1	area	poly10	sep	100000	t_area	2	18.458	18.185	100000:2.078528e5
H1	area	poly10	sep	100000	u_area	2	29.431	29.129	100000:2.078528e5
H1	area	poly10	sep	100000	t_area	3	18.425	18.115	100000:2.078528e5
H1	area	poly10	sep	100000	u_area	3	29.715	29.275	100000:2.078528e5
H1	area	poly10	sep	100000	v_area	3	15.786	15.447	100000:2.078528e5
H1	area	poly10	sep	100000	u_area	4	29.581	29.261	100000:2.078528e5
H1	area	poly10	sep	100000	v_area	4	15.790	15.485	100000:2.078528e5
H1	area	poly10	sep	100000	t_area	4	18.412	18.119	100000:2.078528e5
H1	area	poly10	sep	100000	v_area	5	15.646	15.371	100000:2.078528e5
H1	area	poly10	sep	100000	t_area	5	19.683	19.372	100000:2.078528e5
H1	area	poly10	sep	100000	u_area	5	30.377	29.840	100000:2.078528e5
H1	area	poly10	int	100000	u_area	1	31.626	31.159	100000:2.078528e5
H1	area	poly10	int	100000	v_area	1	15.899	15.434	100000:2.078528e5
H1	area	poly10	int	100000	t_area	1	20.007	19.673	100000:2.078528e5
H1	area	poly10	int	100000	v_area	2	15.969	15.599	100000:2.078528e5
H1	area	poly10	int	100000	t_area	2	19.894	19.597	100000:2.078528e5
H1	area	poly10	int	100000	u_area	2	31.342	31.026	100000:2.078528e5
H1	area	poly10	int	100000	t_area	3	20.051	19.618	100000:2.078528e5
H1	area	poly10	int	100000	u_area	3	32.230	31.913	100000:2.078528e5
H1	area	poly10	int	100000	v_area	3	15.966	15.441	100000:2.078528e5
H1	area	poly10	int	100000	u_area	4	31.329	31.014	100000:2.078528e5
H1	area	poly10	int	100000	v_area	4	15.729	15.434	100000:2.078528e5
H1	area	poly10	int	100000	t_area	4	19.792	19.515	100000:2.078528e5
H1	area	poly10	int	100000	v_area	5	15.698	15.402	100000:2.078528e5
H1	area	poly10	int	100000	t_area	5	19.860	19.525	100000:2.078528e5
H1	area	poly10	int	100000	u_area	5	32.068	31.752	100000:2.078528e5
H1	area	poly10	wkb	100000	u_area	1	13.702	13.323	100000:2.078528e5
H1	area	poly10	wkb	100000	t_area	1	13.055	12.618	100000:2.078528e5
H1	area	poly10	wkb	100000	t_area	2	13.075	12.662	100000:2.078528e5
H1	area	poly10	wkb	100000	u_area	2	13.665	13.305	100000:2.078528e5
H1	area	poly10	wkb	100000	u_area	3	13.617	13.333	100000:2.078528e5
H1	area	poly10	wkb	100000	t_area	3	12.876	12.616	100000:2.078528e5
H1	area	poly10	wkb	100000	t_area	4	12.855	12.607	100000:2.078528e5
H1	area	poly10	wkb	100000	u_area	4	13.505	13.267	100000:2.078528e5
H1	area	poly10	wkb	100000	u_area	5	13.551	13.316	100000:2.078528e5
H1	area	poly10	wkb	100000	t_area	5	12.791	12.543	100000:2.078528e5
H1	area	poly100	sep	100000	u_area	1	179.287	178.632	100000:2.267650e5
H1	area	poly100	sep	100000	v_area	1	84.729	84.073	100000:2.267650e5
H1	area	poly100	sep	100000	t_area	1	125.041	124.418	100000:2.267650e5
H1	area	poly100	sep	100000	v_area	2	84.053	83.420	100000:2.267650e5
H1	area	poly100	sep	100000	t_area	2	125.239	124.560	100000:2.267650e5
H1	area	poly100	sep	100000	u_area	2	179.285	178.664	100000:2.267650e5
H1	area	poly100	sep	100000	t_area	3	125.934	125.300	100000:2.267650e5
H1	area	poly100	sep	100000	u_area	3	179.311	178.589	100000:2.267650e5
H1	area	poly100	sep	100000	v_area	3	85.970	85.311	100000:2.267650e5
H1	area	poly100	sep	100000	u_area	4	179.404	178.745	100000:2.267650e5
H1	area	poly100	sep	100000	v_area	4	84.631	83.963	100000:2.267650e5
H1	area	poly100	sep	100000	t_area	4	125.075	124.457	100000:2.267650e5
H1	area	poly100	sep	100000	v_area	5	84.301	83.690	100000:2.267650e5
H1	area	poly100	sep	100000	t_area	5	124.332	123.713	100000:2.267650e5
H1	area	poly100	sep	100000	u_area	5	178.767	178.130	100000:2.267650e5
H1	area	poly100	int	100000	u_area	1	192.033	191.382	100000:2.267650e5
H1	area	poly100	int	100000	v_area	1	83.383	82.739	100000:2.267650e5
H1	area	poly100	int	100000	t_area	1	137.576	136.947	100000:2.267650e5
H1	area	poly100	int	100000	v_area	2	83.289	82.659	100000:2.267650e5
H1	area	poly100	int	100000	t_area	2	137.318	136.578	100000:2.267650e5
H1	area	poly100	int	100000	u_area	2	192.168	191.500	100000:2.267650e5
H1	area	poly100	int	100000	t_area	3	137.953	137.304	100000:2.267650e5
H1	area	poly100	int	100000	u_area	3	191.837	191.195	100000:2.267650e5
H1	area	poly100	int	100000	v_area	3	83.327	82.674	100000:2.267650e5
H1	area	poly100	int	100000	u_area	4	191.717	191.056	100000:2.267650e5
H1	area	poly100	int	100000	v_area	4	83.192	82.529	100000:2.267650e5
H1	area	poly100	int	100000	t_area	4	136.843	136.218	100000:2.267650e5
H1	area	poly100	int	100000	v_area	5	83.345	82.708	100000:2.267650e5
H1	area	poly100	int	100000	t_area	5	137.215	136.581	100000:2.267650e5
H1	area	poly100	int	100000	u_area	5	191.502	190.873	100000:2.267650e5
H1	area	poly100	wkb	100000	u_area	1	66.933	66.330	100000:2.267650e5
H1	area	poly100	wkb	100000	t_area	1	66.169	65.558	100000:2.267650e5
H1	area	poly100	wkb	100000	t_area	2	65.939	65.342	100000:2.267650e5
H1	area	poly100	wkb	100000	u_area	2	67.403	66.802	100000:2.267650e5
H1	area	poly100	wkb	100000	u_area	3	67.501	66.894	100000:2.267650e5
H1	area	poly100	wkb	100000	t_area	3	66.241	65.644	100000:2.267650e5
H1	area	poly100	wkb	100000	t_area	4	66.061	65.462	100000:2.267650e5
H1	area	poly100	wkb	100000	u_area	4	67.083	66.482	100000:2.267650e5
H1	area	poly100	wkb	100000	u_area	5	67.277	66.661	100000:2.267650e5
H1	area	poly100	wkb	100000	t_area	5	65.978	65.357	100000:2.267650e5
H1	area	poly1000	sep	10000	u_area	1	171.365	170.794	10000:2.269578e4
H1	area	poly1000	sep	10000	v_area	1	80.212	79.654	10000:2.269578e4
H1	area	poly1000	sep	10000	t_area	1	117.355	116.792	10000:2.269578e4
H1	area	poly1000	sep	10000	v_area	2	80.339	79.783	10000:2.269578e4
H1	area	poly1000	sep	10000	t_area	2	117.142	116.589	10000:2.269578e4
H1	area	poly1000	sep	10000	u_area	2	173.068	172.500	10000:2.269578e4
H1	area	poly1000	sep	10000	t_area	3	117.701	117.127	10000:2.269578e4
H1	area	poly1000	sep	10000	u_area	3	170.995	170.433	10000:2.269578e4
H1	area	poly1000	sep	10000	v_area	3	80.366	79.791	10000:2.269578e4
H1	area	poly1000	sep	10000	u_area	4	170.730	170.155	10000:2.269578e4
H1	area	poly1000	sep	10000	v_area	4	80.076	79.506	10000:2.269578e4
H1	area	poly1000	sep	10000	t_area	4	116.871	116.306	10000:2.269578e4
H1	area	poly1000	sep	10000	v_area	5	79.943	79.384	10000:2.269578e4
H1	area	poly1000	sep	10000	t_area	5	117.342	116.792	10000:2.269578e4
H1	area	poly1000	sep	10000	u_area	5	171.112	170.560	10000:2.269578e4
H1	area	poly1000	int	10000	u_area	1	185.193	184.625	10000:2.269578e4
H1	area	poly1000	int	10000	v_area	1	80.896	80.337	10000:2.269578e4
H1	area	poly1000	int	10000	t_area	1	137.740	137.180	10000:2.269578e4
H1	area	poly1000	int	10000	v_area	2	79.818	79.235	10000:2.269578e4
H1	area	poly1000	int	10000	t_area	2	131.601	131.048	10000:2.269578e4
H1	area	poly1000	int	10000	u_area	2	185.654	185.086	10000:2.269578e4
H1	area	poly1000	int	10000	t_area	3	130.392	129.827	10000:2.269578e4
H1	area	poly1000	int	10000	u_area	3	185.511	184.942	10000:2.269578e4
H1	area	poly1000	int	10000	v_area	3	79.331	78.763	10000:2.269578e4
H1	area	poly1000	int	10000	u_area	4	185.711	185.149	10000:2.269578e4
H1	area	poly1000	int	10000	v_area	4	79.450	78.869	10000:2.269578e4
H1	area	poly1000	int	10000	t_area	4	130.697	130.121	10000:2.269578e4
H1	area	poly1000	int	10000	v_area	5	79.221	78.663	10000:2.269578e4
H1	area	poly1000	int	10000	t_area	5	130.298	129.745	10000:2.269578e4
H1	area	poly1000	int	10000	u_area	5	185.656	185.108	10000:2.269578e4
H1	area	poly1000	wkb	10000	u_area	1	59.551	59.006	10000:2.269578e4
H1	area	poly1000	wkb	10000	t_area	1	59.907	59.365	10000:2.269578e4
H1	area	poly1000	wkb	10000	t_area	2	58.486	57.957	10000:2.269578e4
H1	area	poly1000	wkb	10000	u_area	2	59.290	58.749	10000:2.269578e4
H1	area	poly1000	wkb	10000	u_area	3	59.708	59.171	10000:2.269578e4
H1	area	poly1000	wkb	10000	t_area	3	58.758	58.217	10000:2.269578e4
H1	area	poly1000	wkb	10000	t_area	4	58.901	58.356	10000:2.269578e4
H1	area	poly1000	wkb	10000	u_area	4	58.818	58.284	10000:2.269578e4
H1	area	poly1000	wkb	10000	u_area	5	59.928	59.336	10000:2.269578e4
H1	area	poly1000	wkb	10000	t_area	5	58.568	58.027	10000:2.269578e4
H1	centroid	points	sep	1000000	u_centroid	1	70.332	69.673	1000000:0.000000e0
H1	centroid	points	sep	1000000	v_centroid	1	54.650	53.911	1000000:0.000000e0
H1	centroid	points	sep	1000000	t_centroid	1	33.842	33.227	1000000:0.000000e0
H1	centroid	points	sep	1000000	v_centroid	2	52.775	52.274	1000000:0.000000e0
H1	centroid	points	sep	1000000	t_centroid	2	32.884	32.342	1000000:0.000000e0
H1	centroid	points	sep	1000000	u_centroid	2	68.503	67.879	1000000:0.000000e0
H1	centroid	points	sep	1000000	t_centroid	3	32.961	32.249	1000000:0.000000e0
H1	centroid	points	sep	1000000	u_centroid	3	67.902	67.380	1000000:0.000000e0
H1	centroid	points	sep	1000000	v_centroid	3	53.329	52.587	1000000:0.000000e0
H1	centroid	points	sep	1000000	u_centroid	4	68.089	67.363	1000000:0.000000e0
H1	centroid	points	sep	1000000	v_centroid	4	53.296	52.555	1000000:0.000000e0
H1	centroid	points	sep	1000000	t_centroid	4	32.970	32.274	1000000:0.000000e0
H1	centroid	points	sep	1000000	v_centroid	5	52.655	52.156	1000000:0.000000e0
H1	centroid	points	sep	1000000	t_centroid	5	32.633	32.193	1000000:0.000000e0
H1	centroid	points	sep	1000000	u_centroid	5	67.765	67.307	1000000:0.000000e0
H1	centroid	points	int	1000000	u_centroid	1	70.489	69.945	1000000:0.000000e0
H1	centroid	points	int	1000000	v_centroid	1	54.053	53.317	1000000:0.000000e0
H1	centroid	points	int	1000000	t_centroid	1	33.516	32.864	1000000:0.000000e0
H1	centroid	points	int	1000000	v_centroid	2	53.379	52.872	1000000:0.000000e0
H1	centroid	points	int	1000000	t_centroid	2	33.421	32.830	1000000:0.000000e0
H1	centroid	points	int	1000000	u_centroid	2	70.750	70.170	1000000:0.000000e0
H1	centroid	points	int	1000000	t_centroid	3	33.781	33.071	1000000:0.000000e0
H1	centroid	points	int	1000000	u_centroid	3	70.764	70.101	1000000:0.000000e0
H1	centroid	points	int	1000000	v_centroid	3	53.625	52.926	1000000:0.000000e0
H1	centroid	points	int	1000000	u_centroid	4	70.637	69.978	1000000:0.000000e0
H1	centroid	points	int	1000000	v_centroid	4	53.513	52.865	1000000:0.000000e0
H1	centroid	points	int	1000000	t_centroid	4	33.412	32.887	1000000:0.000000e0
H1	centroid	points	int	1000000	v_centroid	5	53.260	52.798	1000000:0.000000e0
H1	centroid	points	int	1000000	t_centroid	5	33.485	32.975	1000000:0.000000e0
H1	centroid	points	int	1000000	u_centroid	5	70.517	69.903	1000000:0.000000e0
H1	centroid	points	wkb	1000000	u_centroid	1	48.982	48.507	1000000:0.000000e0
H1	centroid	points	wkb	1000000	t_centroid	1	39.004	38.514	1000000:0.000000e0
H1	centroid	points	wkb	1000000	t_centroid	2	39.144	38.577	1000000:0.000000e0
H1	centroid	points	wkb	1000000	u_centroid	2	49.298	48.659	1000000:0.000000e0
H1	centroid	points	wkb	1000000	u_centroid	3	49.288	48.610	1000000:0.000000e0
H1	centroid	points	wkb	1000000	t_centroid	3	39.097	38.522	1000000:0.000000e0
H1	centroid	points	wkb	1000000	t_centroid	4	39.180	38.599	1000000:0.000000e0
H1	centroid	points	wkb	1000000	u_centroid	4	49.372	48.658	1000000:0.000000e0
H1	centroid	points	wkb	1000000	u_centroid	5	49.496	48.807	1000000:0.000000e0
H1	centroid	points	wkb	1000000	t_centroid	5	39.516	38.787	1000000:0.000000e0
H1	centroid	poly10	sep	100000	u_centroid	1	32.925	32.421	100000:0.000000e0
H1	centroid	poly10	sep	100000	v_centroid	1	19.090	18.601	100000:0.000000e0
H1	centroid	poly10	sep	100000	t_centroid	1	21.196	20.900	100000:0.000000e0
H1	centroid	poly10	sep	100000	v_centroid	2	18.895	18.590	100000:0.000000e0
H1	centroid	poly10	sep	100000	t_centroid	2	21.223	20.936	100000:0.000000e0
H1	centroid	poly10	sep	100000	u_centroid	2	32.954	32.517	100000:0.000000e0
H1	centroid	poly10	sep	100000	t_centroid	3	21.275	20.900	100000:0.000000e0
H1	centroid	poly10	sep	100000	u_centroid	3	32.520	32.243	100000:0.000000e0
H1	centroid	poly10	sep	100000	v_centroid	3	18.915	18.598	100000:0.000000e0
H1	centroid	poly10	sep	100000	u_centroid	4	32.600	32.327	100000:0.000000e0
H1	centroid	poly10	sep	100000	v_centroid	4	19.004	18.625	100000:0.000000e0
H1	centroid	poly10	sep	100000	t_centroid	4	21.873	21.568	100000:0.000000e0
H1	centroid	poly10	sep	100000	v_centroid	5	18.827	18.541	100000:0.000000e0
H1	centroid	poly10	sep	100000	t_centroid	5	21.860	21.595	100000:0.000000e0
H1	centroid	poly10	sep	100000	u_centroid	5	32.519	32.250	100000:0.000000e0
H1	centroid	poly10	int	100000	u_centroid	1	34.002	33.727	100000:0.000000e0
H1	centroid	poly10	int	100000	v_centroid	1	18.770	18.430	100000:0.000000e0
H1	centroid	poly10	int	100000	t_centroid	1	22.797	22.485	100000:0.000000e0
H1	centroid	poly10	int	100000	v_centroid	2	18.912	18.457	100000:0.000000e0
H1	centroid	poly10	int	100000	t_centroid	2	22.862	22.509	100000:0.000000e0
H1	centroid	poly10	int	100000	u_centroid	2	34.355	34.008	100000:0.000000e0
H1	centroid	poly10	int	100000	t_centroid	3	23.062	22.475	100000:0.000000e0
H1	centroid	poly10	int	100000	u_centroid	3	34.184	33.838	100000:0.000000e0
H1	centroid	poly10	int	100000	v_centroid	3	18.844	18.441	100000:0.000000e0
H1	centroid	poly10	int	100000	u_centroid	4	34.298	33.912	100000:0.000000e0
H1	centroid	poly10	int	100000	v_centroid	4	18.896	18.411	100000:0.000000e0
H1	centroid	poly10	int	100000	t_centroid	4	22.853	22.475	100000:0.000000e0
H1	centroid	poly10	int	100000	v_centroid	5	18.817	18.417	100000:0.000000e0
H1	centroid	poly10	int	100000	t_centroid	5	22.733	22.423	100000:0.000000e0
H1	centroid	poly10	int	100000	u_centroid	5	34.329	33.934	100000:0.000000e0
H1	centroid	poly10	wkb	100000	u_centroid	1	16.773	16.391	100000:0.000000e0
H1	centroid	poly10	wkb	100000	t_centroid	1	16.545	16.141	100000:0.000000e0
H1	centroid	poly10	wkb	100000	t_centroid	2	16.503	16.238	100000:0.000000e0
H1	centroid	poly10	wkb	100000	u_centroid	2	16.807	16.404	100000:0.000000e0
H1	centroid	poly10	wkb	100000	u_centroid	3	16.743	16.432	100000:0.000000e0
H1	centroid	poly10	wkb	100000	t_centroid	3	16.540	16.261	100000:0.000000e0
H1	centroid	poly10	wkb	100000	t_centroid	4	16.438	16.171	100000:0.000000e0
H1	centroid	poly10	wkb	100000	u_centroid	4	16.639	16.367	100000:0.000000e0
H1	centroid	poly10	wkb	100000	u_centroid	5	16.598	16.269	100000:0.000000e0
H1	centroid	poly10	wkb	100000	t_centroid	5	17.172	16.908	100000:0.000000e0
H1	centroid	poly100	sep	100000	u_centroid	1	192.754	192.069	100000:0.000000e0
H1	centroid	poly100	sep	100000	v_centroid	1	97.082	96.397	100000:0.000000e0
H1	centroid	poly100	sep	100000	t_centroid	1	137.080	136.443	100000:0.000000e0
H1	centroid	poly100	sep	100000	v_centroid	2	98.941	98.314	100000:0.000000e0
H1	centroid	poly100	sep	100000	t_centroid	2	137.057	136.408	100000:0.000000e0
H1	centroid	poly100	sep	100000	u_centroid	2	191.765	191.116	100000:0.000000e0
H1	centroid	poly100	sep	100000	t_centroid	3	136.436	135.755	100000:0.000000e0
H1	centroid	poly100	sep	100000	u_centroid	3	197.379	196.694	100000:0.000000e0
H1	centroid	poly100	sep	100000	v_centroid	3	97.357	96.649	100000:0.000000e0
H1	centroid	poly100	sep	100000	u_centroid	4	192.201	191.526	100000:0.000000e0
H1	centroid	poly100	sep	100000	v_centroid	4	96.583	95.909	100000:0.000000e0
H1	centroid	poly100	sep	100000	t_centroid	4	136.180	135.562	100000:0.000000e0
H1	centroid	poly100	sep	100000	v_centroid	5	96.579	95.924	100000:0.000000e0
H1	centroid	poly100	sep	100000	t_centroid	5	137.081	136.429	100000:0.000000e0
H1	centroid	poly100	sep	100000	u_centroid	5	192.521	191.882	100000:0.000000e0
H1	centroid	poly100	int	100000	u_centroid	1	205.836	205.166	100000:0.000000e0
H1	centroid	poly100	int	100000	v_centroid	1	96.079	95.394	100000:0.000000e0
H1	centroid	poly100	int	100000	t_centroid	1	151.327	150.646	100000:0.000000e0
H1	centroid	poly100	int	100000	v_centroid	2	96.118	95.438	100000:0.000000e0
H1	centroid	poly100	int	100000	t_centroid	2	150.314	149.640	100000:0.000000e0
H1	centroid	poly100	int	100000	u_centroid	2	205.767	205.099	100000:0.000000e0
H1	centroid	poly100	int	100000	t_centroid	3	149.989	149.318	100000:0.000000e0
H1	centroid	poly100	int	100000	u_centroid	3	205.669	205.000	100000:0.000000e0
H1	centroid	poly100	int	100000	v_centroid	3	95.645	94.974	100000:0.000000e0
H1	centroid	poly100	int	100000	u_centroid	4	205.742	205.054	100000:0.000000e0
H1	centroid	poly100	int	100000	v_centroid	4	95.793	95.116	100000:0.000000e0
H1	centroid	poly100	int	100000	t_centroid	4	150.640	149.966	100000:0.000000e0
H1	centroid	poly100	int	100000	v_centroid	5	95.892	95.232	100000:0.000000e0
H1	centroid	poly100	int	100000	t_centroid	5	150.278	149.638	100000:0.000000e0
H1	centroid	poly100	int	100000	u_centroid	5	205.814	205.157	100000:0.000000e0
H1	centroid	poly100	wkb	100000	u_centroid	1	79.814	79.193	100000:0.000000e0
H1	centroid	poly100	wkb	100000	t_centroid	1	81.245	80.595	100000:0.000000e0
H1	centroid	poly100	wkb	100000	t_centroid	2	78.932	78.333	100000:0.000000e0
H1	centroid	poly100	wkb	100000	u_centroid	2	79.394	78.779	100000:0.000000e0
H1	centroid	poly100	wkb	100000	u_centroid	3	80.211	79.598	100000:0.000000e0
H1	centroid	poly100	wkb	100000	t_centroid	3	80.119	79.489	100000:0.000000e0
H1	centroid	poly100	wkb	100000	t_centroid	4	78.785	78.163	100000:0.000000e0
H1	centroid	poly100	wkb	100000	u_centroid	4	82.508	81.891	100000:0.000000e0
H1	centroid	poly100	wkb	100000	u_centroid	5	80.781	80.133	100000:0.000000e0
H1	centroid	poly100	wkb	100000	t_centroid	5	78.876	78.282	100000:0.000000e0
H1	centroid	poly1000	sep	10000	u_centroid	1	181.797	181.201	10000:0.000000e0
H1	centroid	poly1000	sep	10000	v_centroid	1	90.672	90.094	10000:0.000000e0
H1	centroid	poly1000	sep	10000	t_centroid	1	129.805	129.221	10000:0.000000e0
H1	centroid	poly1000	sep	10000	v_centroid	2	93.706	93.119	10000:0.000000e0
H1	centroid	poly1000	sep	10000	t_centroid	2	129.772	129.196	10000:0.000000e0
H1	centroid	poly1000	sep	10000	u_centroid	2	183.271	182.691	10000:0.000000e0
H1	centroid	poly1000	sep	10000	t_centroid	3	127.767	127.169	10000:0.000000e0
H1	centroid	poly1000	sep	10000	u_centroid	3	184.200	183.553	10000:0.000000e0
H1	centroid	poly1000	sep	10000	v_centroid	3	92.027	91.429	10000:0.000000e0
H1	centroid	poly1000	sep	10000	u_centroid	4	181.897	181.313	10000:0.000000e0
H1	centroid	poly1000	sep	10000	v_centroid	4	90.823	90.237	10000:0.000000e0
H1	centroid	poly1000	sep	10000	t_centroid	4	127.850	127.272	10000:0.000000e0
H1	centroid	poly1000	sep	10000	v_centroid	5	90.636	90.058	10000:0.000000e0
H1	centroid	poly1000	sep	10000	t_centroid	5	127.946	127.354	10000:0.000000e0
H1	centroid	poly1000	sep	10000	u_centroid	5	181.526	180.927	10000:0.000000e0
H1	centroid	poly1000	int	10000	u_centroid	1	195.542	194.975	10000:0.000000e0
H1	centroid	poly1000	int	10000	v_centroid	1	89.744	89.168	10000:0.000000e0
H1	centroid	poly1000	int	10000	t_centroid	1	142.169	141.591	10000:0.000000e0
H1	centroid	poly1000	int	10000	v_centroid	2	89.992	89.429	10000:0.000000e0
H1	centroid	poly1000	int	10000	t_centroid	2	142.186	141.632	10000:0.000000e0
H1	centroid	poly1000	int	10000	u_centroid	2	194.992	194.390	10000:0.000000e0
H1	centroid	poly1000	int	10000	t_centroid	3	143.255	142.674	10000:0.000000e0
H1	centroid	poly1000	int	10000	u_centroid	3	194.091	193.508	10000:0.000000e0
H1	centroid	poly1000	int	10000	v_centroid	3	89.806	89.232	10000:0.000000e0
H1	centroid	poly1000	int	10000	u_centroid	4	194.273	193.704	10000:0.000000e0
H1	centroid	poly1000	int	10000	v_centroid	4	89.970	89.393	10000:0.000000e0
H1	centroid	poly1000	int	10000	t_centroid	4	141.321	140.751	10000:0.000000e0
H1	centroid	poly1000	int	10000	v_centroid	5	90.165	89.593	10000:0.000000e0
H1	centroid	poly1000	int	10000	t_centroid	5	141.786	141.219	10000:0.000000e0
H1	centroid	poly1000	int	10000	u_centroid	5	193.976	193.404	10000:0.000000e0
H1	centroid	poly1000	wkb	10000	u_centroid	1	69.335	68.798	10000:0.000000e0
H1	centroid	poly1000	wkb	10000	t_centroid	1	69.150	68.601	10000:0.000000e0
H1	centroid	poly1000	wkb	10000	t_centroid	2	69.331	68.782	10000:0.000000e0
H1	centroid	poly1000	wkb	10000	u_centroid	2	69.348	68.804	10000:0.000000e0
H1	centroid	poly1000	wkb	10000	u_centroid	3	69.670	69.110	10000:0.000000e0
H1	centroid	poly1000	wkb	10000	t_centroid	3	69.494	68.927	10000:0.000000e0
H1	centroid	poly1000	wkb	10000	t_centroid	4	69.280	68.739	10000:0.000000e0
H1	centroid	poly1000	wkb	10000	u_centroid	4	69.782	69.146	10000:0.000000e0
H1	centroid	poly1000	wkb	10000	u_centroid	5	69.546	68.988	10000:0.000000e0
H1	centroid	poly1000	wkb	10000	t_centroid	5	69.153	68.610	10000:0.000000e0
H1	intersects	points	sep	1000000	u_intersects	1	469.570	468.385	1000000:2.481810e5
H1	intersects	points	sep	1000000	v_intersects	1	457.042	455.892	1000000:2.481810e5
H1	intersects	points	sep	1000000	t_intersects	1	437.338	436.190	1000000:2.481810e5
H1	intersects	points	sep	1000000	v_intersects	2	458.002	456.804	1000000:2.481810e5
H1	intersects	points	sep	1000000	t_intersects	2	434.936	433.809	1000000:2.481810e5
H1	intersects	points	sep	1000000	u_intersects	2	473.194	472.004	1000000:2.481810e5
H1	intersects	points	sep	1000000	t_intersects	3	433.712	432.549	1000000:2.481810e5
H1	intersects	points	sep	1000000	u_intersects	3	475.321	474.129	1000000:2.481810e5
H1	intersects	points	sep	1000000	v_intersects	3	457.012	455.816	1000000:2.481810e5
H1	intersects	points	sep	1000000	u_intersects	4	473.703	472.491	1000000:2.481810e5
H1	intersects	points	sep	1000000	v_intersects	4	460.526	459.361	1000000:2.481810e5
H1	intersects	points	sep	1000000	t_intersects	4	433.461	432.307	1000000:2.481810e5
H1	intersects	points	sep	1000000	v_intersects	5	462.343	461.121	1000000:2.481810e5
H1	intersects	points	sep	1000000	t_intersects	5	435.003	433.874	1000000:2.481810e5
H1	intersects	points	sep	1000000	u_intersects	5	472.284	471.110	1000000:2.481810e5
H1	intersects	points	int	1000000	u_intersects	1	473.542	472.370	1000000:2.481810e5
H1	intersects	points	int	1000000	v_intersects	1	455.497	454.320	1000000:2.481810e5
H1	intersects	points	int	1000000	t_intersects	1	437.230	436.041	1000000:2.481810e5
H1	intersects	points	int	1000000	v_intersects	2	464.486	463.307	1000000:2.481810e5
H1	intersects	points	int	1000000	t_intersects	2	436.976	435.855	1000000:2.481810e5
H1	intersects	points	int	1000000	u_intersects	2	476.568	475.351	1000000:2.481810e5
H1	intersects	points	int	1000000	t_intersects	3	434.473	433.338	1000000:2.481810e5
H1	intersects	points	int	1000000	u_intersects	3	473.227	472.049	1000000:2.481810e5
H1	intersects	points	int	1000000	v_intersects	3	460.457	459.306	1000000:2.481810e5
H1	intersects	points	int	1000000	u_intersects	4	473.842	472.659	1000000:2.481810e5
H1	intersects	points	int	1000000	v_intersects	4	459.341	458.155	1000000:2.481810e5
H1	intersects	points	int	1000000	t_intersects	4	439.326	438.181	1000000:2.481810e5
H1	intersects	points	int	1000000	v_intersects	5	467.713	466.538	1000000:2.481810e5
H1	intersects	points	int	1000000	t_intersects	5	442.752	441.600	1000000:2.481810e5
H1	intersects	points	int	1000000	u_intersects	5	472.133	470.939	1000000:2.481810e5
H1	intersects	points	wkb	1000000	u_intersects	1	457.078	455.906	1000000:2.481810e5
H1	intersects	points	wkb	1000000	t_intersects	1	444.129	443.007	1000000:2.481810e5
H1	intersects	points	wkb	1000000	t_intersects	2	445.425	444.287	1000000:2.481810e5
H1	intersects	points	wkb	1000000	u_intersects	2	460.311	459.125	1000000:2.481810e5
H1	intersects	points	wkb	1000000	u_intersects	3	456.178	455.040	1000000:2.481810e5
H1	intersects	points	wkb	1000000	t_intersects	3	450.818	449.642	1000000:2.481810e5
H1	intersects	points	wkb	1000000	t_intersects	4	448.053	446.900	1000000:2.481810e5
H1	intersects	points	wkb	1000000	u_intersects	4	455.467	454.339	1000000:2.481810e5
H1	intersects	points	wkb	1000000	u_intersects	5	459.820	458.642	1000000:2.481810e5
H1	intersects	points	wkb	1000000	t_intersects	5	449.380	448.231	1000000:2.481810e5
H1	intersects	poly10	sep	100000	u_intersects	1	160.259	159.291	100000:2.487300e4
H1	intersects	poly10	sep	100000	v_intersects	1	147.262	146.295	100000:2.487300e4
H1	intersects	poly10	sep	100000	t_intersects	1	149.537	148.566	100000:2.487300e4
H1	intersects	poly10	sep	100000	v_intersects	2	147.346	146.358	100000:2.487300e4
H1	intersects	poly10	sep	100000	t_intersects	2	150.184	149.217	100000:2.487300e4
H1	intersects	poly10	sep	100000	u_intersects	2	162.239	161.219	100000:2.487300e4
H1	intersects	poly10	sep	100000	t_intersects	3	151.542	150.563	100000:2.487300e4
H1	intersects	poly10	sep	100000	u_intersects	3	161.479	160.505	100000:2.487300e4
H1	intersects	poly10	sep	100000	v_intersects	3	146.737	145.750	100000:2.487300e4
H1	intersects	poly10	sep	100000	u_intersects	4	160.165	159.218	100000:2.487300e4
H1	intersects	poly10	sep	100000	v_intersects	4	146.856	145.917	100000:2.487300e4
H1	intersects	poly10	sep	100000	t_intersects	4	150.937	149.963	100000:2.487300e4
H1	intersects	poly10	sep	100000	v_intersects	5	147.710	146.700	100000:2.487300e4
H1	intersects	poly10	sep	100000	t_intersects	5	151.121	150.129	100000:2.487300e4
H1	intersects	poly10	sep	100000	u_intersects	5	164.242	163.245	100000:2.487300e4
H1	intersects	poly10	int	100000	u_intersects	1	166.728	165.733	100000:2.487300e4
H1	intersects	poly10	int	100000	v_intersects	1	146.911	145.901	100000:2.487300e4
H1	intersects	poly10	int	100000	t_intersects	1	152.597	151.634	100000:2.487300e4
H1	intersects	poly10	int	100000	v_intersects	2	147.796	146.826	100000:2.487300e4
H1	intersects	poly10	int	100000	t_intersects	2	150.655	149.700	100000:2.487300e4
H1	intersects	poly10	int	100000	u_intersects	2	162.989	162.014	100000:2.487300e4
H1	intersects	poly10	int	100000	t_intersects	3	150.559	149.581	100000:2.487300e4
H1	intersects	poly10	int	100000	u_intersects	3	164.087	163.066	100000:2.487300e4
H1	intersects	poly10	int	100000	v_intersects	3	147.462	146.490	100000:2.487300e4
H1	intersects	poly10	int	100000	u_intersects	4	163.122	162.144	100000:2.487300e4
H1	intersects	poly10	int	100000	v_intersects	4	146.842	145.890	100000:2.487300e4
H1	intersects	poly10	int	100000	t_intersects	4	151.193	150.231	100000:2.487300e4
H1	intersects	poly10	int	100000	v_intersects	5	146.981	146.024	100000:2.487300e4
H1	intersects	poly10	int	100000	t_intersects	5	151.416	150.470	100000:2.487300e4
H1	intersects	poly10	int	100000	u_intersects	5	162.410	161.451	100000:2.487300e4
H1	intersects	poly10	wkb	100000	u_intersects	1	143.609	142.672	100000:2.487300e4
H1	intersects	poly10	wkb	100000	t_intersects	1	143.771	142.863	100000:2.487300e4
H1	intersects	poly10	wkb	100000	t_intersects	2	145.131	144.154	100000:2.487300e4
H1	intersects	poly10	wkb	100000	u_intersects	2	145.131	144.168	100000:2.487300e4
H1	intersects	poly10	wkb	100000	u_intersects	3	145.170	144.195	100000:2.487300e4
H1	intersects	poly10	wkb	100000	t_intersects	3	146.222	145.263	100000:2.487300e4
H1	intersects	poly10	wkb	100000	t_intersects	4	144.621	143.678	100000:2.487300e4
H1	intersects	poly10	wkb	100000	u_intersects	4	145.691	144.792	100000:2.487300e4
H1	intersects	poly10	wkb	100000	u_intersects	5	146.642	145.765	100000:2.487300e4
H1	intersects	poly10	wkb	100000	t_intersects	5	144.910	143.937	100000:2.487300e4
H1	intersects	poly100	sep	20000	u_intersects	1	221.700	220.752	20000:5.085000e3
H1	intersects	poly100	sep	20000	v_intersects	1	201.248	200.279	20000:5.085000e3
H1	intersects	poly100	sep	20000	t_intersects	1	210.164	209.219	20000:5.085000e3
H1	intersects	poly100	sep	20000	v_intersects	2	201.055	200.090	20000:5.085000e3
H1	intersects	poly100	sep	20000	t_intersects	2	210.197	209.233	20000:5.085000e3
H1	intersects	poly100	sep	20000	u_intersects	2	220.784	219.829	20000:5.085000e3
H1	intersects	poly100	sep	20000	t_intersects	3	210.230	209.272	20000:5.085000e3
H1	intersects	poly100	sep	20000	u_intersects	3	221.900	220.910	20000:5.085000e3
H1	intersects	poly100	sep	20000	v_intersects	3	202.550	201.581	20000:5.085000e3
H1	intersects	poly100	sep	20000	u_intersects	4	221.743	220.778	20000:5.085000e3
H1	intersects	poly100	sep	20000	v_intersects	4	202.092	201.068	20000:5.085000e3
H1	intersects	poly100	sep	20000	t_intersects	4	210.506	209.538	20000:5.085000e3
H1	intersects	poly100	sep	20000	v_intersects	5	202.043	201.086	20000:5.085000e3
H1	intersects	poly100	sep	20000	t_intersects	5	211.162	210.207	20000:5.085000e3
H1	intersects	poly100	sep	20000	u_intersects	5	221.585	220.604	20000:5.085000e3
H1	intersects	poly100	int	20000	u_intersects	1	225.559	224.603	20000:5.085000e3
H1	intersects	poly100	int	20000	v_intersects	1	203.419	202.441	20000:5.085000e3
H1	intersects	poly100	int	20000	t_intersects	1	214.489	213.517	20000:5.085000e3
H1	intersects	poly100	int	20000	v_intersects	2	203.411	202.384	20000:5.085000e3
H1	intersects	poly100	int	20000	t_intersects	2	216.051	215.096	20000:5.085000e3
H1	intersects	poly100	int	20000	u_intersects	2	225.109	224.156	20000:5.085000e3
H1	intersects	poly100	int	20000	t_intersects	3	215.766	214.797	20000:5.085000e3
H1	intersects	poly100	int	20000	u_intersects	3	224.016	223.039	20000:5.085000e3
H1	intersects	poly100	int	20000	v_intersects	3	203.953	202.945	20000:5.085000e3
H1	intersects	poly100	int	20000	u_intersects	4	226.449	225.472	20000:5.085000e3
H1	intersects	poly100	int	20000	v_intersects	4	203.723	202.782	20000:5.085000e3
H1	intersects	poly100	int	20000	t_intersects	4	216.564	215.608	20000:5.085000e3
H1	intersects	poly100	int	20000	v_intersects	5	203.568	202.589	20000:5.085000e3
H1	intersects	poly100	int	20000	t_intersects	5	216.336	215.327	20000:5.085000e3
H1	intersects	poly100	int	20000	u_intersects	5	224.690	223.732	20000:5.085000e3
H1	intersects	poly100	wkb	20000	u_intersects	1	201.216	200.280	20000:5.085000e3
H1	intersects	poly100	wkb	20000	t_intersects	1	199.091	198.100	20000:5.085000e3
H1	intersects	poly100	wkb	20000	t_intersects	2	199.995	199.037	20000:5.085000e3
H1	intersects	poly100	wkb	20000	u_intersects	2	199.674	198.702	20000:5.085000e3
H1	intersects	poly100	wkb	20000	u_intersects	3	199.801	198.860	20000:5.085000e3
H1	intersects	poly100	wkb	20000	t_intersects	3	201.340	200.385	20000:5.085000e3
H1	intersects	poly100	wkb	20000	t_intersects	4	199.288	198.354	20000:5.085000e3
H1	intersects	poly100	wkb	20000	u_intersects	4	199.514	198.567	20000:5.085000e3
H1	intersects	poly100	wkb	20000	u_intersects	5	200.480	199.528	20000:5.085000e3
H1	intersects	poly100	wkb	20000	t_intersects	5	199.911	198.985	20000:5.085000e3
H1	intersects	poly1000	sep	2000	u_intersects	1	438.301	437.376	2000:5.010000e2
H1	intersects	poly1000	sep	2000	v_intersects	1	420.592	419.645	2000:5.010000e2
H1	intersects	poly1000	sep	2000	t_intersects	1	428.879	427.934	2000:5.010000e2
H1	intersects	poly1000	sep	2000	v_intersects	2	419.885	418.963	2000:5.010000e2
H1	intersects	poly1000	sep	2000	t_intersects	2	428.302	427.361	2000:5.010000e2
H1	intersects	poly1000	sep	2000	u_intersects	2	439.074	438.150	2000:5.010000e2
H1	intersects	poly1000	sep	2000	t_intersects	3	428.813	427.891	2000:5.010000e2
H1	intersects	poly1000	sep	2000	u_intersects	3	436.981	436.063	2000:5.010000e2
H1	intersects	poly1000	sep	2000	v_intersects	3	420.201	419.277	2000:5.010000e2
H1	intersects	poly1000	sep	2000	u_intersects	4	437.107	436.174	2000:5.010000e2
H1	intersects	poly1000	sep	2000	v_intersects	4	419.917	419.010	2000:5.010000e2
H1	intersects	poly1000	sep	2000	t_intersects	4	428.338	427.421	2000:5.010000e2
H1	intersects	poly1000	sep	2000	v_intersects	5	419.377	418.453	2000:5.010000e2
H1	intersects	poly1000	sep	2000	t_intersects	5	430.106	429.152	2000:5.010000e2
H1	intersects	poly1000	sep	2000	u_intersects	5	437.800	436.853	2000:5.010000e2
H1	intersects	poly1000	int	2000	u_intersects	1	443.408	442.459	2000:5.010000e2
H1	intersects	poly1000	int	2000	v_intersects	1	419.923	418.965	2000:5.010000e2
H1	intersects	poly1000	int	2000	t_intersects	1	433.034	432.115	2000:5.010000e2
H1	intersects	poly1000	int	2000	v_intersects	2	419.485	418.545	2000:5.010000e2
H1	intersects	poly1000	int	2000	t_intersects	2	433.285	432.337	2000:5.010000e2
H1	intersects	poly1000	int	2000	u_intersects	2	442.858	441.913	2000:5.010000e2
H1	intersects	poly1000	int	2000	t_intersects	3	433.269	432.329	2000:5.010000e2
H1	intersects	poly1000	int	2000	u_intersects	3	443.373	442.440	2000:5.010000e2
H1	intersects	poly1000	int	2000	v_intersects	3	421.428	420.503	2000:5.010000e2
H1	intersects	poly1000	int	2000	u_intersects	4	441.094	440.161	2000:5.010000e2
H1	intersects	poly1000	int	2000	v_intersects	4	421.189	420.258	2000:5.010000e2
H1	intersects	poly1000	int	2000	t_intersects	4	432.645	431.635	2000:5.010000e2
H1	intersects	poly1000	int	2000	v_intersects	5	420.992	420.074	2000:5.010000e2
H1	intersects	poly1000	int	2000	t_intersects	5	431.706	430.743	2000:5.010000e2
H1	intersects	poly1000	int	2000	u_intersects	5	444.046	443.101	2000:5.010000e2
H1	intersects	poly1000	wkb	2000	u_intersects	1	415.928	414.990	2000:5.010000e2
H1	intersects	poly1000	wkb	2000	t_intersects	1	416.387	415.465	2000:5.010000e2
H1	intersects	poly1000	wkb	2000	t_intersects	2	416.358	415.430	2000:5.010000e2
H1	intersects	poly1000	wkb	2000	u_intersects	2	416.379	415.432	2000:5.010000e2
H1	intersects	poly1000	wkb	2000	u_intersects	3	416.806	415.907	2000:5.010000e2
H1	intersects	poly1000	wkb	2000	t_intersects	3	418.423	417.496	2000:5.010000e2
H1	intersects	poly1000	wkb	2000	t_intersects	4	416.420	415.493	2000:5.010000e2
H1	intersects	poly1000	wkb	2000	u_intersects	4	420.421	419.520	2000:5.010000e2
H1	intersects	poly1000	wkb	2000	u_intersects	5	417.715	416.774	2000:5.010000e2
H1	intersects	poly1000	wkb	2000	t_intersects	5	416.301	415.376	2000:5.010000e2
H1	buffer	points	sep	100000	u_buffer	1	461.343	459.826	100000:0.000000e0
H1	buffer	points	sep	100000	v_buffer	1	469.364	467.822	100000:0.000000e0
H1	buffer	points	sep	100000	t_buffer	1	464.186	462.668	100000:0.000000e0
H1	buffer	points	sep	100000	v_buffer	2	481.638	480.033	100000:0.000000e0
H1	buffer	points	sep	100000	t_buffer	2	460.607	459.085	100000:0.000000e0
H1	buffer	points	sep	100000	u_buffer	2	468.437	466.856	100000:0.000000e0
H1	buffer	points	sep	100000	t_buffer	3	461.624	460.037	100000:0.000000e0
H1	buffer	points	sep	100000	u_buffer	3	469.502	467.937	100000:0.000000e0
H1	buffer	points	sep	100000	v_buffer	3	466.865	465.307	100000:0.000000e0
H1	buffer	points	sep	100000	u_buffer	4	469.351	467.709	100000:0.000000e0
H1	buffer	points	sep	100000	v_buffer	4	463.142	461.588	100000:0.000000e0
H1	buffer	points	sep	100000	t_buffer	4	463.306	461.793	100000:0.000000e0
H1	buffer	points	sep	100000	v_buffer	5	463.451	461.876	100000:0.000000e0
H1	buffer	points	sep	100000	t_buffer	5	462.810	461.292	100000:0.000000e0
H1	buffer	points	sep	100000	u_buffer	5	465.691	464.134	100000:0.000000e0
H1	buffer	points	int	100000	u_buffer	1	469.569	467.951	100000:0.000000e0
H1	buffer	points	int	100000	v_buffer	1	463.062	461.496	100000:0.000000e0
H1	buffer	points	int	100000	t_buffer	1	463.132	461.571	100000:0.000000e0
H1	buffer	points	int	100000	v_buffer	2	466.507	464.866	100000:0.000000e0
H1	buffer	points	int	100000	t_buffer	2	464.761	463.211	100000:0.000000e0
H1	buffer	points	int	100000	u_buffer	2	484.395	482.772	100000:0.000000e0
H1	buffer	points	int	100000	t_buffer	3	466.790	465.262	100000:0.000000e0
H1	buffer	points	int	100000	u_buffer	3	474.641	473.061	100000:0.000000e0
H1	buffer	points	int	100000	v_buffer	3	477.163	475.589	100000:0.000000e0
H1	buffer	points	int	100000	u_buffer	4	474.299	472.714	100000:0.000000e0
H1	buffer	points	int	100000	v_buffer	4	478.251	476.572	100000:0.000000e0
H1	buffer	points	int	100000	t_buffer	4	469.956	468.376	100000:0.000000e0
H1	buffer	points	int	100000	v_buffer	5	475.275	473.702	100000:0.000000e0
H1	buffer	points	int	100000	t_buffer	5	471.223	469.630	100000:0.000000e0
H1	buffer	points	int	100000	u_buffer	5	485.283	483.710	100000:0.000000e0
H1	buffer	points	wkb	100000	u_buffer	1	457.769	456.162	100000:0.000000e0
H1	buffer	points	wkb	100000	t_buffer	1	467.121	465.618	100000:0.000000e0
H1	buffer	points	wkb	100000	t_buffer	2	492.161	488.059	100000:0.000000e0
H1	buffer	points	wkb	100000	u_buffer	2	455.719	454.148	100000:0.000000e0
H1	buffer	points	wkb	100000	u_buffer	3	473.481	471.865	100000:0.000000e0
H1	buffer	points	wkb	100000	t_buffer	3	484.815	483.247	100000:0.000000e0
H1	buffer	points	wkb	100000	t_buffer	4	480.881	479.281	100000:0.000000e0
H1	buffer	points	wkb	100000	u_buffer	4	470.372	468.776	100000:0.000000e0
H1	buffer	points	wkb	100000	u_buffer	5	466.365	464.766	100000:0.000000e0
H1	buffer	points	wkb	100000	t_buffer	5	483.504	481.988	100000:0.000000e0
H1	buffer	poly10	sep	10000	u_buffer	1	77.195	76.196	10000:0.000000e0
H1	buffer	poly10	sep	10000	v_buffer	1	75.184	74.183	10000:0.000000e0
H1	buffer	poly10	sep	10000	t_buffer	1	74.840	73.834	10000:0.000000e0
H1	buffer	poly10	sep	10000	v_buffer	2	75.573	74.568	10000:0.000000e0
H1	buffer	poly10	sep	10000	t_buffer	2	76.373	75.351	10000:0.000000e0
H1	buffer	poly10	sep	10000	u_buffer	2	80.824	79.771	10000:0.000000e0
H1	buffer	poly10	sep	10000	t_buffer	3	76.251	75.250	10000:0.000000e0
H1	buffer	poly10	sep	10000	u_buffer	3	76.572	75.527	10000:0.000000e0
H1	buffer	poly10	sep	10000	v_buffer	3	74.690	73.661	10000:0.000000e0
H1	buffer	poly10	sep	10000	u_buffer	4	76.222	75.203	10000:0.000000e0
H1	buffer	poly10	sep	10000	v_buffer	4	74.755	73.744	10000:0.000000e0
H1	buffer	poly10	sep	10000	t_buffer	4	76.143	75.147	10000:0.000000e0
H1	buffer	poly10	sep	10000	v_buffer	5	76.347	75.309	10000:0.000000e0
H1	buffer	poly10	sep	10000	t_buffer	5	75.476	74.443	10000:0.000000e0
H1	buffer	poly10	sep	10000	u_buffer	5	76.614	75.613	10000:0.000000e0
H1	buffer	poly10	int	10000	u_buffer	1	78.714	77.687	10000:0.000000e0
H1	buffer	poly10	int	10000	v_buffer	1	83.817	82.744	10000:0.000000e0
H1	buffer	poly10	int	10000	t_buffer	1	78.611	77.522	10000:0.000000e0
H1	buffer	poly10	int	10000	v_buffer	2	76.483	75.470	10000:0.000000e0
H1	buffer	poly10	int	10000	t_buffer	2	77.782	76.786	10000:0.000000e0
H1	buffer	poly10	int	10000	u_buffer	2	77.383	76.350	10000:0.000000e0
H1	buffer	poly10	int	10000	t_buffer	3	75.843	74.826	10000:0.000000e0
H1	buffer	poly10	int	10000	u_buffer	3	76.579	75.571	10000:0.000000e0
H1	buffer	poly10	int	10000	v_buffer	3	74.590	73.565	10000:0.000000e0
H1	buffer	poly10	int	10000	u_buffer	4	82.674	81.647	10000:0.000000e0
H1	buffer	poly10	int	10000	v_buffer	4	74.578	73.540	10000:0.000000e0
H1	buffer	poly10	int	10000	t_buffer	4	74.860	73.870	10000:0.000000e0
H1	buffer	poly10	int	10000	v_buffer	5	74.615	73.569	10000:0.000000e0
H1	buffer	poly10	int	10000	t_buffer	5	77.432	76.414	10000:0.000000e0
H1	buffer	poly10	int	10000	u_buffer	5	78.055	77.035	10000:0.000000e0
H1	buffer	poly10	wkb	10000	u_buffer	1	75.149	74.161	10000:0.000000e0
H1	buffer	poly10	wkb	10000	t_buffer	1	73.548	72.561	10000:0.000000e0
H1	buffer	poly10	wkb	10000	t_buffer	2	74.392	73.396	10000:0.000000e0
H1	buffer	poly10	wkb	10000	u_buffer	2	77.228	76.218	10000:0.000000e0
H1	buffer	poly10	wkb	10000	u_buffer	3	76.075	75.082	10000:0.000000e0
H1	buffer	poly10	wkb	10000	t_buffer	3	74.886	73.900	10000:0.000000e0
H1	buffer	poly10	wkb	10000	t_buffer	4	74.141	73.174	10000:0.000000e0
H1	buffer	poly10	wkb	10000	u_buffer	4	76.375	75.355	10000:0.000000e0
H1	buffer	poly10	wkb	10000	u_buffer	5	76.107	75.120	10000:0.000000e0
H1	buffer	poly10	wkb	10000	t_buffer	5	75.098	74.105	10000:0.000000e0
H1	buffer	poly100	sep	2000	u_buffer	1	456.921	455.935	2000:0.000000e0
H1	buffer	poly100	sep	2000	v_buffer	1	455.324	454.311	2000:0.000000e0
H1	buffer	poly100	sep	2000	t_buffer	1	459.445	458.408	2000:0.000000e0
H1	buffer	poly100	sep	2000	v_buffer	2	453.268	452.294	2000:0.000000e0
H1	buffer	poly100	sep	2000	t_buffer	2	462.530	461.575	2000:0.000000e0
H1	buffer	poly100	sep	2000	u_buffer	2	456.395	455.413	2000:0.000000e0
H1	buffer	poly100	sep	2000	t_buffer	3	457.284	456.320	2000:0.000000e0
H1	buffer	poly100	sep	2000	u_buffer	3	456.296	455.320	2000:0.000000e0
H1	buffer	poly100	sep	2000	v_buffer	3	453.901	452.930	2000:0.000000e0
H1	buffer	poly100	sep	2000	u_buffer	4	455.369	454.393	2000:0.000000e0
H1	buffer	poly100	sep	2000	v_buffer	4	454.443	453.462	2000:0.000000e0
H1	buffer	poly100	sep	2000	t_buffer	4	457.511	456.516	2000:0.000000e0
H1	buffer	poly100	sep	2000	v_buffer	5	453.420	452.403	2000:0.000000e0
H1	buffer	poly100	sep	2000	t_buffer	5	458.442	457.444	2000:0.000000e0
H1	buffer	poly100	sep	2000	u_buffer	5	457.114	456.111	2000:0.000000e0
H1	buffer	poly100	int	2000	u_buffer	1	455.070	454.094	2000:0.000000e0
H1	buffer	poly100	int	2000	v_buffer	1	457.274	456.284	2000:0.000000e0
H1	buffer	poly100	int	2000	t_buffer	1	458.549	457.522	2000:0.000000e0
H1	buffer	poly100	int	2000	v_buffer	2	452.746	451.751	2000:0.000000e0
H1	buffer	poly100	int	2000	t_buffer	2	461.364	460.399	2000:0.000000e0
H1	buffer	poly100	int	2000	u_buffer	2	460.011	459.036	2000:0.000000e0
H1	buffer	poly100	int	2000	t_buffer	3	463.531	462.559	2000:0.000000e0
H1	buffer	poly100	int	2000	u_buffer	3	455.358	454.366	2000:0.000000e0
H1	buffer	poly100	int	2000	v_buffer	3	452.221	451.228	2000:0.000000e0
H1	buffer	poly100	int	2000	u_buffer	4	453.417	452.452	2000:0.000000e0
H1	buffer	poly100	int	2000	v_buffer	4	455.799	454.828	2000:0.000000e0
H1	buffer	poly100	int	2000	t_buffer	4	457.285	456.260	2000:0.000000e0
H1	buffer	poly100	int	2000	v_buffer	5	457.235	456.234	2000:0.000000e0
H1	buffer	poly100	int	2000	t_buffer	5	459.519	458.553	2000:0.000000e0
H1	buffer	poly100	int	2000	u_buffer	5	459.179	458.178	2000:0.000000e0
H1	buffer	poly100	wkb	2000	u_buffer	1	455.079	454.082	2000:0.000000e0
H1	buffer	poly100	wkb	2000	t_buffer	1	457.680	456.695	2000:0.000000e0
H1	buffer	poly100	wkb	2000	t_buffer	2	458.554	457.582	2000:0.000000e0
H1	buffer	poly100	wkb	2000	u_buffer	2	459.365	458.381	2000:0.000000e0
H1	buffer	poly100	wkb	2000	u_buffer	3	455.734	453.811	2000:0.000000e0
H1	buffer	poly100	wkb	2000	t_buffer	3	459.315	458.324	2000:0.000000e0
H1	buffer	poly100	wkb	2000	t_buffer	4	459.223	458.248	2000:0.000000e0
H1	buffer	poly100	wkb	2000	u_buffer	4	457.231	456.224	2000:0.000000e0
H1	buffer	poly100	wkb	2000	u_buffer	5	451.026	450.042	2000:0.000000e0
H1	buffer	poly100	wkb	2000	t_buffer	5	456.643	455.667	2000:0.000000e0
H1	buffer	poly1000	sep	200	u_buffer	1	5316.510	5315.549	200:0.000000e0
H1	buffer	poly1000	sep	200	v_buffer	1	5310.046	5309.056	200:0.000000e0
H1	buffer	poly1000	sep	200	t_buffer	1	5309.526	5308.540	200:0.000000e0
H1	buffer	poly1000	sep	200	v_buffer	2	5309.684	5308.625	200:0.000000e0
H1	buffer	poly1000	sep	200	t_buffer	2	5276.623	5275.635	200:0.000000e0
H1	buffer	poly1000	sep	200	u_buffer	2	5310.421	5309.413	200:0.000000e0
H1	buffer	poly1000	sep	200	t_buffer	3	5308.557	5307.569	200:0.000000e0
H1	buffer	poly1000	sep	200	u_buffer	3	5324.355	5323.381	200:0.000000e0
H1	buffer	poly1000	sep	200	v_buffer	3	5330.363	5329.383	200:0.000000e0
H1	buffer	poly1000	sep	200	u_buffer	4	5310.370	5309.386	200:0.000000e0
H1	buffer	poly1000	sep	200	v_buffer	4	5288.562	5287.582	200:0.000000e0
H1	buffer	poly1000	sep	200	t_buffer	4	5277.910	5276.928	200:0.000000e0
H1	buffer	poly1000	sep	200	v_buffer	5	5293.643	5292.667	200:0.000000e0
H1	buffer	poly1000	sep	200	t_buffer	5	5309.004	5308.046	200:0.000000e0
H1	buffer	poly1000	sep	200	u_buffer	5	5295.206	5294.208	200:0.000000e0
H1	buffer	poly1000	int	200	u_buffer	1	5448.645	5447.675	200:0.000000e0
H1	buffer	poly1000	int	200	v_buffer	1	5481.410	5480.397	200:0.000000e0
H1	buffer	poly1000	int	200	t_buffer	1	5377.133	5375.865	200:0.000000e0
H1	buffer	poly1000	int	200	v_buffer	2	5557.968	5556.922	200:0.000000e0
H1	buffer	poly1000	int	200	t_buffer	2	5310.296	5309.322	200:0.000000e0
H1	buffer	poly1000	int	200	u_buffer	2	5465.524	5464.147	200:0.000000e0
H1	buffer	poly1000	int	200	t_buffer	3	5309.130	5308.126	200:0.000000e0
H1	buffer	poly1000	int	200	u_buffer	3	5397.749	5396.747	200:0.000000e0
H1	buffer	poly1000	int	200	v_buffer	3	5411.784	5410.816	200:0.000000e0
H1	buffer	poly1000	int	200	u_buffer	4	5422.906	5421.932	200:0.000000e0
H1	buffer	poly1000	int	200	v_buffer	4	5367.473	5366.505	200:0.000000e0
H1	buffer	poly1000	int	200	t_buffer	4	5341.299	5339.632	200:0.000000e0
H1	buffer	poly1000	int	200	v_buffer	5	5438.128	5437.165	200:0.000000e0
H1	buffer	poly1000	int	200	t_buffer	5	5335.560	5334.583	200:0.000000e0
H1	buffer	poly1000	int	200	u_buffer	5	5389.165	5388.192	200:0.000000e0
H1	buffer	poly1000	wkb	200	u_buffer	1	5424.438	5423.443	200:0.000000e0
H1	buffer	poly1000	wkb	200	t_buffer	1	5297.202	5296.226	200:0.000000e0
H1	buffer	poly1000	wkb	200	t_buffer	2	5394.930	5393.967	200:0.000000e0
H1	buffer	poly1000	wkb	200	u_buffer	2	5590.994	5590.023	200:0.000000e0
H1	buffer	poly1000	wkb	200	u_buffer	3	5570.006	5569.036	200:0.000000e0
H1	buffer	poly1000	wkb	200	t_buffer	3	5413.124	5412.156	200:0.000000e0
H1	buffer	poly1000	wkb	200	t_buffer	4	5423.184	5422.233	200:0.000000e0
H1	buffer	poly1000	wkb	200	u_buffer	4	5707.610	5706.630	200:0.000000e0
H1	buffer	poly1000	wkb	200	u_buffer	5	5582.437	5581.472	200:0.000000e0
H1	buffer	poly1000	wkb	200	t_buffer	5	5407.728	5406.744	200:0.000000e0
H2	p1	points	sep	1000000	h2_p1_u_w	1	111.494	108.803	1000000:5.003926e8
H2	p1	points	sep	1000000	h2_p1_t_n	1	46.742	45.958	1000000:5.003926e8
H2	p1	points	sep	1000000	h2_p1_t_w	1	57.111	56.330	1000000:5.003926e8
H2	p1	points	sep	1000000	h2_p1_v_n	1	85.838	85.079	1000000:5.003926e8
H2	p1	points	sep	1000000	h2_p1_v_w	1	90.960	89.186	1000000:5.003926e8
H2	p1	points	sep	1000000	h2_p1_u_n	1	114.822	114.008	1000000:5.003926e8
H2	p1	points	sep	1000000	h2_p1_t_n	2	46.536	45.788	1000000:5.003926e8
H2	p1	points	sep	1000000	h2_p1_t_w	2	57.089	56.341	1000000:5.003926e8
H2	p1	points	sep	1000000	h2_p1_v_n	2	85.715	84.941	1000000:5.003926e8
H2	p1	points	sep	1000000	h2_p1_v_w	2	92.838	90.768	1000000:5.003926e8
H2	p1	points	sep	1000000	h2_p1_u_n	2	114.869	114.057	1000000:5.003926e8
H2	p1	points	sep	1000000	h2_p1_u_w	2	111.788	108.993	1000000:5.003926e8
H2	p1	points	sep	1000000	h2_p1_t_w	3	56.999	56.216	1000000:5.003926e8
H2	p1	points	sep	1000000	h2_p1_v_n	3	86.080	85.312	1000000:5.003926e8
H2	p1	points	sep	1000000	h2_p1_v_w	3	95.317	92.873	1000000:5.003926e8
H2	p1	points	sep	1000000	h2_p1_u_n	3	114.870	114.060	1000000:5.003926e8
H2	p1	points	sep	1000000	h2_p1_u_w	3	111.735	108.979	1000000:5.003926e8
H2	p1	points	sep	1000000	h2_p1_t_n	3	46.390	45.640	1000000:5.003926e8
H2	p1	points	sep	1000000	h2_p1_v_n	4	85.955	85.194	1000000:5.003926e8
H2	p1	points	sep	1000000	h2_p1_v_w	4	92.425	90.407	1000000:5.003926e8
H2	p1	points	sep	1000000	h2_p1_u_n	4	114.891	114.086	1000000:5.003926e8
H2	p1	points	sep	1000000	h2_p1_u_w	4	112.012	109.191	1000000:5.003926e8
H2	p1	points	sep	1000000	h2_p1_t_n	4	46.547	45.790	1000000:5.003926e8
H2	p1	points	sep	1000000	h2_p1_t_w	4	56.948	56.202	1000000:5.003926e8
H2	p1	points	sep	1000000	h2_p1_v_w	5	95.147	92.689	1000000:5.003926e8
H2	p1	points	sep	1000000	h2_p1_u_n	5	114.835	114.015	1000000:5.003926e8
H2	p1	points	sep	1000000	h2_p1_u_w	5	112.160	109.327	1000000:5.003926e8
H2	p1	points	sep	1000000	h2_p1_t_n	5	46.536	45.767	1000000:5.003926e8
H2	p1	points	sep	1000000	h2_p1_t_w	5	56.794	56.040	1000000:5.003926e8
H2	p1	points	sep	1000000	h2_p1_v_n	5	85.722	84.948	1000000:5.003926e8
H2	p1	points	int	1000000	h2_p1_u_w	1	114.620	111.735	1000000:5.003926e8
H2	p1	points	int	1000000	h2_p1_t_n	1	48.203	47.449	1000000:5.003926e8
H2	p1	points	int	1000000	h2_p1_t_w	1	60.035	59.267	1000000:5.003926e8
H2	p1	points	int	1000000	h2_p1_v_n	1	85.886	85.115	1000000:5.003926e8
H2	p1	points	int	1000000	h2_p1_v_w	1	96.111	93.593	1000000:5.003926e8
H2	p1	points	int	1000000	h2_p1_u_n	1	116.635	115.781	1000000:5.003926e8
H2	p1	points	int	1000000	h2_p1_t_n	2	48.089	47.350	1000000:5.003926e8
H2	p1	points	int	1000000	h2_p1_t_w	2	60.217	59.392	1000000:5.003926e8
H2	p1	points	int	1000000	h2_p1_v_n	2	87.460	86.448	1000000:5.003926e8
H2	p1	points	int	1000000	h2_p1_v_w	2	92.983	91.011	1000000:5.003926e8
H2	p1	points	int	1000000	h2_p1_u_n	2	116.366	115.546	1000000:5.003926e8
H2	p1	points	int	1000000	h2_p1_u_w	2	112.545	109.927	1000000:5.003926e8
H2	p1	points	int	1000000	h2_p1_t_w	3	60.127	59.348	1000000:5.003926e8
H2	p1	points	int	1000000	h2_p1_v_n	3	86.144	85.353	1000000:5.003926e8
H2	p1	points	int	1000000	h2_p1_v_w	3	92.744	90.849	1000000:5.003926e8
H2	p1	points	int	1000000	h2_p1_u_n	3	116.522	115.730	1000000:5.003926e8
H2	p1	points	int	1000000	h2_p1_u_w	3	105.257	103.979	1000000:5.003926e8
H2	p1	points	int	1000000	h2_p1_t_n	3	47.798	47.078	1000000:5.003926e8
H2	p1	points	int	1000000	h2_p1_v_n	4	86.179	85.416	1000000:5.003926e8
H2	p1	points	int	1000000	h2_p1_v_w	4	92.343	90.490	1000000:5.003926e8
H2	p1	points	int	1000000	h2_p1_u_n	4	116.454	115.686	1000000:5.003926e8
H2	p1	points	int	1000000	h2_p1_u_w	4	113.925	111.087	1000000:5.003926e8
H2	p1	points	int	1000000	h2_p1_t_n	4	48.096	47.343	1000000:5.003926e8
H2	p1	points	int	1000000	h2_p1_t_w	4	60.046	59.294	1000000:5.003926e8
H2	p1	points	int	1000000	h2_p1_v_w	5	93.559	91.454	1000000:5.003926e8
H2	p1	points	int	1000000	h2_p1_u_n	5	116.830	115.972	1000000:5.003926e8
H2	p1	points	int	1000000	h2_p1_u_w	5	108.491	106.643	1000000:5.003926e8
H2	p1	points	int	1000000	h2_p1_t_n	5	48.461	47.683	1000000:5.003926e8
H2	p1	points	int	1000000	h2_p1_t_w	5	60.144	59.335	1000000:5.003926e8
H2	p1	points	int	1000000	h2_p1_v_n	5	85.972	85.202	1000000:5.003926e8
H2	p1	points	wkb	1000000	h2_p1_u_w	1	82.282	81.446	1000000:5.003926e8
H2	p1	points	wkb	1000000	h2_p1_t_n	1	53.433	52.666	1000000:5.003926e8
H2	p1	points	wkb	1000000	h2_p1_t_w	1	70.397	69.623	1000000:5.003926e8
H2	p1	points	wkb	1000000	h2_p1_v_n	1	82.388	81.599	1000000:5.003926e8
H2	p1	points	wkb	1000000	h2_p1_v_w	1	82.030	81.313	1000000:5.003926e8
H2	p1	points	wkb	1000000	h2_p1_u_n	1	96.927	96.137	1000000:5.003926e8
H2	p1	points	wkb	1000000	h2_p1_t_n	2	53.243	52.471	1000000:5.003926e8
H2	p1	points	wkb	1000000	h2_p1_t_w	2	70.484	69.745	1000000:5.003926e8
H2	p1	points	wkb	1000000	h2_p1_v_n	2	82.238	81.575	1000000:5.003926e8
H2	p1	points	wkb	1000000	h2_p1_v_w	2	82.019	81.242	1000000:5.003926e8
H2	p1	points	wkb	1000000	h2_p1_u_n	2	96.589	95.862	1000000:5.003926e8
H2	p1	points	wkb	1000000	h2_p1_u_w	2	82.035	81.266	1000000:5.003926e8
H2	p1	points	wkb	1000000	h2_p1_t_w	3	70.374	69.594	1000000:5.003926e8
H2	p1	points	wkb	1000000	h2_p1_v_n	3	82.242	81.459	1000000:5.003926e8
H2	p1	points	wkb	1000000	h2_p1_v_w	3	81.851	81.095	1000000:5.003926e8
H2	p1	points	wkb	1000000	h2_p1_u_n	3	96.736	95.982	1000000:5.003926e8
H2	p1	points	wkb	1000000	h2_p1_u_w	3	82.124	81.337	1000000:5.003926e8
H2	p1	points	wkb	1000000	h2_p1_t_n	3	53.216	52.483	1000000:5.003926e8
H2	p1	points	wkb	1000000	h2_p1_v_n	4	82.204	81.559	1000000:5.003926e8
H2	p1	points	wkb	1000000	h2_p1_v_w	4	82.153	81.393	1000000:5.003926e8
H2	p1	points	wkb	1000000	h2_p1_u_n	4	97.039	96.197	1000000:5.003926e8
H2	p1	points	wkb	1000000	h2_p1_u_w	4	82.569	81.726	1000000:5.003926e8
H2	p1	points	wkb	1000000	h2_p1_t_n	4	53.124	52.356	1000000:5.003926e8
H2	p1	points	wkb	1000000	h2_p1_t_w	4	70.523	69.865	1000000:5.003926e8
H2	p1	points	wkb	1000000	h2_p1_v_w	5	82.181	81.406	1000000:5.003926e8
H2	p1	points	wkb	1000000	h2_p1_u_n	5	96.877	96.121	1000000:5.003926e8
H2	p1	points	wkb	1000000	h2_p1_u_w	5	82.016	81.226	1000000:5.003926e8
H2	p1	points	wkb	1000000	h2_p1_t_n	5	53.201	52.434	1000000:5.003926e8
H2	p1	points	wkb	1000000	h2_p1_t_w	5	70.652	69.878	1000000:5.003926e8
H2	p1	points	wkb	1000000	h2_p1_v_n	5	83.207	82.348	1000000:5.003926e8
H2	p1	poly10	sep	100000	h2_p1_u_w	1	36.175	35.635	100000:5.001889e7
H2	p1	poly10	sep	100000	h2_p1_t_n	1	23.402	22.911	100000:5.001889e7
H2	p1	poly10	sep	100000	h2_p1_t_w	1	24.329	23.860	100000:5.001889e7
H2	p1	poly10	sep	100000	h2_p1_v_n	1	21.963	21.668	100000:5.001889e7
H2	p1	poly10	sep	100000	h2_p1_v_w	1	22.156	21.756	100000:5.001889e7
H2	p1	poly10	sep	100000	h2_p1_u_n	1	37.267	36.882	100000:5.001889e7
H2	p1	poly10	sep	100000	h2_p1_t_n	2	23.207	22.862	100000:5.001889e7
H2	p1	poly10	sep	100000	h2_p1_t_w	2	24.191	23.861	100000:5.001889e7
H2	p1	poly10	sep	100000	h2_p1_v_n	2	22.187	21.848	100000:5.001889e7
H2	p1	poly10	sep	100000	h2_p1_v_w	2	22.146	21.795	100000:5.001889e7
H2	p1	poly10	sep	100000	h2_p1_u_n	2	37.439	37.072	100000:5.001889e7
H2	p1	poly10	sep	100000	h2_p1_u_w	2	36.270	35.736	100000:5.001889e7
H2	p1	poly10	sep	100000	h2_p1_t_w	3	24.629	24.072	100000:5.001889e7
H2	p1	poly10	sep	100000	h2_p1_v_n	3	22.129	21.783	100000:5.001889e7
H2	p1	poly10	sep	100000	h2_p1_v_w	3	22.153	21.808	100000:5.001889e7
H2	p1	poly10	sep	100000	h2_p1_u_n	3	37.510	37.176	100000:5.001889e7
H2	p1	poly10	sep	100000	h2_p1_u_w	3	37.040	36.370	100000:5.001889e7
H2	p1	poly10	sep	100000	h2_p1_t_n	3	23.786	23.176	100000:5.001889e7
H2	p1	poly10	sep	100000	h2_p1_v_n	4	22.264	21.815	100000:5.001889e7
H2	p1	poly10	sep	100000	h2_p1_v_w	4	22.335	21.943	100000:5.001889e7
H2	p1	poly10	sep	100000	h2_p1_u_n	4	37.468	37.045	100000:5.001889e7
H2	p1	poly10	sep	100000	h2_p1_u_w	4	36.241	35.845	100000:5.001889e7
H2	p1	poly10	sep	100000	h2_p1_t_n	4	23.471	22.947	100000:5.001889e7
H2	p1	poly10	sep	100000	h2_p1_t_w	4	24.510	23.956	100000:5.001889e7
H2	p1	poly10	sep	100000	h2_p1_v_w	5	22.151	21.801	100000:5.001889e7
H2	p1	poly10	sep	100000	h2_p1_u_n	5	37.480	37.101	100000:5.001889e7
H2	p1	poly10	sep	100000	h2_p1_u_w	5	36.209	35.726	100000:5.001889e7
H2	p1	poly10	sep	100000	h2_p1_t_n	5	23.471	22.925	100000:5.001889e7
H2	p1	poly10	sep	100000	h2_p1_t_w	5	24.208	23.868	100000:5.001889e7
H2	p1	poly10	sep	100000	h2_p1_v_n	5	21.926	21.624	100000:5.001889e7
H2	p1	poly10	int	100000	h2_p1_u_w	1	37.698	37.353	100000:5.001889e7
H2	p1	poly10	int	100000	h2_p1_t_n	1	24.026	23.652	100000:5.001889e7
H2	p1	poly10	int	100000	h2_p1_t_w	1	25.083	24.617	100000:5.001889e7
H2	p1	poly10	int	100000	h2_p1_v_n	1	21.953	21.589	100000:5.001889e7
H2	p1	poly10	int	100000	h2_p1_v_w	1	22.281	21.943	100000:5.001889e7
H2	p1	poly10	int	100000	h2_p1_u_n	1	38.876	38.537	100000:5.001889e7
H2	p1	poly10	int	100000	h2_p1_t_n	2	24.091	23.676	100000:5.001889e7
H2	p1	poly10	int	100000	h2_p1_t_w	2	24.952	24.636	100000:5.001889e7
H2	p1	poly10	int	100000	h2_p1_v_n	2	21.815	21.506	100000:5.001889e7
H2	p1	poly10	int	100000	h2_p1_v_w	2	22.504	22.111	100000:5.001889e7
H2	p1	poly10	int	100000	h2_p1_u_n	2	39.209	38.634	100000:5.001889e7
H2	p1	poly10	int	100000	h2_p1_u_w	2	37.862	37.385	100000:5.001889e7
H2	p1	poly10	int	100000	h2_p1_t_w	3	25.061	24.669	100000:5.001889e7
H2	p1	poly10	int	100000	h2_p1_v_n	3	21.870	21.556	100000:5.001889e7
H2	p1	poly10	int	100000	h2_p1_v_w	3	22.365	21.957	100000:5.001889e7
H2	p1	poly10	int	100000	h2_p1_u_n	3	39.038	38.486	100000:5.001889e7
H2	p1	poly10	int	100000	h2_p1_u_w	3	37.871	37.410	100000:5.001889e7
H2	p1	poly10	int	100000	h2_p1_t_n	3	24.214	23.685	100000:5.001889e7
H2	p1	poly10	int	100000	h2_p1_v_n	4	21.878	21.460	100000:5.001889e7
H2	p1	poly10	int	100000	h2_p1_v_w	4	22.147	21.805	100000:5.001889e7
H2	p1	poly10	int	100000	h2_p1_u_n	4	38.954	38.611	100000:5.001889e7
H2	p1	poly10	int	100000	h2_p1_u_w	4	37.795	37.320	100000:5.001889e7
H2	p1	poly10	int	100000	h2_p1_t_n	4	23.997	23.637	100000:5.001889e7
H2	p1	poly10	int	100000	h2_p1_t_w	4	24.967	24.567	100000:5.001889e7
H2	p1	poly10	int	100000	h2_p1_v_w	5	22.428	21.980	100000:5.001889e7
H2	p1	poly10	int	100000	h2_p1_u_n	5	39.053	38.529	100000:5.001889e7
H2	p1	poly10	int	100000	h2_p1_u_w	5	37.845	37.358	100000:5.001889e7
H2	p1	poly10	int	100000	h2_p1_t_n	5	23.993	23.626	100000:5.001889e7
H2	p1	poly10	int	100000	h2_p1_t_w	5	25.090	24.741	100000:5.001889e7
H2	p1	poly10	int	100000	h2_p1_v_n	5	22.076	21.560	100000:5.001889e7
H2	p1	poly10	wkb	100000	h2_p1_u_w	1	20.702	20.385	100000:5.001889e7
H2	p1	poly10	wkb	100000	h2_p1_t_n	1	17.844	17.526	100000:5.001889e7
H2	p1	poly10	wkb	100000	h2_p1_t_w	1	19.105	18.762	100000:5.001889e7
H2	p1	poly10	wkb	100000	h2_p1_v_n	1	20.268	19.962	100000:5.001889e7
H2	p1	poly10	wkb	100000	h2_p1_v_w	1	20.691	20.370	100000:5.001889e7
H2	p1	poly10	wkb	100000	h2_p1_u_n	1	21.519	21.238	100000:5.001889e7
H2	p1	poly10	wkb	100000	h2_p1_t_n	2	17.781	17.463	100000:5.001889e7
H2	p1	poly10	wkb	100000	h2_p1_t_w	2	19.115	18.780	100000:5.001889e7
H2	p1	poly10	wkb	100000	h2_p1_v_n	2	20.284	19.958	100000:5.001889e7
H2	p1	poly10	wkb	100000	h2_p1_v_w	2	20.645	20.342	100000:5.001889e7
H2	p1	poly10	wkb	100000	h2_p1_u_n	2	21.631	21.343	100000:5.001889e7
H2	p1	poly10	wkb	100000	h2_p1_u_w	2	20.703	20.355	100000:5.001889e7
H2	p1	poly10	wkb	100000	h2_p1_t_w	3	19.280	18.861	100000:5.001889e7
H2	p1	poly10	wkb	100000	h2_p1_v_n	3	20.156	19.827	100000:5.001889e7
H2	p1	poly10	wkb	100000	h2_p1_v_w	3	20.621	20.308	100000:5.001889e7
H2	p1	poly10	wkb	100000	h2_p1_u_n	3	21.661	21.359	100000:5.001889e7
H2	p1	poly10	wkb	100000	h2_p1_u_w	3	20.720	20.394	100000:5.001889e7
H2	p1	poly10	wkb	100000	h2_p1_t_n	3	17.805	17.478	100000:5.001889e7
H2	p1	poly10	wkb	100000	h2_p1_v_n	4	20.250	19.918	100000:5.001889e7
H2	p1	poly10	wkb	100000	h2_p1_v_w	4	20.833	20.345	100000:5.001889e7
H2	p1	poly10	wkb	100000	h2_p1_u_n	4	21.776	21.403	100000:5.001889e7
H2	p1	poly10	wkb	100000	h2_p1_u_w	4	20.737	20.328	100000:5.001889e7
H2	p1	poly10	wkb	100000	h2_p1_t_n	4	17.858	17.482	100000:5.001889e7
H2	p1	poly10	wkb	100000	h2_p1_t_w	4	19.238	18.744	100000:5.001889e7
H2	p1	poly10	wkb	100000	h2_p1_v_w	5	20.672	20.302	100000:5.001889e7
H2	p1	poly10	wkb	100000	h2_p1_u_n	5	21.710	21.399	100000:5.001889e7
H2	p1	poly10	wkb	100000	h2_p1_u_w	5	20.626	20.288	100000:5.001889e7
H2	p1	poly10	wkb	100000	h2_p1_t_n	5	17.971	17.640	100000:5.001889e7
H2	p1	poly10	wkb	100000	h2_p1_t_w	5	19.533	18.949	100000:5.001889e7
H2	p1	poly10	wkb	100000	h2_p1_v_n	5	20.451	20.009	100000:5.001889e7
H2	p1	poly100	sep	100000	h2_p1_u_w	1	195.338	194.650	100000:4.987093e7
H2	p1	poly100	sep	100000	h2_p1_t_n	1	137.799	137.155	100000:4.987093e7
H2	p1	poly100	sep	100000	h2_p1_t_w	1	139.433	138.732	100000:4.987093e7
H2	p1	poly100	sep	100000	h2_p1_v_n	1	100.108	99.435	100000:4.987093e7
H2	p1	poly100	sep	100000	h2_p1_v_w	1	103.664	102.943	100000:4.987093e7
H2	p1	poly100	sep	100000	h2_p1_u_n	1	198.213	197.487	100000:4.987093e7
H2	p1	poly100	sep	100000	h2_p1_t_n	2	137.496	136.815	100000:4.987093e7
H2	p1	poly100	sep	100000	h2_p1_t_w	2	140.533	139.877	100000:4.987093e7
H2	p1	poly100	sep	100000	h2_p1_v_n	2	100.207	99.539	100000:4.987093e7
H2	p1	poly100	sep	100000	h2_p1_v_w	2	99.954	99.242	100000:4.987093e7
H2	p1	poly100	sep	100000	h2_p1_u_n	2	196.794	196.065	100000:4.987093e7
H2	p1	poly100	sep	100000	h2_p1_u_w	2	195.216	194.535	100000:4.987093e7
H2	p1	poly100	sep	100000	h2_p1_t_w	3	140.106	139.437	100000:4.987093e7
H2	p1	poly100	sep	100000	h2_p1_v_n	3	100.637	99.946	100000:4.987093e7
H2	p1	poly100	sep	100000	h2_p1_v_w	3	100.118	99.381	100000:4.987093e7
H2	p1	poly100	sep	100000	h2_p1_u_n	3	196.498	195.809	100000:4.987093e7
H2	p1	poly100	sep	100000	h2_p1_u_w	3	195.089	194.378	100000:4.987093e7
H2	p1	poly100	sep	100000	h2_p1_t_n	3	138.036	137.378	100000:4.987093e7
H2	p1	poly100	sep	100000	h2_p1_v_n	4	100.419	99.749	100000:4.987093e7
H2	p1	poly100	sep	100000	h2_p1_v_w	4	100.381	99.680	100000:4.987093e7
H2	p1	poly100	sep	100000	h2_p1_u_n	4	196.648	195.914	100000:4.987093e7
H2	p1	poly100	sep	100000	h2_p1_u_w	4	195.296	194.578	100000:4.987093e7
H2	p1	poly100	sep	100000	h2_p1_t_n	4	137.728	137.070	100000:4.987093e7
H2	p1	poly100	sep	100000	h2_p1_t_w	4	139.101	138.453	100000:4.987093e7
H2	p1	poly100	sep	100000	h2_p1_v_w	5	100.356	99.676	100000:4.987093e7
H2	p1	poly100	sep	100000	h2_p1_u_n	5	196.752	196.062	100000:4.987093e7
H2	p1	poly100	sep	100000	h2_p1_u_w	5	196.009	195.315	100000:4.987093e7
H2	p1	poly100	sep	100000	h2_p1_t_n	5	138.214	137.536	100000:4.987093e7
H2	p1	poly100	sep	100000	h2_p1_t_w	5	139.427	138.780	100000:4.987093e7
H2	p1	poly100	sep	100000	h2_p1_v_n	5	100.742	100.060	100000:4.987093e7
H2	p1	poly100	int	100000	h2_p1_u_w	1	208.793	208.093	100000:4.987093e7
H2	p1	poly100	int	100000	h2_p1_t_n	1	153.576	152.824	100000:4.987093e7
H2	p1	poly100	int	100000	h2_p1_t_w	1	153.176	152.475	100000:4.987093e7
H2	p1	poly100	int	100000	h2_p1_v_n	1	100.039	99.285	100000:4.987093e7
H2	p1	poly100	int	100000	h2_p1_v_w	1	99.598	98.869	100000:4.987093e7
H2	p1	poly100	int	100000	h2_p1_u_n	1	210.550	209.834	100000:4.987093e7
H2	p1	poly100	int	100000	h2_p1_t_n	2	151.231	150.545	100000:4.987093e7
H2	p1	poly100	int	100000	h2_p1_t_w	2	155.096	154.419	100000:4.987093e7
H2	p1	poly100	int	100000	h2_p1_v_n	2	99.212	98.515	100000:4.987093e7
H2	p1	poly100	int	100000	h2_p1_v_w	2	99.871	99.165	100000:4.987093e7
H2	p1	poly100	int	100000	h2_p1_u_n	2	210.501	209.822	100000:4.987093e7
H2	p1	poly100	int	100000	h2_p1_u_w	2	209.994	209.246	100000:4.987093e7
H2	p1	poly100	int	100000	h2_p1_t_w	3	153.864	153.164	100000:4.987093e7
H2	p1	poly100	int	100000	h2_p1_v_n	3	100.948	100.226	100000:4.987093e7
H2	p1	poly100	int	100000	h2_p1_v_w	3	99.543	98.841	100000:4.987093e7
H2	p1	poly100	int	100000	h2_p1_u_n	3	210.554	209.715	100000:4.987093e7
H2	p1	poly100	int	100000	h2_p1_u_w	3	208.920	208.216	100000:4.987093e7
H2	p1	poly100	int	100000	h2_p1_t_n	3	153.213	152.517	100000:4.987093e7
H2	p1	poly100	int	100000	h2_p1_v_n	4	98.946	98.237	100000:4.987093e7
H2	p1	poly100	int	100000	h2_p1_v_w	4	99.682	98.970	100000:4.987093e7
H2	p1	poly100	int	100000	h2_p1_u_n	4	210.562	209.848	100000:4.987093e7
H2	p1	poly100	int	100000	h2_p1_u_w	4	210.450	209.669	100000:4.987093e7
H2	p1	poly100	int	100000	h2_p1_t_n	4	154.072	153.366	100000:4.987093e7
H2	p1	poly100	int	100000	h2_p1_t_w	4	153.093	152.421	100000:4.987093e7
H2	p1	poly100	int	100000	h2_p1_v_w	5	99.193	98.474	100000:4.987093e7
H2	p1	poly100	int	100000	h2_p1_u_n	5	210.164	209.416	100000:4.987093e7
H2	p1	poly100	int	100000	h2_p1_u_w	5	209.595	208.860	100000:4.987093e7
H2	p1	poly100	int	100000	h2_p1_t_n	5	153.422	152.712	100000:4.987093e7
H2	p1	poly100	int	100000	h2_p1_t_w	5	154.208	153.537	100000:4.987093e7
H2	p1	poly100	int	100000	h2_p1_v_n	5	99.162	98.466	100000:4.987093e7
H2	p1	poly100	wkb	100000	h2_p1_u_w	1	81.432	80.808	100000:4.987093e7
H2	p1	poly100	wkb	100000	h2_p1_t_n	1	80.361	79.716	100000:4.987093e7
H2	p1	poly100	wkb	100000	h2_p1_t_w	1	82.083	81.450	100000:4.987093e7
H2	p1	poly100	wkb	100000	h2_p1_v_n	1	82.952	82.309	100000:4.987093e7
H2	p1	poly100	wkb	100000	h2_p1_v_w	1	83.389	82.747	100000:4.987093e7
H2	p1	poly100	wkb	100000	h2_p1_u_n	1	84.500	83.872	100000:4.987093e7
H2	p1	poly100	wkb	100000	h2_p1_t_n	2	80.033	79.406	100000:4.987093e7
H2	p1	poly100	wkb	100000	h2_p1_t_w	2	82.327	81.701	100000:4.987093e7
H2	p1	poly100	wkb	100000	h2_p1_v_n	2	82.890	82.250	100000:4.987093e7
H2	p1	poly100	wkb	100000	h2_p1_v_w	2	83.103	82.461	100000:4.987093e7
H2	p1	poly100	wkb	100000	h2_p1_u_n	2	84.157	83.538	100000:4.987093e7
H2	p1	poly100	wkb	100000	h2_p1_u_w	2	83.108	82.470	100000:4.987093e7
H2	p1	poly100	wkb	100000	h2_p1_t_w	3	82.277	81.645	100000:4.987093e7
H2	p1	poly100	wkb	100000	h2_p1_v_n	3	83.192	82.550	100000:4.987093e7
H2	p1	poly100	wkb	100000	h2_p1_v_w	3	83.116	82.431	100000:4.987093e7
H2	p1	poly100	wkb	100000	h2_p1_u_n	3	84.355	83.717	100000:4.987093e7
H2	p1	poly100	wkb	100000	h2_p1_u_w	3	83.057	82.410	100000:4.987093e7
H2	p1	poly100	wkb	100000	h2_p1_t_n	3	80.131	79.499	100000:4.987093e7
H2	p1	poly100	wkb	100000	h2_p1_v_n	4	82.409	81.778	100000:4.987093e7
H2	p1	poly100	wkb	100000	h2_p1_v_w	4	82.856	82.205	100000:4.987093e7
H2	p1	poly100	wkb	100000	h2_p1_u_n	4	84.312	83.649	100000:4.987093e7
H2	p1	poly100	wkb	100000	h2_p1_u_w	4	83.360	82.732	100000:4.987093e7
H2	p1	poly100	wkb	100000	h2_p1_t_n	4	80.202	79.567	100000:4.987093e7
H2	p1	poly100	wkb	100000	h2_p1_t_w	4	81.808	81.178	100000:4.987093e7
H2	p1	poly100	wkb	100000	h2_p1_v_w	5	82.801	82.172	100000:4.987093e7
H2	p1	poly100	wkb	100000	h2_p1_u_n	5	84.093	83.443	100000:4.987093e7
H2	p1	poly100	wkb	100000	h2_p1_u_w	5	83.330	82.676	100000:4.987093e7
H2	p1	poly100	wkb	100000	h2_p1_t_n	5	80.231	79.594	100000:4.987093e7
H2	p1	poly100	wkb	100000	h2_p1_t_w	5	82.454	81.822	100000:4.987093e7
H2	p1	poly100	wkb	100000	h2_p1_v_n	5	82.758	82.127	100000:4.987093e7
H2	p1	poly1000	sep	10000	h2_p1_u_w	1	182.084	181.490	10000:4.993714e6
H2	p1	poly1000	sep	10000	h2_p1_t_n	1	128.422	127.843	10000:4.993714e6
H2	p1	poly1000	sep	10000	h2_p1_t_w	1	128.416	127.815	10000:4.993714e6
H2	p1	poly1000	sep	10000	h2_p1_v_n	1	91.065	90.489	10000:4.993714e6
H2	p1	poly1000	sep	10000	h2_p1_v_w	1	92.061	91.394	10000:4.993714e6
H2	p1	poly1000	sep	10000	h2_p1_u_n	1	182.685	182.105	10000:4.993714e6
H2	p1	poly1000	sep	10000	h2_p1_t_n	2	128.239	127.664	10000:4.993714e6
H2	p1	poly1000	sep	10000	h2_p1_t_w	2	128.432	127.841	10000:4.993714e6
H2	p1	poly1000	sep	10000	h2_p1_v_n	2	91.599	91.014	10000:4.993714e6
H2	p1	poly1000	sep	10000	h2_p1_v_w	2	91.215	90.612	10000:4.993714e6
H2	p1	poly1000	sep	10000	h2_p1_u_n	2	182.552	181.966	10000:4.993714e6
H2	p1	poly1000	sep	10000	h2_p1_u_w	2	182.285	181.694	10000:4.993714e6
H2	p1	poly1000	sep	10000	h2_p1_t_w	3	128.446	127.876	10000:4.993714e6
H2	p1	poly1000	sep	10000	h2_p1_v_n	3	93.254	92.656	10000:4.993714e6
H2	p1	poly1000	sep	10000	h2_p1_v_w	3	91.952	91.354	10000:4.993714e6
H2	p1	poly1000	sep	10000	h2_p1_u_n	3	182.316	181.724	10000:4.993714e6
H2	p1	poly1000	sep	10000	h2_p1_u_w	3	182.214	181.614	10000:4.993714e6
H2	p1	poly1000	sep	10000	h2_p1_t_n	3	128.599	128.018	10000:4.993714e6
H2	p1	poly1000	sep	10000	h2_p1_v_n	4	91.285	90.703	10000:4.993714e6
H2	p1	poly1000	sep	10000	h2_p1_v_w	4	91.292	90.704	10000:4.993714e6
H2	p1	poly1000	sep	10000	h2_p1_u_n	4	182.709	182.088	10000:4.993714e6
H2	p1	poly1000	sep	10000	h2_p1_u_w	4	184.258	183.649	10000:4.993714e6
H2	p1	poly1000	sep	10000	h2_p1_t_n	4	128.453	127.863	10000:4.993714e6
H2	p1	poly1000	sep	10000	h2_p1_t_w	4	129.095	128.498	10000:4.993714e6
H2	p1	poly1000	sep	10000	h2_p1_v_w	5	92.640	92.034	10000:4.993714e6
H2	p1	poly1000	sep	10000	h2_p1_u_n	5	182.197	181.610	10000:4.993714e6
H2	p1	poly1000	sep	10000	h2_p1_u_w	5	181.972	181.367	10000:4.993714e6
H2	p1	poly1000	sep	10000	h2_p1_t_n	5	128.239	127.644	10000:4.993714e6
H2	p1	poly1000	sep	10000	h2_p1_t_w	5	128.493	127.910	10000:4.993714e6
H2	p1	poly1000	sep	10000	h2_p1_v_n	5	91.113	90.525	10000:4.993714e6
H2	p1	poly1000	int	10000	h2_p1_u_w	1	200.088	199.500	10000:4.993714e6
H2	p1	poly1000	int	10000	h2_p1_t_n	1	144.985	144.388	10000:4.993714e6
H2	p1	poly1000	int	10000	h2_p1_t_w	1	142.322	141.740	10000:4.993714e6
H2	p1	poly1000	int	10000	h2_p1_v_n	1	90.285	89.695	10000:4.993714e6
H2	p1	poly1000	int	10000	h2_p1_v_w	1	90.312	89.732	10000:4.993714e6
H2	p1	poly1000	int	10000	h2_p1_u_n	1	196.391	195.790	10000:4.993714e6
H2	p1	poly1000	int	10000	h2_p1_t_n	2	142.140	141.564	10000:4.993714e6
H2	p1	poly1000	int	10000	h2_p1_t_w	2	142.227	141.652	10000:4.993714e6
H2	p1	poly1000	int	10000	h2_p1_v_n	2	90.500	89.913	10000:4.993714e6
H2	p1	poly1000	int	10000	h2_p1_v_w	2	90.153	89.564	10000:4.993714e6
H2	p1	poly1000	int	10000	h2_p1_u_n	2	196.562	195.947	10000:4.993714e6
H2	p1	poly1000	int	10000	h2_p1_u_w	2	196.605	196.024	10000:4.993714e6
H2	p1	poly1000	int	10000	h2_p1_t_w	3	142.321	141.739	10000:4.993714e6
H2	p1	poly1000	int	10000	h2_p1_v_n	3	90.849	90.253	10000:4.993714e6
H2	p1	poly1000	int	10000	h2_p1_v_w	3	90.793	90.209	10000:4.993714e6
H2	p1	poly1000	int	10000	h2_p1_u_n	3	197.364	196.750	10000:4.993714e6
H2	p1	poly1000	int	10000	h2_p1_u_w	3	197.109	196.511	10000:4.993714e6
H2	p1	poly1000	int	10000	h2_p1_t_n	3	141.545	140.960	10000:4.993714e6
H2	p1	poly1000	int	10000	h2_p1_v_n	4	90.337	89.753	10000:4.993714e6
H2	p1	poly1000	int	10000	h2_p1_v_w	4	90.876	90.285	10000:4.993714e6
H2	p1	poly1000	int	10000	h2_p1_u_n	4	197.588	196.980	10000:4.993714e6
H2	p1	poly1000	int	10000	h2_p1_u_w	4	196.744	196.150	10000:4.993714e6
H2	p1	poly1000	int	10000	h2_p1_t_n	4	141.302	140.711	10000:4.993714e6
H2	p1	poly1000	int	10000	h2_p1_t_w	4	141.612	141.038	10000:4.993714e6
H2	p1	poly1000	int	10000	h2_p1_v_w	5	90.365	89.770	10000:4.993714e6
H2	p1	poly1000	int	10000	h2_p1_u_n	5	197.915	197.280	10000:4.993714e6
H2	p1	poly1000	int	10000	h2_p1_u_w	5	197.150	196.546	10000:4.993714e6
H2	p1	poly1000	int	10000	h2_p1_t_n	5	141.341	140.749	10000:4.993714e6
H2	p1	poly1000	int	10000	h2_p1_t_w	5	141.741	141.153	10000:4.993714e6
H2	p1	poly1000	int	10000	h2_p1_v_n	5	90.397	89.802	10000:4.993714e6
H2	p1	poly1000	wkb	10000	h2_p1_u_w	1	69.898	69.331	10000:4.993714e6
H2	p1	poly1000	wkb	10000	h2_p1_t_n	1	69.414	68.853	10000:4.993714e6
H2	p1	poly1000	wkb	10000	h2_p1_t_w	1	69.757	69.189	10000:4.993714e6
H2	p1	poly1000	wkb	10000	h2_p1_v_n	1	69.814	69.250	10000:4.993714e6
H2	p1	poly1000	wkb	10000	h2_p1_v_w	1	69.947	69.385	10000:4.993714e6
H2	p1	poly1000	wkb	10000	h2_p1_u_n	1	70.031	69.467	10000:4.993714e6
H2	p1	poly1000	wkb	10000	h2_p1_t_n	2	69.424	68.858	10000:4.993714e6
H2	p1	poly1000	wkb	10000	h2_p1_t_w	2	69.496	68.930	10000:4.993714e6
H2	p1	poly1000	wkb	10000	h2_p1_v_n	2	69.819	69.255	10000:4.993714e6
H2	p1	poly1000	wkb	10000	h2_p1_v_w	2	70.043	69.471	10000:4.993714e6
H2	p1	poly1000	wkb	10000	h2_p1_u_n	2	70.050	69.499	10000:4.993714e6
H2	p1	poly1000	wkb	10000	h2_p1_u_w	2	69.791	69.230	10000:4.993714e6
H2	p1	poly1000	wkb	10000	h2_p1_t_w	3	69.623	69.071	10000:4.993714e6
H2	p1	poly1000	wkb	10000	h2_p1_v_n	3	69.689	69.135	10000:4.993714e6
H2	p1	poly1000	wkb	10000	h2_p1_v_w	3	70.371	69.816	10000:4.993714e6
H2	p1	poly1000	wkb	10000	h2_p1_u_n	3	70.378	69.800	10000:4.993714e6
H2	p1	poly1000	wkb	10000	h2_p1_u_w	3	70.054	69.497	10000:4.993714e6
H2	p1	poly1000	wkb	10000	h2_p1_t_n	3	69.564	69.008	10000:4.993714e6
H2	p1	poly1000	wkb	10000	h2_p1_v_n	4	69.929	69.366	10000:4.993714e6
H2	p1	poly1000	wkb	10000	h2_p1_v_w	4	69.974	69.418	10000:4.993714e6
H2	p1	poly1000	wkb	10000	h2_p1_u_n	4	70.165	69.615	10000:4.993714e6
H2	p1	poly1000	wkb	10000	h2_p1_u_w	4	69.968	69.406	10000:4.993714e6
H2	p1	poly1000	wkb	10000	h2_p1_t_n	4	69.564	68.973	10000:4.993714e6
H2	p1	poly1000	wkb	10000	h2_p1_t_w	4	70.252	69.699	10000:4.993714e6
H2	p1	poly1000	wkb	10000	h2_p1_v_w	5	70.357	69.773	10000:4.993714e6
H2	p1	poly1000	wkb	10000	h2_p1_u_n	5	69.993	69.419	10000:4.993714e6
H2	p1	poly1000	wkb	10000	h2_p1_u_w	5	69.742	69.193	10000:4.993714e6
H2	p1	poly1000	wkb	10000	h2_p1_t_n	5	69.469	68.913	10000:4.993714e6
H2	p1	poly1000	wkb	10000	h2_p1_t_w	5	69.460	68.897	10000:4.993714e6
H2	p1	poly1000	wkb	10000	h2_p1_v_n	5	71.640	71.060	10000:4.993714e6
H2	p2	points	sep	1000000	h2_p2_u_w	1	117.530	116.682	1000000:0.000000e0
H2	p2	points	sep	1000000	h2_p2_t_n	1	97.751	93.234	1000000:0.000000e0
H2	p2	points	sep	1000000	h2_p2_t_w	1	68.150	67.317	1000000:0.000000e0
H2	p2	points	sep	1000000	h2_p2_v_n	1	159.819	154.981	1000000:0.000000e0
H2	p2	points	sep	1000000	h2_p2_v_w	1	102.555	101.681	1000000:0.000000e0
H2	p2	points	sep	1000000	h2_p2_u_n	1	173.919	169.064	1000000:0.000000e0
H2	p2	points	sep	1000000	h2_p2_t_n	2	97.397	92.816	1000000:0.000000e0
H2	p2	points	sep	1000000	h2_p2_t_w	2	68.001	67.171	1000000:0.000000e0
H2	p2	points	sep	1000000	h2_p2_v_n	2	159.614	154.898	1000000:0.000000e0
H2	p2	points	sep	1000000	h2_p2_v_w	2	102.357	101.519	1000000:0.000000e0
H2	p2	points	sep	1000000	h2_p2_u_n	2	173.956	169.052	1000000:0.000000e0
H2	p2	points	sep	1000000	h2_p2_u_w	2	117.016	116.080	1000000:0.000000e0
H2	p2	points	sep	1000000	h2_p2_t_w	3	67.997	67.169	1000000:0.000000e0
H2	p2	points	sep	1000000	h2_p2_v_n	3	159.085	154.444	1000000:0.000000e0
H2	p2	points	sep	1000000	h2_p2_v_w	3	102.717	101.809	1000000:0.000000e0
H2	p2	points	sep	1000000	h2_p2_u_n	3	173.621	168.799	1000000:0.000000e0
H2	p2	points	sep	1000000	h2_p2_u_w	3	116.878	115.994	1000000:0.000000e0
H2	p2	points	sep	1000000	h2_p2_t_n	3	97.028	92.540	1000000:0.000000e0
H2	p2	points	sep	1000000	h2_p2_v_n	4	160.205	155.348	1000000:0.000000e0
H2	p2	points	sep	1000000	h2_p2_v_w	4	103.286	102.370	1000000:0.000000e0
H2	p2	points	sep	1000000	h2_p2_u_n	4	173.904	168.940	1000000:0.000000e0
H2	p2	points	sep	1000000	h2_p2_u_w	4	117.081	116.174	1000000:0.000000e0
H2	p2	points	sep	1000000	h2_p2_t_n	4	97.066	92.571	1000000:0.000000e0
H2	p2	points	sep	1000000	h2_p2_t_w	4	68.037	67.251	1000000:0.000000e0
H2	p2	points	sep	1000000	h2_p2_v_w	5	102.388	101.542	1000000:0.000000e0
H2	p2	points	sep	1000000	h2_p2_u_n	5	174.356	169.446	1000000:0.000000e0
H2	p2	points	sep	1000000	h2_p2_u_w	5	118.260	117.112	1000000:0.000000e0
H2	p2	points	sep	1000000	h2_p2_t_n	5	99.214	94.352	1000000:0.000000e0
H2	p2	points	sep	1000000	h2_p2_t_w	5	68.376	67.474	1000000:0.000000e0
H2	p2	points	sep	1000000	h2_p2_v_n	5	159.337	154.526	1000000:0.000000e0
H2	p2	points	int	1000000	h2_p2_u_w	1	122.869	122.012	1000000:0.000000e0
H2	p2	points	int	1000000	h2_p2_t_n	1	104.208	99.639	1000000:0.000000e0
H2	p2	points	int	1000000	h2_p2_t_w	1	74.589	73.768	1000000:0.000000e0
H2	p2	points	int	1000000	h2_p2_v_n	1	163.944	159.203	1000000:0.000000e0
H2	p2	points	int	1000000	h2_p2_v_w	1	107.084	106.203	1000000:0.000000e0
H2	p2	points	int	1000000	h2_p2_u_n	1	179.021	174.248	1000000:0.000000e0
H2	p2	points	int	1000000	h2_p2_t_n	2	104.495	99.849	1000000:0.000000e0
H2	p2	points	int	1000000	h2_p2_t_w	2	75.140	74.263	1000000:0.000000e0
H2	p2	points	int	1000000	h2_p2_v_n	2	164.000	159.107	1000000:0.000000e0
H2	p2	points	int	1000000	h2_p2_v_w	2	106.553	105.686	1000000:0.000000e0
H2	p2	points	int	1000000	h2_p2_u_n	2	179.176	174.386	1000000:0.000000e0
H2	p2	points	int	1000000	h2_p2_u_w	2	122.868	121.992	1000000:0.000000e0
H2	p2	points	int	1000000	h2_p2_t_w	3	74.667	73.838	1000000:0.000000e0
H2	p2	points	int	1000000	h2_p2_v_n	3	164.128	159.378	1000000:0.000000e0
H2	p2	points	int	1000000	h2_p2_v_w	3	106.605	105.733	1000000:0.000000e0
H2	p2	points	int	1000000	h2_p2_u_n	3	179.620	174.735	1000000:0.000000e0
H2	p2	points	int	1000000	h2_p2_u_w	3	122.823	121.922	1000000:0.000000e0
H2	p2	points	int	1000000	h2_p2_t_n	3	105.888	101.290	1000000:0.000000e0
H2	p2	points	int	1000000	h2_p2_v_n	4	164.391	159.538	1000000:0.000000e0
H2	p2	points	int	1000000	h2_p2_v_w	4	106.544	105.680	1000000:0.000000e0
H2	p2	points	int	1000000	h2_p2_u_n	4	179.533	174.657	1000000:0.000000e0
H2	p2	points	int	1000000	h2_p2_u_w	4	122.891	122.002	1000000:0.000000e0
H2	p2	points	int	1000000	h2_p2_t_n	4	104.345	99.777	1000000:0.000000e0
H2	p2	points	int	1000000	h2_p2_t_w	4	74.794	73.928	1000000:0.000000e0
H2	p2	points	int	1000000	h2_p2_v_w	5	106.530	105.668	1000000:0.000000e0
H2	p2	points	int	1000000	h2_p2_u_n	5	179.424	174.618	1000000:0.000000e0
H2	p2	points	int	1000000	h2_p2_u_w	5	122.811	121.913	1000000:0.000000e0
H2	p2	points	int	1000000	h2_p2_t_n	5	105.428	100.655	1000000:0.000000e0
H2	p2	points	int	1000000	h2_p2_t_w	5	75.121	74.178	1000000:0.000000e0
H2	p2	points	int	1000000	h2_p2_v_n	5	164.047	159.187	1000000:0.000000e0
H2	p2	points	wkb	1000000	h2_p2_u_w	1	99.335	98.537	1000000:0.000000e0
H2	p2	points	wkb	1000000	h2_p2_t_n	1	109.305	104.907	1000000:0.000000e0
H2	p2	points	wkb	1000000	h2_p2_t_w	1	79.535	78.766	1000000:0.000000e0
H2	p2	points	wkb	1000000	h2_p2_v_n	1	156.939	152.094	1000000:0.000000e0
H2	p2	points	wkb	1000000	h2_p2_v_w	1	99.621	98.788	1000000:0.000000e0
H2	p2	points	wkb	1000000	h2_p2_u_n	1	156.142	151.443	1000000:0.000000e0
H2	p2	points	wkb	1000000	h2_p2_t_n	2	110.184	105.724	1000000:0.000000e0
H2	p2	points	wkb	1000000	h2_p2_t_w	2	78.231	77.410	1000000:0.000000e0
H2	p2	points	wkb	1000000	h2_p2_v_n	2	156.203	151.265	1000000:0.000000e0
H2	p2	points	wkb	1000000	h2_p2_v_w	2	99.472	98.650	1000000:0.000000e0
H2	p2	points	wkb	1000000	h2_p2_u_n	2	156.015	151.325	1000000:0.000000e0
H2	p2	points	wkb	1000000	h2_p2_u_w	2	99.653	98.817	1000000:0.000000e0
H2	p2	points	wkb	1000000	h2_p2_t_w	3	79.728	78.897	1000000:0.000000e0
H2	p2	points	wkb	1000000	h2_p2_v_n	3	156.214	151.482	1000000:0.000000e0
H2	p2	points	wkb	1000000	h2_p2_v_w	3	99.619	98.738	1000000:0.000000e0
H2	p2	points	wkb	1000000	h2_p2_u_n	3	156.691	151.925	1000000:0.000000e0
H2	p2	points	wkb	1000000	h2_p2_u_w	3	99.579	98.734	1000000:0.000000e0
H2	p2	points	wkb	1000000	h2_p2_t_n	3	109.844	105.389	1000000:0.000000e0
H2	p2	points	wkb	1000000	h2_p2_v_n	4	156.197	151.467	1000000:0.000000e0
H2	p2	points	wkb	1000000	h2_p2_v_w	4	99.876	99.017	1000000:0.000000e0
H2	p2	points	wkb	1000000	h2_p2_u_n	4	161.284	156.334	1000000:0.000000e0
H2	p2	points	wkb	1000000	h2_p2_u_w	4	99.656	98.781	1000000:0.000000e0
H2	p2	points	wkb	1000000	h2_p2_t_n	4	109.639	105.195	1000000:0.000000e0
H2	p2	points	wkb	1000000	h2_p2_t_w	4	79.519	78.711	1000000:0.000000e0
H2	p2	points	wkb	1000000	h2_p2_v_w	5	99.548	98.728	1000000:0.000000e0
H2	p2	points	wkb	1000000	h2_p2_u_n	5	156.358	151.525	1000000:0.000000e0
H2	p2	points	wkb	1000000	h2_p2_u_w	5	99.218	98.390	1000000:0.000000e0
H2	p2	points	wkb	1000000	h2_p2_t_n	5	109.657	105.285	1000000:0.000000e0
H2	p2	points	wkb	1000000	h2_p2_t_w	5	79.628	78.810	1000000:0.000000e0
H2	p2	points	wkb	1000000	h2_p2_v_n	5	158.118	153.054	1000000:0.000000e0
H2	p2	poly10	sep	100000	h2_p2_u_w	1	103.365	102.415	100000:2.046057e5
H2	p2	poly10	sep	100000	h2_p2_t_n	1	99.842	98.520	100000:2.046057e5
H2	p2	poly10	sep	100000	h2_p2_t_w	1	89.617	88.975	100000:2.046057e5
H2	p2	poly10	sep	100000	h2_p2_v_n	1	108.699	107.355	100000:2.046057e5
H2	p2	poly10	sep	100000	h2_p2_v_w	1	88.544	87.898	100000:2.046057e5
H2	p2	poly10	sep	100000	h2_p2_u_n	1	124.462	122.875	100000:2.046057e5
H2	p2	poly10	sep	100000	h2_p2_t_n	2	99.570	98.278	100000:2.046057e5
H2	p2	poly10	sep	100000	h2_p2_t_w	2	89.544	88.917	100000:2.046057e5
H2	p2	poly10	sep	100000	h2_p2_v_n	2	108.900	107.506	100000:2.046057e5
H2	p2	poly10	sep	100000	h2_p2_v_w	2	88.665	88.002	100000:2.046057e5
H2	p2	poly10	sep	100000	h2_p2_u_n	2	122.170	120.788	100000:2.046057e5
H2	p2	poly10	sep	100000	h2_p2_u_w	2	104.102	103.454	100000:2.046057e5
H2	p2	poly10	sep	100000	h2_p2_t_w	3	89.197	88.531	100000:2.046057e5
H2	p2	poly10	sep	100000	h2_p2_v_n	3	108.723	107.208	100000:2.046057e5
H2	p2	poly10	sep	100000	h2_p2_v_w	3	88.859	88.190	100000:2.046057e5
H2	p2	poly10	sep	100000	h2_p2_u_n	3	122.451	121.078	100000:2.046057e5
H2	p2	poly10	sep	100000	h2_p2_u_w	3	111.940	109.811	100000:2.046057e5
H2	p2	poly10	sep	100000	h2_p2_t_n	3	99.598	98.287	100000:2.046057e5
H2	p2	poly10	sep	100000	h2_p2_v_n	4	108.215	106.921	100000:2.046057e5
H2	p2	poly10	sep	100000	h2_p2_v_w	4	88.783	88.102	100000:2.046057e5
H2	p2	poly10	sep	100000	h2_p2_u_n	4	122.056	120.721	100000:2.046057e5
H2	p2	poly10	sep	100000	h2_p2_u_w	4	104.423	103.770	100000:2.046057e5
H2	p2	poly10	sep	100000	h2_p2_t_n	4	99.822	98.522	100000:2.046057e5
H2	p2	poly10	sep	100000	h2_p2_t_w	4	89.309	88.678	100000:2.046057e5
H2	p2	poly10	sep	100000	h2_p2_v_w	5	87.043	86.388	100000:2.046057e5
H2	p2	poly10	sep	100000	h2_p2_u_n	5	122.741	121.377	100000:2.046057e5
H2	p2	poly10	sep	100000	h2_p2_u_w	5	103.878	103.221	100000:2.046057e5
H2	p2	poly10	sep	100000	h2_p2_t_n	5	99.105	97.753	100000:2.046057e5
H2	p2	poly10	sep	100000	h2_p2_t_w	5	90.215	89.600	100000:2.046057e5
H2	p2	poly10	sep	100000	h2_p2_v_n	5	108.400	107.047	100000:2.046057e5
H2	p2	poly10	int	100000	h2_p2_u_w	1	107.991	107.374	100000:2.046057e5
H2	p2	poly10	int	100000	h2_p2_t_n	1	104.569	103.247	100000:2.046057e5
H2	p2	poly10	int	100000	h2_p2_t_w	1	94.289	93.660	100000:2.046057e5
H2	p2	poly10	int	100000	h2_p2_v_n	1	110.389	109.055	100000:2.046057e5
H2	p2	poly10	int	100000	h2_p2_v_w	1	90.898	90.262	100000:2.046057e5
H2	p2	poly10	int	100000	h2_p2_u_n	1	125.665	124.317	100000:2.046057e5
H2	p2	poly10	int	100000	h2_p2_t_n	2	104.201	102.904	100000:2.046057e5
H2	p2	poly10	int	100000	h2_p2_t_w	2	95.127	94.511	100000:2.046057e5
H2	p2	poly10	int	100000	h2_p2_v_n	2	110.198	108.882	100000:2.046057e5
H2	p2	poly10	int	100000	h2_p2_v_w	2	93.664	93.039	100000:2.046057e5
H2	p2	poly10	int	100000	h2_p2_u_n	2	127.277	125.547	100000:2.046057e5
H2	p2	poly10	int	100000	h2_p2_u_w	2	106.831	106.183	100000:2.046057e5
H2	p2	poly10	int	100000	h2_p2_t_w	3	93.452	92.798	100000:2.046057e5
H2	p2	poly10	int	100000	h2_p2_v_n	3	110.591	109.263	100000:2.046057e5
H2	p2	poly10	int	100000	h2_p2_v_w	3	91.594	90.929	100000:2.046057e5
H2	p2	poly10	int	100000	h2_p2_u_n	3	126.330	124.971	100000:2.046057e5
H2	p2	poly10	int	100000	h2_p2_u_w	3	108.026	107.276	100000:2.046057e5
H2	p2	poly10	int	100000	h2_p2_t_n	3	105.205	103.881	100000:2.046057e5
H2	p2	poly10	int	100000	h2_p2_v_n	4	111.912	110.592	100000:2.046057e5
H2	p2	poly10	int	100000	h2_p2_v_w	4	92.435	91.804	100000:2.046057e5
H2	p2	poly10	int	100000	h2_p2_u_n	4	125.740	124.428	100000:2.046057e5
H2	p2	poly10	int	100000	h2_p2_u_w	4	105.871	105.245	100000:2.046057e5
H2	p2	poly10	int	100000	h2_p2_t_n	4	105.716	104.369	100000:2.046057e5
H2	p2	poly10	int	100000	h2_p2_t_w	4	94.789	94.128	100000:2.046057e5
H2	p2	poly10	int	100000	h2_p2_v_w	5	92.767	92.109	100000:2.046057e5
H2	p2	poly10	int	100000	h2_p2_u_n	5	126.734	125.255	100000:2.046057e5
H2	p2	poly10	int	100000	h2_p2_u_w	5	106.710	106.054	100000:2.046057e5
H2	p2	poly10	int	100000	h2_p2_t_n	5	105.844	104.248	100000:2.046057e5
H2	p2	poly10	int	100000	h2_p2_t_w	5	94.107	93.458	100000:2.046057e5
H2	p2	poly10	int	100000	h2_p2_v_n	5	111.683	110.387	100000:2.046057e5
H2	p2	poly10	wkb	100000	h2_p2_u_w	1	86.657	86.030	100000:2.046057e5
H2	p2	poly10	wkb	100000	h2_p2_t_n	1	95.402	94.148	100000:2.046057e5
H2	p2	poly10	wkb	100000	h2_p2_t_w	1	83.557	82.965	100000:2.046057e5
H2	p2	poly10	wkb	100000	h2_p2_v_n	1	117.981	114.932	100000:2.046057e5
H2	p2	poly10	wkb	100000	h2_p2_v_w	1	86.363	85.739	100000:2.046057e5
H2	p2	poly10	wkb	100000	h2_p2_u_n	1	118.533	115.474	100000:2.046057e5
H2	p2	poly10	wkb	100000	h2_p2_t_n	2	95.617	94.307	100000:2.046057e5
H2	p2	poly10	wkb	100000	h2_p2_t_w	2	84.400	83.785	100000:2.046057e5
H2	p2	poly10	wkb	100000	h2_p2_v_n	2	119.198	116.048	100000:2.046057e5
H2	p2	poly10	wkb	100000	h2_p2_v_w	2	87.694	87.060	100000:2.046057e5
H2	p2	poly10	wkb	100000	h2_p2_u_n	2	119.028	115.964	100000:2.046057e5
H2	p2	poly10	wkb	100000	h2_p2_u_w	2	88.063	87.450	100000:2.046057e5
H2	p2	poly10	wkb	100000	h2_p2_t_w	3	85.103	84.491	100000:2.046057e5
H2	p2	poly10	wkb	100000	h2_p2_v_n	3	118.739	115.711	100000:2.046057e5
H2	p2	poly10	wkb	100000	h2_p2_v_w	3	85.968	85.331	100000:2.046057e5
H2	p2	poly10	wkb	100000	h2_p2_u_n	3	118.873	115.802	100000:2.046057e5
H2	p2	poly10	wkb	100000	h2_p2_u_w	3	87.513	86.892	100000:2.046057e5
H2	p2	poly10	wkb	100000	h2_p2_t_n	3	95.230	93.933	100000:2.046057e5
H2	p2	poly10	wkb	100000	h2_p2_v_n	4	119.654	116.511	100000:2.046057e5
H2	p2	poly10	wkb	100000	h2_p2_v_w	4	86.662	86.022	100000:2.046057e5
H2	p2	poly10	wkb	100000	h2_p2_u_n	4	118.582	115.462	100000:2.046057e5
H2	p2	poly10	wkb	100000	h2_p2_u_w	4	88.541	87.888	100000:2.046057e5
H2	p2	poly10	wkb	100000	h2_p2_t_n	4	95.740	94.451	100000:2.046057e5
H2	p2	poly10	wkb	100000	h2_p2_t_w	4	86.377	85.773	100000:2.046057e5
H2	p2	poly10	wkb	100000	h2_p2_v_w	5	88.842	88.214	100000:2.046057e5
H2	p2	poly10	wkb	100000	h2_p2_u_n	5	119.897	116.590	100000:2.046057e5
H2	p2	poly10	wkb	100000	h2_p2_u_w	5	86.730	86.072	100000:2.046057e5
H2	p2	poly10	wkb	100000	h2_p2_t_n	5	96.454	95.152	100000:2.046057e5
H2	p2	poly10	wkb	100000	h2_p2_t_w	5	85.753	85.119	100000:2.046057e5
H2	p2	poly10	wkb	100000	h2_p2_v_n	5	118.496	115.360	100000:2.046057e5
H2	p2	poly100	sep	100000	h2_p2_u_w	1	950.493	949.698	100000:2.248554e5
H2	p2	poly100	sep	100000	h2_p2_t_n	1	929.155	927.505	100000:2.248554e5
H2	p2	poly100	sep	100000	h2_p2_t_w	1	902.882	902.105	100000:2.248554e5
H2	p2	poly100	sep	100000	h2_p2_v_n	1	923.314	921.418	100000:2.248554e5
H2	p2	poly100	sep	100000	h2_p2_v_w	1	862.343	861.550	100000:2.248554e5
H2	p2	poly100	sep	100000	h2_p2_u_n	1	1016.016	1014.161	100000:2.248554e5
H2	p2	poly100	sep	100000	h2_p2_t_n	2	933.622	932.003	100000:2.248554e5
H2	p2	poly100	sep	100000	h2_p2_t_w	2	905.353	904.583	100000:2.248554e5
H2	p2	poly100	sep	100000	h2_p2_v_n	2	922.714	920.870	100000:2.248554e5
H2	p2	poly100	sep	100000	h2_p2_v_w	2	866.086	865.301	100000:2.248554e5
H2	p2	poly100	sep	100000	h2_p2_u_n	2	1023.119	1021.209	100000:2.248554e5
H2	p2	poly100	sep	100000	h2_p2_u_w	2	952.734	951.961	100000:2.248554e5
H2	p2	poly100	sep	100000	h2_p2_t_w	3	904.236	903.418	100000:2.248554e5
H2	p2	poly100	sep	100000	h2_p2_v_n	3	922.636	920.779	100000:2.248554e5
H2	p2	poly100	sep	100000	h2_p2_v_w	3	862.876	862.074	100000:2.248554e5
H2	p2	poly100	sep	100000	h2_p2_u_n	3	1019.181	1017.299	100000:2.248554e5
H2	p2	poly100	sep	100000	h2_p2_u_w	3	958.210	957.364	100000:2.248554e5
H2	p2	poly100	sep	100000	h2_p2_t_n	3	935.902	934.317	100000:2.248554e5
H2	p2	poly100	sep	100000	h2_p2_v_n	4	921.196	919.376	100000:2.248554e5
H2	p2	poly100	sep	100000	h2_p2_v_w	4	858.670	857.873	100000:2.248554e5
H2	p2	poly100	sep	100000	h2_p2_u_n	4	1016.280	1014.409	100000:2.248554e5
H2	p2	poly100	sep	100000	h2_p2_u_w	4	954.814	954.014	100000:2.248554e5
H2	p2	poly100	sep	100000	h2_p2_t_n	4	939.026	937.418	100000:2.248554e5
H2	p2	poly100	sep	100000	h2_p2_t_w	4	893.032	892.226	100000:2.248554e5
H2	p2	poly100	sep	100000	h2_p2_v_w	5	854.535	853.680	100000:2.248554e5
H2	p2	poly100	sep	100000	h2_p2_u_n	5	1018.867	1016.975	100000:2.248554e5
H2	p2	poly100	sep	100000	h2_p2_u_w	5	951.702	950.909	100000:2.248554e5
H2	p2	poly100	sep	100000	h2_p2_t_n	5	934.133	932.559	100000:2.248554e5
H2	p2	poly100	sep	100000	h2_p2_t_w	5	906.973	906.200	100000:2.248554e5
H2	p2	poly100	sep	100000	h2_p2_v_n	5	924.680	922.799	100000:2.248554e5
H2	p2	poly100	int	100000	h2_p2_u_w	1	973.519	972.682	100000:2.248554e5
H2	p2	poly100	int	100000	h2_p2_t_n	1	949.522	947.738	100000:2.248554e5
H2	p2	poly100	int	100000	h2_p2_t_w	1	918.586	917.798	100000:2.248554e5
H2	p2	poly100	int	100000	h2_p2_v_n	1	921.862	919.990	100000:2.248554e5
H2	p2	poly100	int	100000	h2_p2_v_w	1	861.889	861.050	100000:2.248554e5
H2	p2	poly100	int	100000	h2_p2_u_n	1	1037.093	1035.209	100000:2.248554e5
H2	p2	poly100	int	100000	h2_p2_t_n	2	948.855	947.308	100000:2.248554e5
H2	p2	poly100	int	100000	h2_p2_t_w	2	916.839	916.063	100000:2.248554e5
H2	p2	poly100	int	100000	h2_p2_v_n	2	922.416	920.560	100000:2.248554e5
H2	p2	poly100	int	100000	h2_p2_v_w	2	877.608	876.771	100000:2.248554e5
H2	p2	poly100	int	100000	h2_p2_u_n	2	1038.371	1036.495	100000:2.248554e5
H2	p2	poly100	int	100000	h2_p2_u_w	2	992.232	991.391	100000:2.248554e5
H2	p2	poly100	int	100000	h2_p2_t_w	3	911.374	910.567	100000:2.248554e5
H2	p2	poly100	int	100000	h2_p2_v_n	3	928.150	926.287	100000:2.248554e5
H2	p2	poly100	int	100000	h2_p2_v_w	3	869.257	868.409	100000:2.248554e5
H2	p2	poly100	int	100000	h2_p2_u_n	3	1038.614	1036.764	100000:2.248554e5
H2	p2	poly100	int	100000	h2_p2_u_w	3	983.350	982.523	100000:2.248554e5
H2	p2	poly100	int	100000	h2_p2_t_n	3	951.330	949.705	100000:2.248554e5
H2	p2	poly100	int	100000	h2_p2_v_n	4	923.393	921.569	100000:2.248554e5
H2	p2	poly100	int	100000	h2_p2_v_w	4	860.091	859.268	100000:2.248554e5
H2	p2	poly100	int	100000	h2_p2_u_n	4	1046.055	1044.190	100000:2.248554e5
H2	p2	poly100	int	100000	h2_p2_u_w	4	986.042	985.172	100000:2.248554e5
H2	p2	poly100	int	100000	h2_p2_t_n	4	954.226	952.602	100000:2.248554e5
H2	p2	poly100	int	100000	h2_p2_t_w	4	916.571	915.844	100000:2.248554e5
H2	p2	poly100	int	100000	h2_p2_v_w	5	854.542	853.702	100000:2.248554e5
H2	p2	poly100	int	100000	h2_p2_u_n	5	1037.866	1035.919	100000:2.248554e5
H2	p2	poly100	int	100000	h2_p2_u_w	5	969.396	968.580	100000:2.248554e5
H2	p2	poly100	int	100000	h2_p2_t_n	5	949.319	947.737	100000:2.248554e5
H2	p2	poly100	int	100000	h2_p2_t_w	5	920.220	919.421	100000:2.248554e5
H2	p2	poly100	int	100000	h2_p2_v_n	5	924.938	923.062	100000:2.248554e5
H2	p2	poly100	wkb	100000	h2_p2_u_w	1	842.183	841.405	100000:2.248554e5
H2	p2	poly100	wkb	100000	h2_p2_t_n	1	876.877	875.260	100000:2.248554e5
H2	p2	poly100	wkb	100000	h2_p2_t_w	1	842.895	842.118	100000:2.248554e5
H2	p2	poly100	wkb	100000	h2_p2_v_n	1	901.518	899.628	100000:2.248554e5
H2	p2	poly100	wkb	100000	h2_p2_v_w	1	848.748	847.983	100000:2.248554e5
H2	p2	poly100	wkb	100000	h2_p2_u_n	1	904.282	902.427	100000:2.248554e5
H2	p2	poly100	wkb	100000	h2_p2_t_n	2	873.483	871.919	100000:2.248554e5
H2	p2	poly100	wkb	100000	h2_p2_t_w	2	846.071	845.181	100000:2.248554e5
H2	p2	poly100	wkb	100000	h2_p2_v_n	2	901.421	899.536	100000:2.248554e5
H2	p2	poly100	wkb	100000	h2_p2_v_w	2	844.374	843.596	100000:2.248554e5
H2	p2	poly100	wkb	100000	h2_p2_u_n	2	905.461	903.577	100000:2.248554e5
H2	p2	poly100	wkb	100000	h2_p2_u_w	2	846.320	845.498	100000:2.248554e5
H2	p2	poly100	wkb	100000	h2_p2_t_w	3	841.528	840.715	100000:2.248554e5
H2	p2	poly100	wkb	100000	h2_p2_v_n	3	907.269	905.436	100000:2.248554e5
H2	p2	poly100	wkb	100000	h2_p2_v_w	3	849.407	848.637	100000:2.248554e5
H2	p2	poly100	wkb	100000	h2_p2_u_n	3	904.458	902.594	100000:2.248554e5
H2	p2	poly100	wkb	100000	h2_p2_u_w	3	842.171	841.395	100000:2.248554e5
H2	p2	poly100	wkb	100000	h2_p2_t_n	3	878.581	877.012	100000:2.248554e5
H2	p2	poly100	wkb	100000	h2_p2_v_n	4	905.150	903.219	100000:2.248554e5
H2	p2	poly100	wkb	100000	h2_p2_v_w	4	849.129	848.345	100000:2.248554e5
H2	p2	poly100	wkb	100000	h2_p2_u_n	4	906.502	904.519	100000:2.248554e5
H2	p2	poly100	wkb	100000	h2_p2_u_w	4	855.140	854.302	100000:2.248554e5
H2	p2	poly100	wkb	100000	h2_p2_t_n	4	879.536	877.950	100000:2.248554e5
H2	p2	poly100	wkb	100000	h2_p2_t_w	4	854.659	853.896	100000:2.248554e5
H2	p2	poly100	wkb	100000	h2_p2_v_w	5	847.527	846.751	100000:2.248554e5
H2	p2	poly100	wkb	100000	h2_p2_u_n	5	905.735	903.873	100000:2.248554e5
H2	p2	poly100	wkb	100000	h2_p2_u_w	5	851.302	850.513	100000:2.248554e5
H2	p2	poly100	wkb	100000	h2_p2_t_n	5	874.156	872.569	100000:2.248554e5
H2	p2	poly100	wkb	100000	h2_p2_t_w	5	839.670	838.922	100000:2.248554e5
H2	p2	poly100	wkb	100000	h2_p2_v_n	5	902.638	900.661	100000:2.248554e5
H2	p2	poly1000	sep	10000	h2_p2_u_w	1	1124.131	1123.483	10000:2.204734e4
H2	p2	poly1000	sep	10000	h2_p2_t_n	1	1085.353	1084.329	10000:2.204734e4
H2	p2	poly1000	sep	10000	h2_p2_t_w	1	1075.098	1074.470	10000:2.204734e4
H2	p2	poly1000	sep	10000	h2_p2_v_n	1	1054.555	1053.493	10000:2.204734e4
H2	p2	poly1000	sep	10000	h2_p2_v_w	1	1037.020	1036.400	10000:2.204734e4
H2	p2	poly1000	sep	10000	h2_p2_u_n	1	1142.708	1141.661	10000:2.204734e4
H2	p2	poly1000	sep	10000	h2_p2_t_n	2	1087.123	1086.093	10000:2.204734e4
H2	p2	poly1000	sep	10000	h2_p2_t_w	2	1079.569	1078.931	10000:2.204734e4
H2	p2	poly1000	sep	10000	h2_p2_v_n	2	1053.982	1052.925	10000:2.204734e4
H2	p2	poly1000	sep	10000	h2_p2_v_w	2	1036.382	1035.758	10000:2.204734e4
H2	p2	poly1000	sep	10000	h2_p2_u_n	2	1144.337	1143.293	10000:2.204734e4
H2	p2	poly1000	sep	10000	h2_p2_u_w	2	1125.596	1124.966	10000:2.204734e4
H2	p2	poly1000	sep	10000	h2_p2_t_w	3	1073.557	1072.904	10000:2.204734e4
H2	p2	poly1000	sep	10000	h2_p2_v_n	3	1055.992	1054.955	10000:2.204734e4
H2	p2	poly1000	sep	10000	h2_p2_v_w	3	1040.199	1039.568	10000:2.204734e4
H2	p2	poly1000	sep	10000	h2_p2_u_n	3	1153.488	1152.376	10000:2.204734e4
H2	p2	poly1000	sep	10000	h2_p2_u_w	3	1129.552	1128.830	10000:2.204734e4
H2	p2	poly1000	sep	10000	h2_p2_t_n	3	1086.964	1085.938	10000:2.204734e4
H2	p2	poly1000	sep	10000	h2_p2_v_n	4	1053.087	1052.034	10000:2.204734e4
H2	p2	poly1000	sep	10000	h2_p2_v_w	4	1034.373	1033.755	10000:2.204734e4
H2	p2	poly1000	sep	10000	h2_p2_u_n	4	1144.773	1143.687	10000:2.204734e4
H2	p2	poly1000	sep	10000	h2_p2_u_w	4	1129.459	1128.815	10000:2.204734e4
H2	p2	poly1000	sep	10000	h2_p2_t_n	4	1085.539	1084.511	10000:2.204734e4
H2	p2	poly1000	sep	10000	h2_p2_t_w	4	1077.212	1076.565	10000:2.204734e4
H2	p2	poly1000	sep	10000	h2_p2_v_w	5	1042.552	1041.904	10000:2.204734e4
H2	p2	poly1000	sep	10000	h2_p2_u_n	5	1144.826	1143.767	10000:2.204734e4
H2	p2	poly1000	sep	10000	h2_p2_u_w	5	1131.443	1130.806	10000:2.204734e4
H2	p2	poly1000	sep	10000	h2_p2_t_n	5	1088.213	1087.178	10000:2.204734e4
H2	p2	poly1000	sep	10000	h2_p2_t_w	5	1073.307	1072.670	10000:2.204734e4
H2	p2	poly1000	sep	10000	h2_p2_v_n	5	1050.267	1049.200	10000:2.204734e4
H2	p2	poly1000	int	10000	h2_p2_u_w	1	1133.059	1132.362	10000:2.204734e4
H2	p2	poly1000	int	10000	h2_p2_t_n	1	1094.319	1093.254	10000:2.204734e4
H2	p2	poly1000	int	10000	h2_p2_t_w	1	1086.679	1086.011	10000:2.204734e4
H2	p2	poly1000	int	10000	h2_p2_v_n	1	1059.049	1057.992	10000:2.204734e4
H2	p2	poly1000	int	10000	h2_p2_v_w	1	1041.779	1041.128	10000:2.204734e4
H2	p2	poly1000	int	10000	h2_p2_u_n	1	1150.132	1149.064	10000:2.204734e4
H2	p2	poly1000	int	10000	h2_p2_t_n	2	1093.966	1092.955	10000:2.204734e4
H2	p2	poly1000	int	10000	h2_p2_t_w	2	1090.928	1090.308	10000:2.204734e4
H2	p2	poly1000	int	10000	h2_p2_v_n	2	1050.809	1049.727	10000:2.204734e4
H2	p2	poly1000	int	10000	h2_p2_v_w	2	1034.174	1033.538	10000:2.204734e4
H2	p2	poly1000	int	10000	h2_p2_u_n	2	1155.332	1154.251	10000:2.204734e4
H2	p2	poly1000	int	10000	h2_p2_u_w	2	1143.374	1142.753	10000:2.204734e4
H2	p2	poly1000	int	10000	h2_p2_t_w	3	1085.038	1084.402	10000:2.204734e4
H2	p2	poly1000	int	10000	h2_p2_v_n	3	1051.025	1049.977	10000:2.204734e4
H2	p2	poly1000	int	10000	h2_p2_v_w	3	1033.990	1033.363	10000:2.204734e4
H2	p2	poly1000	int	10000	h2_p2_u_n	3	1160.571	1159.522	10000:2.204734e4
H2	p2	poly1000	int	10000	h2_p2_u_w	3	1144.847	1144.176	10000:2.204734e4
H2	p2	poly1000	int	10000	h2_p2_t_n	3	1098.057	1097.045	10000:2.204734e4
H2	p2	poly1000	int	10000	h2_p2_v_n	4	1048.781	1047.737	10000:2.204734e4
H2	p2	poly1000	int	10000	h2_p2_v_w	4	1033.996	1033.344	10000:2.204734e4
H2	p2	poly1000	int	10000	h2_p2_u_n	4	1156.221	1155.098	10000:2.204734e4
H2	p2	poly1000	int	10000	h2_p2_u_w	4	1145.422	1144.713	10000:2.204734e4
H2	p2	poly1000	int	10000	h2_p2_t_n	4	1096.229	1095.202	10000:2.204734e4
H2	p2	poly1000	int	10000	h2_p2_t_w	4	1083.232	1082.619	10000:2.204734e4
H2	p2	poly1000	int	10000	h2_p2_v_w	5	1032.905	1032.258	10000:2.204734e4
H2	p2	poly1000	int	10000	h2_p2_u_n	5	1155.838	1154.750	10000:2.204734e4
H2	p2	poly1000	int	10000	h2_p2_u_w	5	1142.680	1142.055	10000:2.204734e4
H2	p2	poly1000	int	10000	h2_p2_t_n	5	1097.943	1096.924	10000:2.204734e4
H2	p2	poly1000	int	10000	h2_p2_t_w	5	1086.036	1085.413	10000:2.204734e4
H2	p2	poly1000	int	10000	h2_p2_v_n	5	1048.476	1047.399	10000:2.204734e4
H2	p2	poly1000	wkb	10000	h2_p2_u_w	1	1012.859	1012.270	10000:2.204734e4
H2	p2	poly1000	wkb	10000	h2_p2_t_n	1	1022.619	1021.628	10000:2.204734e4
H2	p2	poly1000	wkb	10000	h2_p2_t_w	1	1013.063	1012.455	10000:2.204734e4
H2	p2	poly1000	wkb	10000	h2_p2_v_n	1	1029.416	1028.350	10000:2.204734e4
H2	p2	poly1000	wkb	10000	h2_p2_v_w	1	1016.989	1016.383	10000:2.204734e4
H2	p2	poly1000	wkb	10000	h2_p2_u_n	1	1032.438	1031.393	10000:2.204734e4
H2	p2	poly1000	wkb	10000	h2_p2_t_n	2	1029.273	1028.273	10000:2.204734e4
H2	p2	poly1000	wkb	10000	h2_p2_t_w	2	1015.925	1015.329	10000:2.204734e4
H2	p2	poly1000	wkb	10000	h2_p2_v_n	2	1034.563	1033.513	10000:2.204734e4
H2	p2	poly1000	wkb	10000	h2_p2_v_w	2	1015.804	1015.206	10000:2.204734e4
H2	p2	poly1000	wkb	10000	h2_p2_u_n	2	1030.667	1029.636	10000:2.204734e4
H2	p2	poly1000	wkb	10000	h2_p2_u_w	2	1024.592	1023.982	10000:2.204734e4
H2	p2	poly1000	wkb	10000	h2_p2_t_w	3	1014.073	1013.448	10000:2.204734e4
H2	p2	poly1000	wkb	10000	h2_p2_v_n	3	1029.595	1028.574	10000:2.204734e4
H2	p2	poly1000	wkb	10000	h2_p2_v_w	3	1018.605	1017.992	10000:2.204734e4
H2	p2	poly1000	wkb	10000	h2_p2_u_n	3	1030.037	1029.014	10000:2.204734e4
H2	p2	poly1000	wkb	10000	h2_p2_u_w	3	1015.264	1014.666	10000:2.204734e4
H2	p2	poly1000	wkb	10000	h2_p2_t_n	3	1023.932	1022.936	10000:2.204734e4
H2	p2	poly1000	wkb	10000	h2_p2_v_n	4	1029.376	1028.361	10000:2.204734e4
H2	p2	poly1000	wkb	10000	h2_p2_v_w	4	1015.644	1015.019	10000:2.204734e4
H2	p2	poly1000	wkb	10000	h2_p2_u_n	4	1032.285	1031.246	10000:2.204734e4
H2	p2	poly1000	wkb	10000	h2_p2_u_w	4	1014.881	1014.287	10000:2.204734e4
H2	p2	poly1000	wkb	10000	h2_p2_t_n	4	1024.600	1023.618	10000:2.204734e4
H2	p2	poly1000	wkb	10000	h2_p2_t_w	4	1014.629	1014.035	10000:2.204734e4
H2	p2	poly1000	wkb	10000	h2_p2_v_w	5	1012.039	1011.440	10000:2.204734e4
H2	p2	poly1000	wkb	10000	h2_p2_u_n	5	1029.443	1028.381	10000:2.204734e4
H2	p2	poly1000	wkb	10000	h2_p2_u_w	5	1013.451	1012.846	10000:2.204734e4
H2	p2	poly1000	wkb	10000	h2_p2_t_n	5	1023.460	1022.463	10000:2.204734e4
H2	p2	poly1000	wkb	10000	h2_p2_t_w	5	1018.627	1018.037	10000:2.204734e4
H2	p2	poly1000	wkb	10000	h2_p2_v_n	5	1031.495	1030.434	10000:2.204734e4
H2	p3	points	sep	1000000	h2_p3_u_w	1	253.356	252.386	1000000:4.232361e7
H2	p3	points	sep	1000000	h2_p3_t_n	1	226.923	222.102	1000000:4.232361e7
H2	p3	points	sep	1000000	h2_p3_t_w	1	210.082	209.095	1000000:4.232361e7
H2	p3	points	sep	1000000	h2_p3_v_n	1	297.370	292.289	1000000:4.232361e7
H2	p3	points	sep	1000000	h2_p3_v_w	1	236.162	235.185	1000000:4.232361e7
H2	p3	points	sep	1000000	h2_p3_u_n	1	310.377	305.160	1000000:4.232361e7
H2	p3	points	sep	1000000	h2_p3_t_n	2	223.128	218.214	1000000:4.232361e7
H2	p3	points	sep	1000000	h2_p3_t_w	2	202.207	201.263	1000000:4.232361e7
H2	p3	points	sep	1000000	h2_p3_v_n	2	289.006	283.972	1000000:4.232361e7
H2	p3	points	sep	1000000	h2_p3_v_w	2	236.857	234.774	1000000:4.232361e7
H2	p3	points	sep	1000000	h2_p3_u_n	2	307.090	301.770	1000000:4.232361e7
H2	p3	points	sep	1000000	h2_p3_u_w	2	244.977	244.019	1000000:4.232361e7
H2	p3	points	sep	1000000	h2_p3_t_w	3	203.383	202.456	1000000:4.232361e7
H2	p3	points	sep	1000000	h2_p3_v_n	3	288.490	283.456	1000000:4.232361e7
H2	p3	points	sep	1000000	h2_p3_v_w	3	234.382	233.384	1000000:4.232361e7
H2	p3	points	sep	1000000	h2_p3_u_n	3	313.160	305.871	1000000:4.232361e7
H2	p3	points	sep	1000000	h2_p3_u_w	3	246.561	245.613	1000000:4.232361e7
H2	p3	points	sep	1000000	h2_p3_t_n	3	221.424	216.619	1000000:4.232361e7
H2	p3	points	sep	1000000	h2_p3_v_n	4	298.141	292.752	1000000:4.232361e7
H2	p3	points	sep	1000000	h2_p3_v_w	4	237.319	236.367	1000000:4.232361e7
H2	p3	points	sep	1000000	h2_p3_u_n	4	311.051	305.984	1000000:4.232361e7
H2	p3	points	sep	1000000	h2_p3_u_w	4	249.140	248.084	1000000:4.232361e7
H2	p3	points	sep	1000000	h2_p3_t_n	4	223.821	218.854	1000000:4.232361e7
H2	p3	points	sep	1000000	h2_p3_t_w	4	206.134	205.179	1000000:4.232361e7
H2	p3	points	sep	1000000	h2_p3_v_w	5	232.554	231.568	1000000:4.232361e7
H2	p3	points	sep	1000000	h2_p3_u_n	5	312.562	306.332	1000000:4.232361e7
H2	p3	points	sep	1000000	h2_p3_u_w	5	250.916	249.897	1000000:4.232361e7
H2	p3	points	sep	1000000	h2_p3_t_n	5	227.532	222.626	1000000:4.232361e7
H2	p3	points	sep	1000000	h2_p3_t_w	5	207.748	206.813	1000000:4.232361e7
H2	p3	points	sep	1000000	h2_p3_v_n	5	296.383	291.268	1000000:4.232361e7
H2	p3	points	int	1000000	h2_p3_u_w	1	254.141	253.201	1000000:4.232361e7
H2	p3	points	int	1000000	h2_p3_t_n	1	228.013	222.867	1000000:4.232361e7
H2	p3	points	int	1000000	h2_p3_t_w	1	210.063	209.104	1000000:4.232361e7
H2	p3	points	int	1000000	h2_p3_v_n	1	297.513	292.538	1000000:4.232361e7
H2	p3	points	int	1000000	h2_p3_v_w	1	239.918	238.975	1000000:4.232361e7
H2	p3	points	int	1000000	h2_p3_u_n	1	312.766	307.733	1000000:4.232361e7
H2	p3	points	int	1000000	h2_p3_t_n	2	223.027	218.088	1000000:4.232361e7
H2	p3	points	int	1000000	h2_p3_t_w	2	202.028	201.128	1000000:4.232361e7
H2	p3	points	int	1000000	h2_p3_v_n	2	297.659	292.623	1000000:4.232361e7
H2	p3	points	int	1000000	h2_p3_v_w	2	238.467	237.462	1000000:4.232361e7
H2	p3	points	int	1000000	h2_p3_u_n	2	311.410	306.357	1000000:4.232361e7
H2	p3	points	int	1000000	h2_p3_u_w	2	255.651	254.662	1000000:4.232361e7
H2	p3	points	int	1000000	h2_p3_t_w	3	208.706	207.729	1000000:4.232361e7
H2	p3	points	int	1000000	h2_p3_v_n	3	299.319	294.118	1000000:4.232361e7
H2	p3	points	int	1000000	h2_p3_v_w	3	239.800	238.816	1000000:4.232361e7
H2	p3	points	int	1000000	h2_p3_u_n	3	314.109	309.060	1000000:4.232361e7
H2	p3	points	int	1000000	h2_p3_u_w	3	255.253	254.274	1000000:4.232361e7
H2	p3	points	int	1000000	h2_p3_t_n	3	227.686	222.666	1000000:4.232361e7
H2	p3	points	int	1000000	h2_p3_v_n	4	297.655	292.515	1000000:4.232361e7
H2	p3	points	int	1000000	h2_p3_v_w	4	240.476	239.370	1000000:4.232361e7
H2	p3	points	int	1000000	h2_p3_u_n	4	312.883	307.840	1000000:4.232361e7
H2	p3	points	int	1000000	h2_p3_u_w	4	255.736	254.746	1000000:4.232361e7
H2	p3	points	int	1000000	h2_p3_t_n	4	227.363	222.537	1000000:4.232361e7
H2	p3	points	int	1000000	h2_p3_t_w	4	207.327	206.392	1000000:4.232361e7
H2	p3	points	int	1000000	h2_p3_v_w	5	239.478	238.459	1000000:4.232361e7
H2	p3	points	int	1000000	h2_p3_u_n	5	315.656	310.127	1000000:4.232361e7
H2	p3	points	int	1000000	h2_p3_u_w	5	254.883	253.929	1000000:4.232361e7
H2	p3	points	int	1000000	h2_p3_t_n	5	229.046	224.180	1000000:4.232361e7
H2	p3	points	int	1000000	h2_p3_t_w	5	206.833	205.912	1000000:4.232361e7
H2	p3	points	int	1000000	h2_p3_v_n	5	296.636	291.534	1000000:4.232361e7
H2	p3	points	wkb	1000000	h2_p3_u_w	1	226.010	225.093	1000000:4.232361e7
H2	p3	points	wkb	1000000	h2_p3_t_n	1	233.189	228.416	1000000:4.232361e7
H2	p3	points	wkb	1000000	h2_p3_t_w	1	215.545	214.600	1000000:4.232361e7
H2	p3	points	wkb	1000000	h2_p3_v_n	1	284.965	279.991	1000000:4.232361e7
H2	p3	points	wkb	1000000	h2_p3_v_w	1	226.559	225.585	1000000:4.232361e7
H2	p3	points	wkb	1000000	h2_p3_u_n	1	288.015	282.297	1000000:4.232361e7
H2	p3	points	wkb	1000000	h2_p3_t_n	2	236.356	231.385	1000000:4.232361e7
H2	p3	points	wkb	1000000	h2_p3_t_w	2	214.398	213.469	1000000:4.232361e7
H2	p3	points	wkb	1000000	h2_p3_v_n	2	287.721	281.768	1000000:4.232361e7
H2	p3	points	wkb	1000000	h2_p3_v_w	2	226.751	225.825	1000000:4.232361e7
H2	p3	points	wkb	1000000	h2_p3_u_n	2	286.249	280.885	1000000:4.232361e7
H2	p3	points	wkb	1000000	h2_p3_u_w	2	227.006	226.047	1000000:4.232361e7
H2	p3	points	wkb	1000000	h2_p3_t_w	3	216.059	215.117	1000000:4.232361e7
H2	p3	points	wkb	1000000	h2_p3_v_n	3	286.713	281.537	1000000:4.232361e7
H2	p3	points	wkb	1000000	h2_p3_v_w	3	226.622	225.692	1000000:4.232361e7
H2	p3	points	wkb	1000000	h2_p3_u_n	3	285.158	279.920	1000000:4.232361e7
H2	p3	points	wkb	1000000	h2_p3_u_w	3	228.185	227.240	1000000:4.232361e7
H2	p3	points	wkb	1000000	h2_p3_t_n	3	235.983	231.050	1000000:4.232361e7
H2	p3	points	wkb	1000000	h2_p3_v_n	4	284.617	279.634	1000000:4.232361e7
H2	p3	points	wkb	1000000	h2_p3_v_w	4	227.069	226.107	1000000:4.232361e7
H2	p3	points	wkb	1000000	h2_p3_u_n	4	285.838	280.798	1000000:4.232361e7
H2	p3	points	wkb	1000000	h2_p3_u_w	4	226.694	225.753	1000000:4.232361e7
H2	p3	points	wkb	1000000	h2_p3_t_n	4	235.563	230.292	1000000:4.232361e7
H2	p3	points	wkb	1000000	h2_p3_t_w	4	215.431	214.497	1000000:4.232361e7
H2	p3	points	wkb	1000000	h2_p3_v_w	5	227.095	226.139	1000000:4.232361e7
H2	p3	points	wkb	1000000	h2_p3_u_n	5	286.977	281.871	1000000:4.232361e7
H2	p3	points	wkb	1000000	h2_p3_u_w	5	228.173	227.206	1000000:4.232361e7
H2	p3	points	wkb	1000000	h2_p3_t_n	5	234.470	229.624	1000000:4.232361e7
H2	p3	points	wkb	1000000	h2_p3_t_w	5	215.546	214.636	1000000:4.232361e7
H2	p3	points	wkb	1000000	h2_p3_v_n	5	287.318	282.163	1000000:4.232361e7
H2	p3	poly10	sep	100000	h2_p3_u_w	1	188.973	188.237	100000:4.095599e7
H2	p3	poly10	sep	100000	h2_p3_t_n	1	184.625	183.144	100000:4.095599e7
H2	p3	poly10	sep	100000	h2_p3_t_w	1	173.407	172.695	100000:4.095599e7
H2	p3	poly10	sep	100000	h2_p3_v_n	1	198.147	196.500	100000:4.095599e7
H2	p3	poly10	sep	100000	h2_p3_v_w	1	175.176	174.418	100000:4.095599e7
H2	p3	poly10	sep	100000	h2_p3_u_n	1	206.836	205.218	100000:4.095599e7
H2	p3	poly10	sep	100000	h2_p3_t_n	2	185.168	183.646	100000:4.095599e7
H2	p3	poly10	sep	100000	h2_p3_t_w	2	176.397	175.665	100000:4.095599e7
H2	p3	poly10	sep	100000	h2_p3_v_n	2	197.006	195.423	100000:4.095599e7
H2	p3	poly10	sep	100000	h2_p3_v_w	2	175.706	174.982	100000:4.095599e7
H2	p3	poly10	sep	100000	h2_p3_u_n	2	215.667	213.824	100000:4.095599e7
H2	p3	poly10	sep	100000	h2_p3_u_w	2	188.923	188.196	100000:4.095599e7
H2	p3	poly10	sep	100000	h2_p3_t_w	3	174.727	173.994	100000:4.095599e7
H2	p3	poly10	sep	100000	h2_p3_v_n	3	199.304	197.502	100000:4.095599e7
H2	p3	poly10	sep	100000	h2_p3_v_w	3	175.633	174.911	100000:4.095599e7
H2	p3	poly10	sep	100000	h2_p3_u_n	3	212.076	210.312	100000:4.095599e7
H2	p3	poly10	sep	100000	h2_p3_u_w	3	187.521	186.765	100000:4.095599e7
H2	p3	poly10	sep	100000	h2_p3_t_n	3	184.219	182.656	100000:4.095599e7
H2	p3	poly10	sep	100000	h2_p3_v_n	4	199.870	198.113	100000:4.095599e7
H2	p3	poly10	sep	100000	h2_p3_v_w	4	176.230	175.499	100000:4.095599e7
H2	p3	poly10	sep	100000	h2_p3_u_n	4	212.000	209.745	100000:4.095599e7
H2	p3	poly10	sep	100000	h2_p3_u_w	4	189.723	188.934	100000:4.095599e7
H2	p3	poly10	sep	100000	h2_p3_t_n	4	185.451	183.900	100000:4.095599e7
H2	p3	poly10	sep	100000	h2_p3_t_w	4	174.664	173.937	100000:4.095599e7
H2	p3	poly10	sep	100000	h2_p3_v_w	5	175.139	174.402	100000:4.095599e7
H2	p3	poly10	sep	100000	h2_p3_u_n	5	209.459	207.905	100000:4.095599e7
H2	p3	poly10	sep	100000	h2_p3_u_w	5	191.052	190.307	100000:4.095599e7
H2	p3	poly10	sep	100000	h2_p3_t_n	5	186.374	184.851	100000:4.095599e7
H2	p3	poly10	sep	100000	h2_p3_t_w	5	175.148	174.427	100000:4.095599e7
H2	p3	poly10	sep	100000	h2_p3_v_n	5	197.451	195.837	100000:4.095599e7
H2	p3	poly10	int	100000	h2_p3_u_w	1	183.623	182.890	100000:4.095599e7
H2	p3	poly10	int	100000	h2_p3_t_n	1	187.198	184.442	100000:4.095599e7
H2	p3	poly10	int	100000	h2_p3_t_w	1	177.856	177.126	100000:4.095599e7
H2	p3	poly10	int	100000	h2_p3_v_n	1	197.543	195.964	100000:4.095599e7
H2	p3	poly10	int	100000	h2_p3_v_w	1	176.293	175.584	100000:4.095599e7
H2	p3	poly10	int	100000	h2_p3_u_n	1	212.881	211.353	100000:4.095599e7
H2	p3	poly10	int	100000	h2_p3_t_n	2	188.267	186.692	100000:4.095599e7
H2	p3	poly10	int	100000	h2_p3_t_w	2	177.073	176.361	100000:4.095599e7
H2	p3	poly10	int	100000	h2_p3_v_n	2	200.183	198.590	100000:4.095599e7
H2	p3	poly10	int	100000	h2_p3_v_w	2	174.024	173.311	100000:4.095599e7
H2	p3	poly10	int	100000	h2_p3_u_n	2	215.959	214.043	100000:4.095599e7
H2	p3	poly10	int	100000	h2_p3_u_w	2	189.590	188.839	100000:4.095599e7
H2	p3	poly10	int	100000	h2_p3_t_w	3	176.631	175.923	100000:4.095599e7
H2	p3	poly10	int	100000	h2_p3_v_n	3	199.284	197.648	100000:4.095599e7
H2	p3	poly10	int	100000	h2_p3_v_w	3	172.848	172.132	100000:4.095599e7
H2	p3	poly10	int	100000	h2_p3_u_n	3	210.299	208.717	100000:4.095599e7
H2	p3	poly10	int	100000	h2_p3_u_w	3	186.609	185.838	100000:4.095599e7
H2	p3	poly10	int	100000	h2_p3_t_n	3	186.063	183.894	100000:4.095599e7
H2	p3	poly10	int	100000	h2_p3_v_n	4	197.225	195.643	100000:4.095599e7
H2	p3	poly10	int	100000	h2_p3_v_w	4	174.211	173.499	100000:4.095599e7
H2	p3	poly10	int	100000	h2_p3_u_n	4	212.250	210.731	100000:4.095599e7
H2	p3	poly10	int	100000	h2_p3_u_w	4	189.466	188.745	100000:4.095599e7
H2	p3	poly10	int	100000	h2_p3_t_n	4	186.816	185.322	100000:4.095599e7
H2	p3	poly10	int	100000	h2_p3_t_w	4	177.056	176.352	100000:4.095599e7
H2	p3	poly10	int	100000	h2_p3_v_w	5	174.606	173.866	100000:4.095599e7
H2	p3	poly10	int	100000	h2_p3_u_n	5	213.458	211.935	100000:4.095599e7
H2	p3	poly10	int	100000	h2_p3_u_w	5	189.506	188.800	100000:4.095599e7
H2	p3	poly10	int	100000	h2_p3_t_n	5	187.126	185.598	100000:4.095599e7
H2	p3	poly10	int	100000	h2_p3_t_w	5	177.280	176.539	100000:4.095599e7
H2	p3	poly10	int	100000	h2_p3_v_n	5	197.320	195.740	100000:4.095599e7
H2	p3	poly10	wkb	100000	h2_p3_u_w	1	168.769	168.077	100000:4.095599e7
H2	p3	poly10	wkb	100000	h2_p3_t_n	1	179.581	178.107	100000:4.095599e7
H2	p3	poly10	wkb	100000	h2_p3_t_w	1	168.151	167.457	100000:4.095599e7
H2	p3	poly10	wkb	100000	h2_p3_v_n	1	194.596	192.970	100000:4.095599e7
H2	p3	poly10	wkb	100000	h2_p3_v_w	1	169.699	168.990	100000:4.095599e7
H2	p3	poly10	wkb	100000	h2_p3_u_n	1	193.604	192.067	100000:4.095599e7
H2	p3	poly10	wkb	100000	h2_p3_t_n	2	182.536	181.101	100000:4.095599e7
H2	p3	poly10	wkb	100000	h2_p3_t_w	2	169.337	168.640	100000:4.095599e7
H2	p3	poly10	wkb	100000	h2_p3_v_n	2	194.243	192.533	100000:4.095599e7
H2	p3	poly10	wkb	100000	h2_p3_v_w	2	169.761	169.050	100000:4.095599e7
H2	p3	poly10	wkb	100000	h2_p3_u_n	2	195.153	193.479	100000:4.095599e7
H2	p3	poly10	wkb	100000	h2_p3_u_w	2	169.450	168.768	100000:4.095599e7
H2	p3	poly10	wkb	100000	h2_p3_t_w	3	169.476	168.787	100000:4.095599e7
H2	p3	poly10	wkb	100000	h2_p3_v_n	3	194.657	193.055	100000:4.095599e7
H2	p3	poly10	wkb	100000	h2_p3_v_w	3	168.910	168.172	100000:4.095599e7
H2	p3	poly10	wkb	100000	h2_p3_u_n	3	195.279	193.703	100000:4.095599e7
H2	p3	poly10	wkb	100000	h2_p3_u_w	3	169.223	168.556	100000:4.095599e7
H2	p3	poly10	wkb	100000	h2_p3_t_n	3	183.916	182.457	100000:4.095599e7
H2	p3	poly10	wkb	100000	h2_p3_v_n	4	193.988	192.425	100000:4.095599e7
H2	p3	poly10	wkb	100000	h2_p3_v_w	4	169.453	168.748	100000:4.095599e7
H2	p3	poly10	wkb	100000	h2_p3_u_n	4	194.361	192.752	100000:4.095599e7
H2	p3	poly10	wkb	100000	h2_p3_u_w	4	169.385	168.674	100000:4.095599e7
H2	p3	poly10	wkb	100000	h2_p3_t_n	4	179.618	178.154	100000:4.095599e7
H2	p3	poly10	wkb	100000	h2_p3_t_w	4	168.520	167.827	100000:4.095599e7
H2	p3	poly10	wkb	100000	h2_p3_v_w	5	169.134	168.413	100000:4.095599e7
H2	p3	poly10	wkb	100000	h2_p3_u_n	5	194.992	193.415	100000:4.095599e7
H2	p3	poly10	wkb	100000	h2_p3_u_w	5	170.259	169.556	100000:4.095599e7
H2	p3	poly10	wkb	100000	h2_p3_t_n	5	181.072	179.644	100000:4.095599e7
H2	p3	poly10	wkb	100000	h2_p3_t_w	5	168.561	167.875	100000:4.095599e7
H2	p3	poly10	wkb	100000	h2_p3_v_n	5	194.358	192.744	100000:4.095599e7
H2	p3	poly100	sep	100000	h2_p3_u_w	1	1545.272	1535.863	100000:3.678863e8
H2	p3	poly100	sep	100000	h2_p3_t_n	1	1580.387	1569.401	100000:3.678863e8
H2	p3	poly100	sep	100000	h2_p3_t_w	1	1617.101	1609.949	100000:3.678863e8
H2	p3	poly100	sep	100000	h2_p3_v_n	1	1594.045	1581.889	100000:3.678863e8
H2	p3	poly100	sep	100000	h2_p3_v_w	1	1451.737	1441.994	100000:3.678863e8
H2	p3	poly100	sep	100000	h2_p3_u_n	1	1685.097	1673.448	100000:3.678863e8
H2	p3	poly100	sep	100000	h2_p3_t_n	2	1581.570	1570.772	100000:3.678863e8
H2	p3	poly100	sep	100000	h2_p3_t_w	2	1606.826	1600.075	100000:3.678863e8
H2	p3	poly100	sep	100000	h2_p3_v_n	2	1593.797	1581.732	100000:3.678863e8
H2	p3	poly100	sep	100000	h2_p3_v_w	2	1451.695	1442.077	100000:3.678863e8
H2	p3	poly100	sep	100000	h2_p3_u_n	2	1689.257	1677.005	100000:3.678863e8
H2	p3	poly100	sep	100000	h2_p3_u_w	2	1545.486	1535.955	100000:3.678863e8
H2	p3	poly100	sep	100000	h2_p3_t_w	3	1610.530	1603.853	100000:3.678863e8
H2	p3	poly100	sep	100000	h2_p3_v_n	3	1590.379	1578.678	100000:3.678863e8
H2	p3	poly100	sep	100000	h2_p3_v_w	3	1451.582	1442.096	100000:3.678863e8
H2	p3	poly100	sep	100000	h2_p3_u_n	3	1683.742	1671.891	100000:3.678863e8
H2	p3	poly100	sep	100000	h2_p3_u_w	3	1548.162	1538.689	100000:3.678863e8
H2	p3	poly100	sep	100000	h2_p3_t_n	3	1576.544	1565.886	100000:3.678863e8
H2	p3	poly100	sep	100000	h2_p3_v_n	4	1592.316	1580.270	100000:3.678863e8
H2	p3	poly100	sep	100000	h2_p3_v_w	4	1452.395	1442.618	100000:3.678863e8
H2	p3	poly100	sep	100000	h2_p3_u_n	4	1694.054	1680.854	100000:3.678863e8
H2	p3	poly100	sep	100000	h2_p3_u_w	4	1548.495	1539.103	100000:3.678863e8
H2	p3	poly100	sep	100000	h2_p3_t_n	4	1580.396	1569.725	100000:3.678863e8
H2	p3	poly100	sep	100000	h2_p3_t_w	4	1612.646	1605.971	100000:3.678863e8
H2	p3	poly100	sep	100000	h2_p3_v_w	5	1451.720	1442.285	100000:3.678863e8
H2	p3	poly100	sep	100000	h2_p3_u_n	5	1685.082	1673.098	100000:3.678863e8
H2	p3	poly100	sep	100000	h2_p3_u_w	5	1543.059	1533.450	100000:3.678863e8
H2	p3	poly100	sep	100000	h2_p3_t_n	5	1581.775	1571.155	100000:3.678863e8
H2	p3	poly100	sep	100000	h2_p3_t_w	5	1614.422	1607.555	100000:3.678863e8
H2	p3	poly100	sep	100000	h2_p3_v_n	5	1597.223	1584.615	100000:3.678863e8
H2	p3	poly100	int	100000	h2_p3_u_w	1	1563.445	1555.436	100000:3.678863e8
H2	p3	poly100	int	100000	h2_p3_t_n	1	1555.263	1547.493	100000:3.678863e8
H2	p3	poly100	int	100000	h2_p3_t_w	1	1488.113	1482.497	100000:3.678863e8
H2	p3	poly100	int	100000	h2_p3_v_n	1	1605.170	1593.602	100000:3.678863e8
H2	p3	poly100	int	100000	h2_p3_v_w	1	1459.877	1451.803	100000:3.678863e8
H2	p3	poly100	int	100000	h2_p3_u_n	1	1713.481	1701.955	100000:3.678863e8
H2	p3	poly100	int	100000	h2_p3_t_n	2	1556.994	1549.237	100000:3.678863e8
H2	p3	poly100	int	100000	h2_p3_t_w	2	1494.795	1489.106	100000:3.678863e8
H2	p3	poly100	int	100000	h2_p3_v_n	2	1606.794	1595.141	100000:3.678863e8
H2	p3	poly100	int	100000	h2_p3_v_w	2	1470.958	1462.776	100000:3.678863e8
H2	p3	poly100	int	100000	h2_p3_u_n	2	1712.947	1700.723	100000:3.678863e8
H2	p3	poly100	int	100000	h2_p3_u_w	2	1566.664	1558.399	100000:3.678863e8
H2	p3	poly100	int	100000	h2_p3_t_w	3	1491.432	1485.751	100000:3.678863e8
H2	p3	poly100	int	100000	h2_p3_v_n	3	1603.144	1591.719	100000:3.678863e8
H2	p3	poly100	int	100000	h2_p3_v_w	3	1461.853	1453.712	100000:3.678863e8
H2	p3	poly100	int	100000	h2_p3_u_n	3	1715.699	1704.116	100000:3.678863e8
H2	p3	poly100	int	100000	h2_p3_u_w	3	1563.527	1555.429	100000:3.678863e8
H2	p3	poly100	int	100000	h2_p3_t_n	3	1566.027	1557.631	100000:3.678863e8
H2	p3	poly100	int	100000	h2_p3_v_n	4	1609.278	1597.371	100000:3.678863e8
H2	p3	poly100	int	100000	h2_p3_v_w	4	1455.853	1447.685	100000:3.678863e8
H2	p3	poly100	int	100000	h2_p3_u_n	4	1713.356	1701.630	100000:3.678863e8
H2	p3	poly100	int	100000	h2_p3_u_w	4	1564.779	1556.693	100000:3.678863e8
H2	p3	poly100	int	100000	h2_p3_t_n	4	1560.140	1552.633	100000:3.678863e8
H2	p3	poly100	int	100000	h2_p3_t_w	4	1489.642	1483.930	100000:3.678863e8
H2	p3	poly100	int	100000	h2_p3_v_w	5	1463.804	1455.844	100000:3.678863e8
H2	p3	poly100	int	100000	h2_p3_u_n	5	1711.934	1700.310	100000:3.678863e8
H2	p3	poly100	int	100000	h2_p3_u_w	5	1571.254	1563.201	100000:3.678863e8
H2	p3	poly100	int	100000	h2_p3_t_n	5	1562.233	1554.113	100000:3.678863e8
H2	p3	poly100	int	100000	h2_p3_t_w	5	1495.118	1489.188	100000:3.678863e8
H2	p3	poly100	int	100000	h2_p3_v_n	5	1642.214	1630.430	100000:3.678863e8
H2	p3	poly100	wkb	100000	h2_p3_u_w	1	1417.701	1410.933	100000:3.678863e8
H2	p3	poly100	wkb	100000	h2_p3_t_n	1	1492.480	1482.019	100000:3.678863e8
H2	p3	poly100	wkb	100000	h2_p3_t_w	1	1418.327	1411.662	100000:3.678863e8
H2	p3	poly100	wkb	100000	h2_p3_v_n	1	1553.838	1551.483	100000:3.678863e8
H2	p3	poly100	wkb	100000	h2_p3_v_w	1	1411.701	1404.597	100000:3.678863e8
H2	p3	poly100	wkb	100000	h2_p3_u_n	1	1553.540	1551.179	100000:3.678863e8
H2	p3	poly100	wkb	100000	h2_p3_t_n	2	1495.487	1485.027	100000:3.678863e8
H2	p3	poly100	wkb	100000	h2_p3_t_w	2	1417.549	1410.876	100000:3.678863e8
H2	p3	poly100	wkb	100000	h2_p3_v_n	2	1553.446	1551.038	100000:3.678863e8
H2	p3	poly100	wkb	100000	h2_p3_v_w	2	1415.241	1408.430	100000:3.678863e8
H2	p3	poly100	wkb	100000	h2_p3_u_n	2	1552.363	1549.932	100000:3.678863e8
H2	p3	poly100	wkb	100000	h2_p3_u_w	2	1416.612	1409.646	100000:3.678863e8
H2	p3	poly100	wkb	100000	h2_p3_t_w	3	1425.640	1418.853	100000:3.678863e8
H2	p3	poly100	wkb	100000	h2_p3_v_n	3	1558.777	1556.349	100000:3.678863e8
H2	p3	poly100	wkb	100000	h2_p3_v_w	3	1415.005	1408.242	100000:3.678863e8
H2	p3	poly100	wkb	100000	h2_p3_u_n	3	1558.357	1555.900	100000:3.678863e8
H2	p3	poly100	wkb	100000	h2_p3_u_w	3	1411.578	1404.528	100000:3.678863e8
H2	p3	poly100	wkb	100000	h2_p3_t_n	3	1491.341	1480.798	100000:3.678863e8
H2	p3	poly100	wkb	100000	h2_p3_v_n	4	1552.711	1550.270	100000:3.678863e8
H2	p3	poly100	wkb	100000	h2_p3_v_w	4	1417.361	1410.552	100000:3.678863e8
H2	p3	poly100	wkb	100000	h2_p3_u_n	4	1555.355	1552.970	100000:3.678863e8
H2	p3	poly100	wkb	100000	h2_p3_u_w	4	1415.010	1408.171	100000:3.678863e8
H2	p3	poly100	wkb	100000	h2_p3_t_n	4	1495.439	1485.003	100000:3.678863e8
H2	p3	poly100	wkb	100000	h2_p3_t_w	4	1419.256	1412.591	100000:3.678863e8
H2	p3	poly100	wkb	100000	h2_p3_v_w	5	1420.622	1414.001	100000:3.678863e8
H2	p3	poly100	wkb	100000	h2_p3_u_n	5	1551.983	1549.577	100000:3.678863e8
H2	p3	poly100	wkb	100000	h2_p3_u_w	5	1416.645	1409.882	100000:3.678863e8
H2	p3	poly100	wkb	100000	h2_p3_t_n	5	1495.055	1484.497	100000:3.678863e8
H2	p3	poly100	wkb	100000	h2_p3_t_w	5	1415.291	1408.637	100000:3.678863e8
H2	p3	poly100	wkb	100000	h2_p3_v_n	5	1553.954	1551.569	100000:3.678863e8
H2	p3	poly1000	sep	10000	h2_p3_u_w	1	1450.137	1449.074	10000:3.637269e8
H2	p3	poly1000	sep	10000	h2_p3_t_n	1	1459.085	1457.275	10000:3.637269e8
H2	p3	poly1000	sep	10000	h2_p3_t_w	1	1388.082	1386.894	10000:3.637269e8
H2	p3	poly1000	sep	10000	h2_p3_v_n	1	1497.251	1495.686	10000:3.637269e8
H2	p3	poly1000	sep	10000	h2_p3_v_w	1	1351.828	1350.776	10000:3.637269e8
H2	p3	poly1000	sep	10000	h2_p3_u_n	1	1588.273	1586.722	10000:3.637269e8
H2	p3	poly1000	sep	10000	h2_p3_t_n	2	1457.535	1455.715	10000:3.637269e8
H2	p3	poly1000	sep	10000	h2_p3_t_w	2	1392.760	1391.648	10000:3.637269e8
H2	p3	poly1000	sep	10000	h2_p3_v_n	2	1486.630	1484.861	10000:3.637269e8
H2	p3	poly1000	sep	10000	h2_p3_v_w	2	1362.389	1361.303	10000:3.637269e8
H2	p3	poly1000	sep	10000	h2_p3_u_n	2	1585.655	1584.023	10000:3.637269e8
H2	p3	poly1000	sep	10000	h2_p3_u_w	2	1442.446	1441.389	10000:3.637269e8
H2	p3	poly1000	sep	10000	h2_p3_t_w	3	1394.021	1392.902	10000:3.637269e8
H2	p3	poly1000	sep	10000	h2_p3_v_n	3	1494.114	1492.494	10000:3.637269e8
H2	p3	poly1000	sep	10000	h2_p3_v_w	3	1359.761	1358.687	10000:3.637269e8
H2	p3	poly1000	sep	10000	h2_p3_u_n	3	1588.667	1587.031	10000:3.637269e8
H2	p3	poly1000	sep	10000	h2_p3_u_w	3	1444.868	1443.812	10000:3.637269e8
H2	p3	poly1000	sep	10000	h2_p3_t_n	3	1457.781	1455.988	10000:3.637269e8
H2	p3	poly1000	sep	10000	h2_p3_v_n	4	1487.214	1485.405	10000:3.637269e8
H2	p3	poly1000	sep	10000	h2_p3_v_w	4	1356.348	1355.274	10000:3.637269e8
H2	p3	poly1000	sep	10000	h2_p3_u_n	4	1580.539	1578.820	10000:3.637269e8
H2	p3	poly1000	sep	10000	h2_p3_u_w	4	1447.708	1446.645	10000:3.637269e8
H2	p3	poly1000	sep	10000	h2_p3_t_n	4	1471.401	1469.755	10000:3.637269e8
H2	p3	poly1000	sep	10000	h2_p3_t_w	4	1392.940	1391.811	10000:3.637269e8
H2	p3	poly1000	sep	10000	h2_p3_v_w	5	1349.808	1348.730	10000:3.637269e8
H2	p3	poly1000	sep	10000	h2_p3_u_n	5	1585.527	1583.995	10000:3.637269e8
H2	p3	poly1000	sep	10000	h2_p3_u_w	5	1442.185	1441.118	10000:3.637269e8
H2	p3	poly1000	sep	10000	h2_p3_t_n	5	1464.241	1462.555	10000:3.637269e8
H2	p3	poly1000	sep	10000	h2_p3_t_w	5	1400.407	1399.281	10000:3.637269e8
H2	p3	poly1000	sep	10000	h2_p3_v_n	5	1505.256	1503.703	10000:3.637269e8
H2	p3	poly1000	int	10000	h2_p3_u_w	1	1462.677	1461.605	10000:3.637269e8
H2	p3	poly1000	int	10000	h2_p3_t_n	1	1492.057	1490.226	10000:3.637269e8
H2	p3	poly1000	int	10000	h2_p3_t_w	1	1401.381	1400.186	10000:3.637269e8
H2	p3	poly1000	int	10000	h2_p3_v_n	1	1503.259	1501.475	10000:3.637269e8
H2	p3	poly1000	int	10000	h2_p3_v_w	1	1352.382	1351.326	10000:3.637269e8
H2	p3	poly1000	int	10000	h2_p3_u_n	1	1606.648	1604.933	10000:3.637269e8
H2	p3	poly1000	int	10000	h2_p3_t_n	2	1482.860	1481.042	10000:3.637269e8
H2	p3	poly1000	int	10000	h2_p3_t_w	2	1407.442	1406.325	10000:3.637269e8
H2	p3	poly1000	int	10000	h2_p3_v_n	2	1503.308	1501.565	10000:3.637269e8
H2	p3	poly1000	int	10000	h2_p3_v_w	2	1349.591	1348.548	10000:3.637269e8
H2	p3	poly1000	int	10000	h2_p3_u_n	2	1605.484	1603.901	10000:3.637269e8
H2	p3	poly1000	int	10000	h2_p3_u_w	2	1450.787	1449.707	10000:3.637269e8
H2	p3	poly1000	int	10000	h2_p3_t_w	3	1405.197	1404.052	10000:3.637269e8
H2	p3	poly1000	int	10000	h2_p3_v_n	3	1498.936	1497.350	10000:3.637269e8
H2	p3	poly1000	int	10000	h2_p3_v_w	3	1358.499	1357.417	10000:3.637269e8
H2	p3	poly1000	int	10000	h2_p3_u_n	3	1607.760	1606.178	10000:3.637269e8
H2	p3	poly1000	int	10000	h2_p3_u_w	3	1460.883	1459.817	10000:3.637269e8
H2	p3	poly1000	int	10000	h2_p3_t_n	3	1485.443	1483.663	10000:3.637269e8
H2	p3	poly1000	int	10000	h2_p3_v_n	4	1502.592	1501.034	10000:3.637269e8
H2	p3	poly1000	int	10000	h2_p3_v_w	4	1352.785	1351.712	10000:3.637269e8
H2	p3	poly1000	int	10000	h2_p3_u_n	4	1607.654	1606.115	10000:3.637269e8
H2	p3	poly1000	int	10000	h2_p3_u_w	4	1452.003	1450.894	10000:3.637269e8
H2	p3	poly1000	int	10000	h2_p3_t_n	4	1485.520	1483.892	10000:3.637269e8
H2	p3	poly1000	int	10000	h2_p3_t_w	4	1404.305	1403.165	10000:3.637269e8
H2	p3	poly1000	int	10000	h2_p3_v_w	5	1356.071	1355.012	10000:3.637269e8
H2	p3	poly1000	int	10000	h2_p3_u_n	5	1610.377	1608.805	10000:3.637269e8
H2	p3	poly1000	int	10000	h2_p3_u_w	5	1459.409	1458.318	10000:3.637269e8
H2	p3	poly1000	int	10000	h2_p3_t_n	5	1483.423	1481.764	10000:3.637269e8
H2	p3	poly1000	int	10000	h2_p3_t_w	5	1404.423	1403.221	10000:3.637269e8
H2	p3	poly1000	int	10000	h2_p3_v_n	5	1498.029	1496.467	10000:3.637269e8
H2	p3	poly1000	wkb	10000	h2_p3_u_w	1	1333.177	1332.084	10000:3.637269e8
H2	p3	poly1000	wkb	10000	h2_p3_t_n	1	1394.943	1393.244	10000:3.637269e8
H2	p3	poly1000	wkb	10000	h2_p3_t_w	1	1329.666	1328.602	10000:3.637269e8
H2	p3	poly1000	wkb	10000	h2_p3_v_n	1	1471.881	1470.263	10000:3.637269e8
H2	p3	poly1000	wkb	10000	h2_p3_v_w	1	1362.560	1361.478	10000:3.637269e8
H2	p3	poly1000	wkb	10000	h2_p3_u_n	1	1465.050	1463.422	10000:3.637269e8
H2	p3	poly1000	wkb	10000	h2_p3_t_n	2	1392.363	1390.759	10000:3.637269e8
H2	p3	poly1000	wkb	10000	h2_p3_t_w	2	1333.683	1332.586	10000:3.637269e8
H2	p3	poly1000	wkb	10000	h2_p3_v_n	2	1460.865	1459.206	10000:3.637269e8
H2	p3	poly1000	wkb	10000	h2_p3_v_w	2	1341.913	1340.767	10000:3.637269e8
H2	p3	poly1000	wkb	10000	h2_p3_u_n	2	1597.709	1596.056	10000:3.637269e8
H2	p3	poly1000	wkb	10000	h2_p3_u_w	2	1389.109	1387.998	10000:3.637269e8
H2	p3	poly1000	wkb	10000	h2_p3_t_w	3	1333.114	1332.021	10000:3.637269e8
H2	p3	poly1000	wkb	10000	h2_p3_v_n	3	1469.992	1468.333	10000:3.637269e8
H2	p3	poly1000	wkb	10000	h2_p3_v_w	3	1335.897	1334.802	10000:3.637269e8
H2	p3	poly1000	wkb	10000	h2_p3_u_n	3	1467.074	1465.416	10000:3.637269e8
H2	p3	poly1000	wkb	10000	h2_p3_u_w	3	1330.563	1329.466	10000:3.637269e8
H2	p3	poly1000	wkb	10000	h2_p3_t_n	3	1408.880	1407.252	10000:3.637269e8
H2	p3	poly1000	wkb	10000	h2_p3_v_n	4	1468.622	1466.979	10000:3.637269e8
H2	p3	poly1000	wkb	10000	h2_p3_v_w	4	1335.739	1334.649	10000:3.637269e8
H2	p3	poly1000	wkb	10000	h2_p3_u_n	4	1466.249	1464.591	10000:3.637269e8
H2	p3	poly1000	wkb	10000	h2_p3_u_w	4	1336.025	1334.841	10000:3.637269e8
H2	p3	poly1000	wkb	10000	h2_p3_t_n	4	1406.106	1404.459	10000:3.637269e8
H2	p3	poly1000	wkb	10000	h2_p3_t_w	4	1333.242	1332.017	10000:3.637269e8
H2	p3	poly1000	wkb	10000	h2_p3_v_w	5	1336.009	1334.803	10000:3.637269e8
H2	p3	poly1000	wkb	10000	h2_p3_u_n	5	1475.690	1474.044	10000:3.637269e8
H2	p3	poly1000	wkb	10000	h2_p3_u_w	5	1342.886	1341.791	10000:3.637269e8
H2	p3	poly1000	wkb	10000	h2_p3_t_n	5	1399.832	1398.090	10000:3.637269e8
H2	p3	poly1000	wkb	10000	h2_p3_t_w	5	1340.053	1338.959	10000:3.637269e8
H2	p3	poly1000	wkb	10000	h2_p3_v_n	5	1465.411	1463.796	10000:3.637269e8
H2	p4	points	sep	100000	h2_p4_u_w	1	698.045	696.813	100000:2.489400e4
H2	p4	points	sep	100000	h2_p4_t_n	1	739.332	735.041	100000:2.489400e4
H2	p4	points	sep	100000	h2_p4_t_w	1	690.908	689.690	100000:2.489400e4
H2	p4	points	sep	100000	h2_p4_v_n	1	790.734	783.720	100000:2.489400e4
H2	p4	points	sep	100000	h2_p4_v_w	1	690.262	689.040	100000:2.489400e4
H2	p4	points	sep	100000	h2_p4_u_n	1	782.185	775.407	100000:2.489400e4
H2	p4	points	sep	100000	h2_p4_t_n	2	736.002	733.850	100000:2.489400e4
H2	p4	points	sep	100000	h2_p4_t_w	2	681.308	680.147	100000:2.489400e4
H2	p4	points	sep	100000	h2_p4_v_n	2	781.089	774.341	100000:2.489400e4
H2	p4	points	sep	100000	h2_p4_v_w	2	689.509	688.267	100000:2.489400e4
H2	p4	points	sep	100000	h2_p4_u_n	2	779.579	772.639	100000:2.489400e4
H2	p4	points	sep	100000	h2_p4_u_w	2	692.062	690.843	100000:2.489400e4
H2	p4	points	sep	100000	h2_p4_t_w	3	682.176	680.972	100000:2.489400e4
H2	p4	points	sep	100000	h2_p4_v_n	3	786.027	779.162	100000:2.489400e4
H2	p4	points	sep	100000	h2_p4_v_w	3	687.427	686.201	100000:2.489400e4
H2	p4	points	sep	100000	h2_p4_u_n	3	780.728	773.866	100000:2.489400e4
H2	p4	points	sep	100000	h2_p4_u_w	3	688.294	687.121	100000:2.489400e4
H2	p4	points	sep	100000	h2_p4_t_n	3	727.673	725.480	100000:2.489400e4
H2	p4	points	sep	100000	h2_p4_v_n	4	787.100	780.366	100000:2.489400e4
H2	p4	points	sep	100000	h2_p4_v_w	4	686.882	685.652	100000:2.489400e4
H2	p4	points	sep	100000	h2_p4_u_n	4	778.852	772.005	100000:2.489400e4
H2	p4	points	sep	100000	h2_p4_u_w	4	691.750	690.507	100000:2.489400e4
H2	p4	points	sep	100000	h2_p4_t_n	4	735.650	733.496	100000:2.489400e4
H2	p4	points	sep	100000	h2_p4_t_w	4	680.521	679.381	100000:2.489400e4
H2	p4	points	sep	100000	h2_p4_v_w	5	683.225	682.047	100000:2.489400e4
H2	p4	points	sep	100000	h2_p4_u_n	5	788.501	781.428	100000:2.489400e4
H2	p4	points	sep	100000	h2_p4_u_w	5	687.116	685.924	100000:2.489400e4
H2	p4	points	sep	100000	h2_p4_t_n	5	727.105	724.894	100000:2.489400e4
H2	p4	points	sep	100000	h2_p4_t_w	5	685.550	684.342	100000:2.489400e4
H2	p4	points	sep	100000	h2_p4_v_n	5	784.069	776.788	100000:2.489400e4
H2	p4	points	int	100000	h2_p4_u_w	1	682.747	681.548	100000:2.489400e4
H2	p4	points	int	100000	h2_p4_t_n	1	738.203	734.715	100000:2.489400e4
H2	p4	points	int	100000	h2_p4_t_w	1	676.621	675.416	100000:2.489400e4
H2	p4	points	int	100000	h2_p4_v_n	1	785.691	778.449	100000:2.489400e4
H2	p4	points	int	100000	h2_p4_v_w	1	683.557	682.370	100000:2.489400e4
H2	p4	points	int	100000	h2_p4_u_n	1	777.343	770.821	100000:2.489400e4
H2	p4	points	int	100000	h2_p4_t_n	2	727.621	725.521	100000:2.489400e4
H2	p4	points	int	100000	h2_p4_t_w	2	686.011	684.833	100000:2.489400e4
H2	p4	points	int	100000	h2_p4_v_n	2	773.384	767.159	100000:2.489400e4
H2	p4	points	int	100000	h2_p4_v_w	2	686.668	685.480	100000:2.489400e4
H2	p4	points	int	100000	h2_p4_u_n	2	773.959	767.631	100000:2.489400e4
H2	p4	points	int	100000	h2_p4_u_w	2	683.210	682.057	100000:2.489400e4
H2	p4	points	int	100000	h2_p4_t_w	3	676.407	675.231	100000:2.489400e4
H2	p4	points	int	100000	h2_p4_v_n	3	771.067	764.878	100000:2.489400e4
H2	p4	points	int	100000	h2_p4_v_w	3	683.300	682.121	100000:2.489400e4
H2	p4	points	int	100000	h2_p4_u_n	3	770.375	764.087	100000:2.489400e4
H2	p4	points	int	100000	h2_p4_u_w	3	687.932	686.760	100000:2.489400e4
H2	p4	points	int	100000	h2_p4_t_n	3	725.704	723.571	100000:2.489400e4
H2	p4	points	int	100000	h2_p4_v_n	4	768.391	762.226	100000:2.489400e4
H2	p4	points	int	100000	h2_p4_v_w	4	682.122	680.969	100000:2.489400e4
H2	p4	points	int	100000	h2_p4_u_n	4	778.581	771.980	100000:2.489400e4
H2	p4	points	int	100000	h2_p4_u_w	4	682.062	680.919	100000:2.489400e4
H2	p4	points	int	100000	h2_p4_t_n	4	722.155	720.216	100000:2.489400e4
H2	p4	points	int	100000	h2_p4_t_w	4	682.110	680.949	100000:2.489400e4
H2	p4	points	int	100000	h2_p4_v_w	5	678.456	677.309	100000:2.489400e4
H2	p4	points	int	100000	h2_p4_u_n	5	770.935	764.716	100000:2.489400e4
H2	p4	points	int	100000	h2_p4_u_w	5	683.721	682.538	100000:2.489400e4
H2	p4	points	int	100000	h2_p4_t_n	5	721.415	719.411	100000:2.489400e4
H2	p4	points	int	100000	h2_p4_t_w	5	684.844	683.679	100000:2.489400e4
H2	p4	points	int	100000	h2_p4_v_n	5	770.085	763.568	100000:2.489400e4
H2	p4	points	wkb	100000	h2_p4_u_w	1	678.573	677.412	100000:2.489400e4
H2	p4	points	wkb	100000	h2_p4_t_n	1	729.700	727.700	100000:2.489400e4
H2	p4	points	wkb	100000	h2_p4_t_w	1	678.206	677.122	100000:2.489400e4
H2	p4	points	wkb	100000	h2_p4_v_n	1	778.034	772.065	100000:2.489400e4
H2	p4	points	wkb	100000	h2_p4_v_w	1	708.642	707.503	100000:2.489400e4
H2	p4	points	wkb	100000	h2_p4_u_n	1	777.044	771.125	100000:2.489400e4
H2	p4	points	wkb	100000	h2_p4_t_n	2	726.051	724.135	100000:2.489400e4
H2	p4	points	wkb	100000	h2_p4_t_w	2	690.382	689.291	100000:2.489400e4
H2	p4	points	wkb	100000	h2_p4_v_n	2	773.526	767.478	100000:2.489400e4
H2	p4	points	wkb	100000	h2_p4_v_w	2	683.766	682.625	100000:2.489400e4
H2	p4	points	wkb	100000	h2_p4_u_n	2	815.245	808.444	100000:2.489400e4
H2	p4	points	wkb	100000	h2_p4_u_w	2	679.950	678.768	100000:2.489400e4
H2	p4	points	wkb	100000	h2_p4_t_w	3	680.313	679.194	100000:2.489400e4
H2	p4	points	wkb	100000	h2_p4_v_n	3	781.328	774.727	100000:2.489400e4
H2	p4	points	wkb	100000	h2_p4_v_w	3	683.505	682.397	100000:2.489400e4
H2	p4	points	wkb	100000	h2_p4_u_n	3	787.859	780.544	100000:2.489400e4
H2	p4	points	wkb	100000	h2_p4_u_w	3	680.440	679.305	100000:2.489400e4
H2	p4	points	wkb	100000	h2_p4_t_n	3	766.457	757.925	100000:2.489400e4
H2	p4	points	wkb	100000	h2_p4_v_n	4	786.384	779.158	100000:2.489400e4
H2	p4	points	wkb	100000	h2_p4_v_w	4	680.145	678.951	100000:2.489400e4
H2	p4	points	wkb	100000	h2_p4_u_n	4	774.056	768.054	100000:2.489400e4
H2	p4	points	wkb	100000	h2_p4_u_w	4	686.720	685.545	100000:2.489400e4
H2	p4	points	wkb	100000	h2_p4_t_n	4	729.906	727.274	100000:2.489400e4
H2	p4	points	wkb	100000	h2_p4_t_w	4	684.357	683.235	100000:2.489400e4
H2	p4	points	wkb	100000	h2_p4_v_w	5	678.645	677.517	100000:2.489400e4
H2	p4	points	wkb	100000	h2_p4_u_n	5	779.718	773.646	100000:2.489400e4
H2	p4	points	wkb	100000	h2_p4_u_w	5	686.734	685.556	100000:2.489400e4
H2	p4	points	wkb	100000	h2_p4_t_n	5	729.674	727.715	100000:2.489400e4
H2	p4	points	wkb	100000	h2_p4_t_w	5	681.165	680.029	100000:2.489400e4
H2	p4	points	wkb	100000	h2_p4_v_n	5	780.212	774.342	100000:2.489400e4
H2	p4	poly10	sep	10000	h2_p4_u_w	1	110.356	109.338	10000:2.441000e3
H2	p4	poly10	sep	10000	h2_p4_t_n	1	116.795	114.805	10000:2.441000e3
H2	p4	poly10	sep	10000	h2_p4_t_w	1	111.968	110.931	10000:2.441000e3
H2	p4	poly10	sep	10000	h2_p4_v_n	1	119.886	118.022	10000:2.441000e3
H2	p4	poly10	sep	10000	h2_p4_v_w	1	108.965	107.953	10000:2.441000e3
H2	p4	poly10	sep	10000	h2_p4_u_n	1	123.582	121.467	10000:2.441000e3
H2	p4	poly10	sep	10000	h2_p4_t_n	2	119.530	117.442	10000:2.441000e3
H2	p4	poly10	sep	10000	h2_p4_t_w	2	109.841	108.835	10000:2.441000e3
H2	p4	poly10	sep	10000	h2_p4_v_n	2	120.541	118.631	10000:2.441000e3
H2	p4	poly10	sep	10000	h2_p4_v_w	2	110.063	109.044	10000:2.441000e3
H2	p4	poly10	sep	10000	h2_p4_u_n	2	123.741	121.782	10000:2.441000e3
H2	p4	poly10	sep	10000	h2_p4_u_w	2	109.683	108.668	10000:2.441000e3
H2	p4	poly10	sep	10000	h2_p4_t_w	3	108.266	107.256	10000:2.441000e3
H2	p4	poly10	sep	10000	h2_p4_v_n	3	121.260	119.305	10000:2.441000e3
H2	p4	poly10	sep	10000	h2_p4_v_w	3	110.063	108.967	10000:2.441000e3
H2	p4	poly10	sep	10000	h2_p4_u_n	3	121.824	119.926	10000:2.441000e3
H2	p4	poly10	sep	10000	h2_p4_u_w	3	109.430	108.434	10000:2.441000e3
H2	p4	poly10	sep	10000	h2_p4_t_n	3	115.863	114.470	10000:2.441000e3
H2	p4	poly10	sep	10000	h2_p4_v_n	4	124.017	121.960	10000:2.441000e3
H2	p4	poly10	sep	10000	h2_p4_v_w	4	109.863	108.853	10000:2.441000e3
H2	p4	poly10	sep	10000	h2_p4_u_n	4	121.790	119.733	10000:2.441000e3
H2	p4	poly10	sep	10000	h2_p4_u_w	4	109.971	108.967	10000:2.441000e3
H2	p4	poly10	sep	10000	h2_p4_t_n	4	115.573	114.205	10000:2.441000e3
H2	p4	poly10	sep	10000	h2_p4_t_w	4	108.116	107.118	10000:2.441000e3
H2	p4	poly10	sep	10000	h2_p4_v_w	5	108.650	107.676	10000:2.441000e3
H2	p4	poly10	sep	10000	h2_p4_u_n	5	120.301	118.226	10000:2.441000e3
H2	p4	poly10	sep	10000	h2_p4_u_w	5	110.506	109.503	10000:2.441000e3
H2	p4	poly10	sep	10000	h2_p4_t_n	5	116.238	114.727	10000:2.441000e3
H2	p4	poly10	sep	10000	h2_p4_t_w	5	109.544	108.548	10000:2.441000e3
H2	p4	poly10	sep	10000	h2_p4_v_n	5	119.802	117.821	10000:2.441000e3
H2	p4	poly10	int	10000	h2_p4_u_w	1	112.375	111.346	10000:2.441000e3
H2	p4	poly10	int	10000	h2_p4_t_n	1	115.782	114.391	10000:2.441000e3
H2	p4	poly10	int	10000	h2_p4_t_w	1	108.162	107.178	10000:2.441000e3
H2	p4	poly10	int	10000	h2_p4_v_n	1	120.387	118.137	10000:2.441000e3
H2	p4	poly10	int	10000	h2_p4_v_w	1	109.039	108.000	10000:2.441000e3
H2	p4	poly10	int	10000	h2_p4_u_n	1	121.586	119.662	10000:2.441000e3
H2	p4	poly10	int	10000	h2_p4_t_n	2	117.248	115.313	10000:2.441000e3
H2	p4	poly10	int	10000	h2_p4_t_w	2	109.441	108.445	10000:2.441000e3
H2	p4	poly10	int	10000	h2_p4_v_n	2	119.870	117.944	10000:2.441000e3
H2	p4	poly10	int	10000	h2_p4_v_w	2	109.506	108.515	10000:2.441000e3
H2	p4	poly10	int	10000	h2_p4_u_n	2	121.645	119.702	10000:2.441000e3
H2	p4	poly10	int	10000	h2_p4_u_w	2	110.068	109.063	10000:2.441000e3
H2	p4	poly10	int	10000	h2_p4_t_w	3	108.270	107.280	10000:2.441000e3
H2	p4	poly10	int	10000	h2_p4_v_n	3	121.155	119.218	10000:2.441000e3
H2	p4	poly10	int	10000	h2_p4_v_w	3	109.215	108.221	10000:2.441000e3
H2	p4	poly10	int	10000	h2_p4_u_n	3	121.354	119.432	10000:2.441000e3
H2	p4	poly10	int	10000	h2_p4_u_w	3	110.009	108.987	10000:2.441000e3
H2	p4	poly10	int	10000	h2_p4_t_n	3	115.391	113.994	10000:2.441000e3
H2	p4	poly10	int	10000	h2_p4_v_n	4	122.007	119.898	10000:2.441000e3
H2	p4	poly10	int	10000	h2_p4_v_w	4	109.588	108.580	10000:2.441000e3
H2	p4	poly10	int	10000	h2_p4_u_n	4	121.877	119.970	10000:2.441000e3
H2	p4	poly10	int	10000	h2_p4_u_w	4	110.096	109.103	10000:2.441000e3
H2	p4	poly10	int	10000	h2_p4_t_n	4	115.657	114.235	10000:2.441000e3
H2	p4	poly10	int	10000	h2_p4_t_w	4	108.692	107.692	10000:2.441000e3
H2	p4	poly10	int	10000	h2_p4_v_w	5	108.560	107.581	10000:2.441000e3
H2	p4	poly10	int	10000	h2_p4_u_n	5	122.727	120.615	10000:2.441000e3
H2	p4	poly10	int	10000	h2_p4_u_w	5	114.114	113.093	10000:2.441000e3
H2	p4	poly10	int	10000	h2_p4_t_n	5	117.961	116.098	10000:2.441000e3
H2	p4	poly10	int	10000	h2_p4_t_w	5	109.778	108.782	10000:2.441000e3
H2	p4	poly10	int	10000	h2_p4_v_n	5	121.215	119.061	10000:2.441000e3
H2	p4	poly10	wkb	10000	h2_p4_u_w	1	106.786	105.814	10000:2.441000e3
H2	p4	poly10	wkb	10000	h2_p4_t_n	1	113.471	112.118	10000:2.441000e3
H2	p4	poly10	wkb	10000	h2_p4_t_w	1	106.657	105.682	10000:2.441000e3
H2	p4	poly10	wkb	10000	h2_p4_v_n	1	120.229	118.204	10000:2.441000e3
H2	p4	poly10	wkb	10000	h2_p4_v_w	1	108.510	107.511	10000:2.441000e3
H2	p4	poly10	wkb	10000	h2_p4_u_n	1	118.233	116.313	10000:2.441000e3
H2	p4	poly10	wkb	10000	h2_p4_t_n	2	113.762	112.418	10000:2.441000e3
H2	p4	poly10	wkb	10000	h2_p4_t_w	2	106.981	106.033	10000:2.441000e3
H2	p4	poly10	wkb	10000	h2_p4_v_n	2	120.848	118.822	10000:2.441000e3
H2	p4	poly10	wkb	10000	h2_p4_v_w	2	109.471	108.473	10000:2.441000e3
H2	p4	poly10	wkb	10000	h2_p4_u_n	2	119.761	117.609	10000:2.441000e3
H2	p4	poly10	wkb	10000	h2_p4_u_w	2	107.865	106.853	10000:2.441000e3
H2	p4	poly10	wkb	10000	h2_p4_t_w	3	107.505	106.513	10000:2.441000e3
H2	p4	poly10	wkb	10000	h2_p4_v_n	3	119.648	117.645	10000:2.441000e3
H2	p4	poly10	wkb	10000	h2_p4_v_w	3	107.268	106.280	10000:2.441000e3
H2	p4	poly10	wkb	10000	h2_p4_u_n	3	118.922	116.994	10000:2.441000e3
H2	p4	poly10	wkb	10000	h2_p4_u_w	3	109.932	108.927	10000:2.441000e3
H2	p4	poly10	wkb	10000	h2_p4_t_n	3	117.435	115.995	10000:2.441000e3
H2	p4	poly10	wkb	10000	h2_p4_v_n	4	120.016	118.009	10000:2.441000e3
H2	p4	poly10	wkb	10000	h2_p4_v_w	4	108.025	107.044	10000:2.441000e3
H2	p4	poly10	wkb	10000	h2_p4_u_n	4	119.682	117.750	10000:2.441000e3
H2	p4	poly10	wkb	10000	h2_p4_u_w	4	107.543	106.566	10000:2.441000e3
H2	p4	poly10	wkb	10000	h2_p4_t_n	4	113.285	111.916	10000:2.441000e3
H2	p4	poly10	wkb	10000	h2_p4_t_w	4	106.555	105.599	10000:2.441000e3
H2	p4	poly10	wkb	10000	h2_p4_v_w	5	106.650	105.706	10000:2.441000e3
H2	p4	poly10	wkb	10000	h2_p4_u_n	5	119.981	117.923	10000:2.441000e3
H2	p4	poly10	wkb	10000	h2_p4_u_w	5	108.711	107.720	10000:2.441000e3
H2	p4	poly10	wkb	10000	h2_p4_t_n	5	113.255	111.912	10000:2.441000e3
H2	p4	poly10	wkb	10000	h2_p4_t_w	5	106.722	105.739	10000:2.441000e3
H2	p4	poly10	wkb	10000	h2_p4_v_n	5	124.935	122.541	10000:2.441000e3
H2	p4	poly100	sep	2000	h2_p4_u_w	1	507.879	506.861	2000:5.100000e2
H2	p4	poly100	sep	2000	h2_p4_t_n	1	523.275	521.893	2000:5.100000e2
H2	p4	poly100	sep	2000	h2_p4_t_w	1	513.310	512.293	2000:5.100000e2
H2	p4	poly100	sep	2000	h2_p4_v_n	1	522.758	520.769	2000:5.100000e2
H2	p4	poly100	sep	2000	h2_p4_v_w	1	506.606	505.588	2000:5.100000e2
H2	p4	poly100	sep	2000	h2_p4_u_n	1	524.096	522.306	2000:5.100000e2
H2	p4	poly100	sep	2000	h2_p4_t_n	2	523.196	521.791	2000:5.100000e2
H2	p4	poly100	sep	2000	h2_p4_t_w	2	519.245	518.245	2000:5.100000e2
H2	p4	poly100	sep	2000	h2_p4_v_n	2	521.606	519.920	2000:5.100000e2
H2	p4	poly100	sep	2000	h2_p4_v_w	2	506.990	505.970	2000:5.100000e2
H2	p4	poly100	sep	2000	h2_p4_u_n	2	524.974	523.359	2000:5.100000e2
H2	p4	poly100	sep	2000	h2_p4_u_w	2	508.305	507.295	2000:5.100000e2
H2	p4	poly100	sep	2000	h2_p4_t_w	3	514.181	513.191	2000:5.100000e2
H2	p4	poly100	sep	2000	h2_p4_v_n	3	521.072	519.389	2000:5.100000e2
H2	p4	poly100	sep	2000	h2_p4_v_w	3	506.001	505.003	2000:5.100000e2
H2	p4	poly100	sep	2000	h2_p4_u_n	3	526.218	524.505	2000:5.100000e2
H2	p4	poly100	sep	2000	h2_p4_u_w	3	508.057	507.044	2000:5.100000e2
H2	p4	poly100	sep	2000	h2_p4_t_n	3	526.797	525.388	2000:5.100000e2
H2	p4	poly100	sep	2000	h2_p4_v_n	4	521.590	519.527	2000:5.100000e2
H2	p4	poly100	sep	2000	h2_p4_v_w	4	508.020	507.008	2000:5.100000e2
H2	p4	poly100	sep	2000	h2_p4_u_n	4	524.169	522.425	2000:5.100000e2
H2	p4	poly100	sep	2000	h2_p4_u_w	4	508.114	507.110	2000:5.100000e2
H2	p4	poly100	sep	2000	h2_p4_t_n	4	524.479	523.094	2000:5.100000e2
H2	p4	poly100	sep	2000	h2_p4_t_w	4	514.113	513.056	2000:5.100000e2
H2	p4	poly100	sep	2000	h2_p4_v_w	5	508.133	507.083	2000:5.100000e2
H2	p4	poly100	sep	2000	h2_p4_u_n	5	524.668	522.698	2000:5.100000e2
H2	p4	poly100	sep	2000	h2_p4_u_w	5	509.321	508.277	2000:5.100000e2
H2	p4	poly100	sep	2000	h2_p4_t_n	5	524.322	522.931	2000:5.100000e2
H2	p4	poly100	sep	2000	h2_p4_t_w	5	516.392	515.374	2000:5.100000e2
H2	p4	poly100	sep	2000	h2_p4_v_n	5	521.790	519.854	2000:5.100000e2
H2	p4	poly100	int	2000	h2_p4_u_w	1	515.780	514.789	2000:5.100000e2
H2	p4	poly100	int	2000	h2_p4_t_n	1	522.627	521.264	2000:5.100000e2
H2	p4	poly100	int	2000	h2_p4_t_w	1	513.434	512.409	2000:5.100000e2
H2	p4	poly100	int	2000	h2_p4_v_n	1	520.857	518.882	2000:5.100000e2
H2	p4	poly100	int	2000	h2_p4_v_w	1	507.347	506.303	2000:5.100000e2
H2	p4	poly100	int	2000	h2_p4_u_n	1	527.743	525.753	2000:5.100000e2
H2	p4	poly100	int	2000	h2_p4_t_n	2	528.921	527.534	2000:5.100000e2
H2	p4	poly100	int	2000	h2_p4_t_w	2	514.825	513.849	2000:5.100000e2
H2	p4	poly100	int	2000	h2_p4_v_n	2	520.411	518.282	2000:5.100000e2
H2	p4	poly100	int	2000	h2_p4_v_w	2	509.966	508.973	2000:5.100000e2
H2	p4	poly100	int	2000	h2_p4_u_n	2	524.984	523.142	2000:5.100000e2
H2	p4	poly100	int	2000	h2_p4_u_w	2	507.762	506.759	2000:5.100000e2
H2	p4	poly100	int	2000	h2_p4_t_w	3	512.704	511.698	2000:5.100000e2
H2	p4	poly100	int	2000	h2_p4_v_n	3	523.042	521.014	2000:5.100000e2
H2	p4	poly100	int	2000	h2_p4_v_w	3	509.211	508.158	2000:5.100000e2
H2	p4	poly100	int	2000	h2_p4_u_n	3	523.296	521.420	2000:5.100000e2
H2	p4	poly100	int	2000	h2_p4_u_w	3	508.326	507.319	2000:5.100000e2
H2	p4	poly100	int	2000	h2_p4_t_n	3	523.325	521.960	2000:5.100000e2
H2	p4	poly100	int	2000	h2_p4_v_n	4	520.364	518.504	2000:5.100000e2
H2	p4	poly100	int	2000	h2_p4_v_w	4	507.894	506.876	2000:5.100000e2
H2	p4	poly100	int	2000	h2_p4_u_n	4	526.439	524.508	2000:5.100000e2
H2	p4	poly100	int	2000	h2_p4_u_w	4	508.278	507.268	2000:5.100000e2
H2	p4	poly100	int	2000	h2_p4_t_n	4	523.062	521.722	2000:5.100000e2
H2	p4	poly100	int	2000	h2_p4_t_w	4	513.548	512.578	2000:5.100000e2
H2	p4	poly100	int	2000	h2_p4_v_w	5	505.803	504.790	2000:5.100000e2
H2	p4	poly100	int	2000	h2_p4_u_n	5	522.355	520.525	2000:5.100000e2
H2	p4	poly100	int	2000	h2_p4_u_w	5	509.656	508.650	2000:5.100000e2
H2	p4	poly100	int	2000	h2_p4_t_n	5	522.567	521.194	2000:5.100000e2
H2	p4	poly100	int	2000	h2_p4_t_w	5	513.887	512.900	2000:5.100000e2
H2	p4	poly100	int	2000	h2_p4_v_n	5	523.168	521.324	2000:5.100000e2
H2	p4	poly100	wkb	2000	h2_p4_u_w	1	509.004	508.023	2000:5.100000e2
H2	p4	poly100	wkb	2000	h2_p4_t_n	1	524.377	522.399	2000:5.100000e2
H2	p4	poly100	wkb	2000	h2_p4_t_w	1	514.179	513.187	2000:5.100000e2
H2	p4	poly100	wkb	2000	h2_p4_v_n	1	523.280	521.354	2000:5.100000e2
H2	p4	poly100	wkb	2000	h2_p4_v_w	1	508.450	507.424	2000:5.100000e2
H2	p4	poly100	wkb	2000	h2_p4_u_n	1	521.507	519.667	2000:5.100000e2
H2	p4	poly100	wkb	2000	h2_p4_t_n	2	523.937	522.541	2000:5.100000e2
H2	p4	poly100	wkb	2000	h2_p4_t_w	2	513.843	512.857	2000:5.100000e2
H2	p4	poly100	wkb	2000	h2_p4_v_n	2	520.191	517.950	2000:5.100000e2
H2	p4	poly100	wkb	2000	h2_p4_v_w	2	505.972	504.985	2000:5.100000e2
H2	p4	poly100	wkb	2000	h2_p4_u_n	2	522.442	520.429	2000:5.100000e2
H2	p4	poly100	wkb	2000	h2_p4_u_w	2	505.989	504.986	2000:5.100000e2
H2	p4	poly100	wkb	2000	h2_p4_t_w	3	512.517	511.530	2000:5.100000e2
H2	p4	poly100	wkb	2000	h2_p4_v_n	3	526.214	524.322	2000:5.100000e2
H2	p4	poly100	wkb	2000	h2_p4_v_w	3	509.920	508.926	2000:5.100000e2
H2	p4	poly100	wkb	2000	h2_p4_u_n	3	520.818	518.937	2000:5.100000e2
H2	p4	poly100	wkb	2000	h2_p4_u_w	3	507.261	506.258	2000:5.100000e2
H2	p4	poly100	wkb	2000	h2_p4_t_n	3	520.645	519.288	2000:5.100000e2
H2	p4	poly100	wkb	2000	h2_p4_v_n	4	520.541	518.790	2000:5.100000e2
H2	p4	poly100	wkb	2000	h2_p4_v_w	4	506.729	505.731	2000:5.100000e2
H2	p4	poly100	wkb	2000	h2_p4_u_n	4	522.147	520.298	2000:5.100000e2
H2	p4	poly100	wkb	2000	h2_p4_u_w	4	511.596	510.596	2000:5.100000e2
H2	p4	poly100	wkb	2000	h2_p4_t_n	4	524.785	523.435	2000:5.100000e2
H2	p4	poly100	wkb	2000	h2_p4_t_w	4	515.754	514.777	2000:5.100000e2
H2	p4	poly100	wkb	2000	h2_p4_v_w	5	509.485	508.500	2000:5.100000e2
H2	p4	poly100	wkb	2000	h2_p4_u_n	5	521.187	519.391	2000:5.100000e2
H2	p4	poly100	wkb	2000	h2_p4_u_w	5	506.186	505.206	2000:5.100000e2
H2	p4	poly100	wkb	2000	h2_p4_t_n	5	520.716	519.328	2000:5.100000e2
H2	p4	poly100	wkb	2000	h2_p4_t_w	5	514.716	513.741	2000:5.100000e2
H2	p4	poly100	wkb	2000	h2_p4_v_n	5	521.546	519.714	2000:5.100000e2
H2	p4	poly1000	sep	200	h2_p4_u_w	1	5402.850	5401.690	200:4.800000e1
H2	p4	poly1000	sep	200	h2_p4_t_n	1	5297.507	5296.130	200:4.800000e1
H2	p4	poly1000	sep	200	h2_p4_t_w	1	5551.741	5550.737	200:4.800000e1
H2	p4	poly1000	sep	200	h2_p4_v_n	1	5410.043	5408.148	200:4.800000e1
H2	p4	poly1000	sep	200	h2_p4_v_w	1	5428.561	5427.564	200:4.800000e1
H2	p4	poly1000	sep	200	h2_p4_u_n	1	5451.990	5450.635	200:4.800000e1
H2	p4	poly1000	sep	200	h2_p4_t_n	2	5310.290	5308.881	200:4.800000e1
H2	p4	poly1000	sep	200	h2_p4_t_w	2	5275.234	5274.240	200:4.800000e1
H2	p4	poly1000	sep	200	h2_p4_v_n	2	5474.872	5473.485	200:4.800000e1
H2	p4	poly1000	sep	200	h2_p4_v_w	2	5428.475	5426.830	200:4.800000e1
H2	p4	poly1000	sep	200	h2_p4_u_n	2	5521.874	5520.510	200:4.800000e1
H2	p4	poly1000	sep	200	h2_p4_u_w	2	5357.700	5356.115	200:4.800000e1
H2	p4	poly1000	sep	200	h2_p4_t_w	3	5302.425	5301.418	200:4.800000e1
H2	p4	poly1000	sep	200	h2_p4_v_n	3	5442.199	5440.826	200:4.800000e1
H2	p4	poly1000	sep	200	h2_p4_v_w	3	5396.064	5395.059	200:4.800000e1
H2	p4	poly1000	sep	200	h2_p4_u_n	3	5329.705	5328.319	200:4.800000e1
H2	p4	poly1000	sep	200	h2_p4_u_w	3	5317.483	5316.479	200:4.800000e1
H2	p4	poly1000	sep	200	h2_p4_t_n	3	5309.988	5308.629	200:4.800000e1
H2	p4	poly1000	sep	200	h2_p4_v_n	4	5310.807	5309.464	200:4.800000e1
H2	p4	poly1000	sep	200	h2_p4_v_w	4	5302.176	5301.163	200:4.800000e1
H2	p4	poly1000	sep	200	h2_p4_u_n	4	5345.795	5344.456	200:4.800000e1
H2	p4	poly1000	sep	200	h2_p4_u_w	4	5353.419	5352.431	200:4.800000e1
H2	p4	poly1000	sep	200	h2_p4_t_n	4	5295.865	5294.477	200:4.800000e1
H2	p4	poly1000	sep	200	h2_p4_t_w	4	5287.229	5286.208	200:4.800000e1
H2	p4	poly1000	sep	200	h2_p4_v_w	5	5345.573	5344.577	200:4.800000e1
H2	p4	poly1000	sep	200	h2_p4_u_n	5	5308.954	5307.561	200:4.800000e1
H2	p4	poly1000	sep	200	h2_p4_u_w	5	5308.855	5307.152	200:4.800000e1
H2	p4	poly1000	sep	200	h2_p4_t_n	5	5301.379	5299.986	200:4.800000e1
H2	p4	poly1000	sep	200	h2_p4_t_w	5	5274.313	5273.294	200:4.800000e1
H2	p4	poly1000	sep	200	h2_p4_v_n	5	5320.272	5318.893	200:4.800000e1
H2	p4	poly1000	int	200	h2_p4_u_w	1	5334.207	5332.538	200:4.800000e1
H2	p4	poly1000	int	200	h2_p4_t_n	1	5309.697	5308.343	200:4.800000e1
H2	p4	poly1000	int	200	h2_p4_t_w	1	5303.217	5302.205	200:4.800000e1
H2	p4	poly1000	int	200	h2_p4_v_n	1	5353.501	5352.130	200:4.800000e1
H2	p4	poly1000	int	200	h2_p4_v_w	1	5373.962	5372.276	200:4.800000e1
H2	p4	poly1000	int	200	h2_p4_u_n	1	5347.283	5345.880	200:4.800000e1
H2	p4	poly1000	int	200	h2_p4_t_n	2	5309.179	5307.806	200:4.800000e1
H2	p4	poly1000	int	200	h2_p4_t_w	2	5330.516	5329.514	200:4.800000e1
H2	p4	poly1000	int	200	h2_p4_v_n	2	5327.952	5326.040	200:4.800000e1
H2	p4	poly1000	int	200	h2_p4_v_w	2	5342.922	5341.919	200:4.800000e1
H2	p4	poly1000	int	200	h2_p4_u_n	2	5303.971	5302.074	200:4.800000e1
H2	p4	poly1000	int	200	h2_p4_u_w	2	5377.933	5376.333	200:4.800000e1
H2	p4	poly1000	int	200	h2_p4_t_w	3	5329.628	5328.589	200:4.800000e1
H2	p4	poly1000	int	200	h2_p4_v_n	3	5381.378	5380.015	200:4.800000e1
H2	p4	poly1000	int	200	h2_p4_v_w	3	5330.364	5328.730	200:4.800000e1
H2	p4	poly1000	int	200	h2_p4_u_n	3	5416.420	5415.051	200:4.800000e1
H2	p4	poly1000	int	200	h2_p4_u_w	3	5357.049	5355.409	200:4.800000e1
H2	p4	poly1000	int	200	h2_p4_t_n	3	5309.597	5308.238	200:4.800000e1
H2	p4	poly1000	int	200	h2_p4_v_n	4	5363.096	5361.681	200:4.800000e1
H2	p4	poly1000	int	200	h2_p4_v_w	4	5399.766	5398.741	200:4.800000e1
H2	p4	poly1000	int	200	h2_p4_u_n	4	5380.321	5378.459	200:4.800000e1
H2	p4	poly1000	int	200	h2_p4_u_w	4	5367.262	5365.631	200:4.800000e1
H2	p4	poly1000	int	200	h2_p4_t_n	4	5336.319	5334.936	200:4.800000e1
H2	p4	poly1000	int	200	h2_p4_t_w	4	5323.312	5322.304	200:4.800000e1
H2	p4	poly1000	int	200	h2_p4_v_w	5	5329.877	5328.200	200:4.800000e1
H2	p4	poly1000	int	200	h2_p4_u_n	5	5373.798	5372.439	200:4.800000e1
H2	p4	poly1000	int	200	h2_p4_u_w	5	5313.025	5311.424	200:4.800000e1
H2	p4	poly1000	int	200	h2_p4_t_n	5	5319.200	5317.841	200:4.800000e1
H2	p4	poly1000	int	200	h2_p4_t_w	5	5297.529	5296.521	200:4.800000e1
H2	p4	poly1000	int	200	h2_p4_v_n	5	5359.233	5357.845	200:4.800000e1
H2	p4	poly1000	wkb	200	h2_p4_u_w	1	5362.616	5361.267	200:4.800000e1
H2	p4	poly1000	wkb	200	h2_p4_t_n	1	5336.082	5334.734	200:4.800000e1
H2	p4	poly1000	wkb	200	h2_p4_t_w	1	5318.657	5317.650	200:4.800000e1
H2	p4	poly1000	wkb	200	h2_p4_v_n	1	5423.437	5422.088	200:4.800000e1
H2	p4	poly1000	wkb	200	h2_p4_v_w	1	5340.767	5339.413	200:4.800000e1
H2	p4	poly1000	wkb	200	h2_p4_u_n	1	5452.530	5451.167	200:4.800000e1
H2	p4	poly1000	wkb	200	h2_p4_t_n	2	5282.754	5281.370	200:4.800000e1
H2	p4	poly1000	wkb	200	h2_p4_t_w	2	5321.907	5320.904	200:4.800000e1
H2	p4	poly1000	wkb	200	h2_p4_v_n	2	5394.575	5393.241	200:4.800000e1
H2	p4	poly1000	wkb	200	h2_p4_v_w	2	5432.842	5431.867	200:4.800000e1
H2	p4	poly1000	wkb	200	h2_p4_u_n	2	5410.224	5408.872	200:4.800000e1
H2	p4	poly1000	wkb	200	h2_p4_u_w	2	5388.118	5386.808	200:4.800000e1
H2	p4	poly1000	wkb	200	h2_p4_t_w	3	5294.539	5293.408	200:4.800000e1
H2	p4	poly1000	wkb	200	h2_p4_v_n	3	5385.991	5384.652	200:4.800000e1
H2	p4	poly1000	wkb	200	h2_p4_v_w	3	5331.148	5329.833	200:4.800000e1
H2	p4	poly1000	wkb	200	h2_p4_u_n	3	5358.555	5357.181	200:4.800000e1
H2	p4	poly1000	wkb	200	h2_p4_u_w	3	5351.167	5349.831	200:4.800000e1
H2	p4	poly1000	wkb	200	h2_p4_t_n	3	5330.304	5328.944	200:4.800000e1
H2	p4	poly1000	wkb	200	h2_p4_v_n	4	5385.899	5384.585	200:4.800000e1
H2	p4	poly1000	wkb	200	h2_p4_v_w	4	5364.663	5363.652	200:4.800000e1
H2	p4	poly1000	wkb	200	h2_p4_u_n	4	5368.106	5366.769	200:4.800000e1
H2	p4	poly1000	wkb	200	h2_p4_u_w	4	5359.485	5358.082	200:4.800000e1
H2	p4	poly1000	wkb	200	h2_p4_t_n	4	5354.584	5353.245	200:4.800000e1
H2	p4	poly1000	wkb	200	h2_p4_t_w	4	5294.796	5293.803	200:4.800000e1
H2	p4	poly1000	wkb	200	h2_p4_v_w	5	5382.694	5381.703	200:4.800000e1
H2	p4	poly1000	wkb	200	h2_p4_u_n	5	5369.294	5367.974	200:4.800000e1
H2	p4	poly1000	wkb	200	h2_p4_u_w	5	5333.693	5332.242	200:4.800000e1
H2	p4	poly1000	wkb	200	h2_p4_t_n	5	5316.702	5315.348	200:4.800000e1
H2	p4	poly1000	wkb	200	h2_p4_t_w	5	5342.565	5341.539	200:4.800000e1
H2	p4	poly1000	wkb	200	h2_p4_v_n	5	5372.386	5371.031	200:4.800000e1
H6	area	points	sep	1000000	u_area	1	60.175	59.501	1000000:0.000000e0
H6	area	points	sep	1000000	g_area	1	0.851	0.000	1000000:0.000000e0
H6	area	points	sep	1000000	g_area	2	0.510	0.000	1000000:0.000000e0
H6	area	points	sep	1000000	u_area	2	59.893	59.522	1000000:0.000000e0
H6	area	points	sep	1000000	u_area	3	60.469	59.809	1000000:0.000000e0
H6	area	points	sep	1000000	g_area	3	0.851	0.000	1000000:0.000000e0
H6	area	points	sep	1000000	g_area	4	0.533	0.000	1000000:0.000000e0
H6	area	points	sep	1000000	u_area	4	60.007	59.627	1000000:0.000000e0
H6	area	points	sep	1000000	u_area	5	60.494	59.778	1000000:0.000000e0
H6	area	points	sep	1000000	g_area	5	0.894	0.000	1000000:0.000000e0
H6	area	points	int	1000000	u_area	1	71.276	70.500	1000000:0.000000e0
H6	area	points	int	1000000	g_area	1	2.323	0.000	1000000:0.000000e0
H6	area	points	int	1000000	g_area	2	1.840	0.000	1000000:0.000000e0
H6	area	points	int	1000000	u_area	2	69.683	69.275	1000000:0.000000e0
H6	area	points	int	1000000	u_area	3	69.812	69.112	1000000:0.000000e0
H6	area	points	int	1000000	g_area	3	2.250	0.000	1000000:0.000000e0
H6	area	points	int	1000000	g_area	4	1.871	0.000	1000000:0.000000e0
H6	area	points	int	1000000	u_area	4	62.929	62.553	1000000:0.000000e0
H6	area	points	int	1000000	u_area	5	62.312	61.662	1000000:0.000000e0
H6	area	points	int	1000000	g_area	5	0.877	0.000	1000000:0.000000e0
H6	area	points	wkb	1000000	u_area	1	42.570	41.934	1000000:0.000000e0
H6	area	points	wkb	1000000	g_area	1	35.855	0.000	1000000:0.000000e0
H6	area	points	wkb	1000000	g_area	2	35.603	0.000	1000000:0.000000e0
H6	area	points	wkb	1000000	u_area	2	42.550	41.938	1000000:0.000000e0
H6	area	points	wkb	1000000	u_area	3	42.504	41.878	1000000:0.000000e0
H6	area	points	wkb	1000000	g_area	3	35.669	0.000	1000000:0.000000e0
H6	area	points	wkb	1000000	g_area	4	35.817	0.000	1000000:0.000000e0
H6	area	points	wkb	1000000	u_area	4	42.695	42.137	1000000:0.000000e0
H6	area	points	wkb	1000000	u_area	5	42.477	41.813	1000000:0.000000e0
H6	area	points	wkb	1000000	g_area	5	35.533	0.000	1000000:0.000000e0
H6	area	poly10	sep	100000	u_area	1	30.082	29.503	100000:2.078528e5
H6	area	poly10	sep	100000	g_area	1	18.017	0.000	100000:2.078528e5
H6	area	poly10	sep	100000	g_area	2	17.895	0.000	100000:2.078528e5
H6	area	poly10	sep	100000	u_area	2	30.004	29.667	100000:2.078528e5
H6	area	poly10	sep	100000	u_area	3	30.333	29.681	100000:2.078528e5
H6	area	poly10	sep	100000	g_area	3	18.185	0.000	100000:2.078528e5
H6	area	poly10	sep	100000	g_area	4	18.035	0.000	100000:2.078528e5
H6	area	poly10	sep	100000	u_area	4	29.774	29.421	100000:2.078528e5
H6	area	poly10	sep	100000	u_area	5	30.103	29.514	100000:2.078528e5
H6	area	poly10	sep	100000	g_area	5	17.989	0.000	100000:2.078528e5
H6	area	poly10	int	100000	u_area	1	31.562	31.128	100000:2.078528e5
H6	area	poly10	int	100000	g_area	1	19.219	0.000	100000:2.078528e5
H6	area	poly10	int	100000	g_area	2	19.148	0.000	100000:2.078528e5
H6	area	poly10	int	100000	u_area	2	31.454	31.177	100000:2.078528e5
H6	area	poly10	int	100000	u_area	3	31.586	31.207	100000:2.078528e5
H6	area	poly10	int	100000	g_area	3	19.340	0.000	100000:2.078528e5
H6	area	poly10	int	100000	g_area	4	19.168	0.000	100000:2.078528e5
H6	area	poly10	int	100000	u_area	4	32.490	32.118	100000:2.078528e5
H6	area	poly10	int	100000	u_area	5	31.749	31.133	100000:2.078528e5
H6	area	poly10	int	100000	g_area	5	19.478	0.000	100000:2.078528e5
H6	area	poly10	wkb	100000	u_area	1	13.789	13.406	100000:2.078528e5
H6	area	poly10	wkb	100000	g_area	1	13.255	0.000	100000:2.078528e5
H6	area	poly10	wkb	100000	g_area	2	12.914	0.000	100000:2.078528e5
H6	area	poly10	wkb	100000	u_area	2	13.737	13.347	100000:2.078528e5
H6	area	poly10	wkb	100000	u_area	3	13.666	13.364	100000:2.078528e5
H6	area	poly10	wkb	100000	g_area	3	12.892	0.000	100000:2.078528e5
H6	area	poly10	wkb	100000	g_area	4	12.845	0.000	100000:2.078528e5
H6	area	poly10	wkb	100000	u_area	4	13.727	13.457	100000:2.078528e5
H6	area	poly10	wkb	100000	u_area	5	13.733	13.473	100000:2.078528e5
H6	area	poly10	wkb	100000	g_area	5	13.004	0.000	100000:2.078528e5
H6	area	poly100	sep	100000	u_area	1	179.000	178.348	100000:2.267650e5
H6	area	poly100	sep	100000	g_area	1	123.522	0.000	100000:2.267650e5
H6	area	poly100	sep	100000	g_area	2	122.939	0.000	100000:2.267650e5
H6	area	poly100	sep	100000	u_area	2	177.791	177.143	100000:2.267650e5
H6	area	poly100	sep	100000	u_area	3	178.488	177.785	100000:2.267650e5
H6	area	poly100	sep	100000	g_area	3	123.748	0.000	100000:2.267650e5
H6	area	poly100	sep	100000	g_area	4	124.411	0.000	100000:2.267650e5
H6	area	poly100	sep	100000	u_area	4	180.436	179.789	100000:2.267650e5
H6	area	poly100	sep	100000	u_area	5	180.810	180.152	100000:2.267650e5
H6	area	poly100	sep	100000	g_area	5	125.682	0.000	100000:2.267650e5
H6	area	poly100	int	100000	u_area	1	195.551	194.877	100000:2.267650e5
H6	area	poly100	int	100000	g_area	1	138.871	0.000	100000:2.267650e5
H6	area	poly100	int	100000	g_area	2	152.049	0.000	100000:2.267650e5
H6	area	poly100	int	100000	u_area	2	193.725	193.078	100000:2.267650e5
H6	area	poly100	int	100000	u_area	3	194.304	193.642	100000:2.267650e5
H6	area	poly100	int	100000	g_area	3	137.480	0.000	100000:2.267650e5
H6	area	poly100	int	100000	g_area	4	138.475	0.000	100000:2.267650e5
H6	area	poly100	int	100000	u_area	4	194.595	193.949	100000:2.267650e5
H6	area	poly100	int	100000	u_area	5	193.951	193.314	100000:2.267650e5
H6	area	poly100	int	100000	g_area	5	137.629	0.000	100000:2.267650e5
H6	area	poly100	wkb	100000	u_area	1	67.420	66.841	100000:2.267650e5
H6	area	poly100	wkb	100000	g_area	1	65.183	0.000	100000:2.267650e5
H6	area	poly100	wkb	100000	g_area	2	66.616	0.000	100000:2.267650e5
H6	area	poly100	wkb	100000	u_area	2	67.510	66.901	100000:2.267650e5
H6	area	poly100	wkb	100000	u_area	3	67.590	66.998	100000:2.267650e5
H6	area	poly100	wkb	100000	g_area	3	66.128	0.000	100000:2.267650e5
H6	area	poly100	wkb	100000	g_area	4	66.439	0.000	100000:2.267650e5
H6	area	poly100	wkb	100000	u_area	4	67.473	66.878	100000:2.267650e5
H6	area	poly100	wkb	100000	u_area	5	67.044	66.453	100000:2.267650e5
H6	area	poly100	wkb	100000	g_area	5	65.761	0.000	100000:2.267650e5
H6	area	poly1000	sep	10000	u_area	1	172.110	171.512	10000:2.269578e4
H6	area	poly1000	sep	10000	g_area	1	117.458	0.000	10000:2.269578e4
H6	area	poly1000	sep	10000	g_area	2	117.740	0.000	10000:2.269578e4
H6	area	poly1000	sep	10000	u_area	2	172.373	171.807	10000:2.269578e4
H6	area	poly1000	sep	10000	u_area	3	171.927	171.355	10000:2.269578e4
H6	area	poly1000	sep	10000	g_area	3	117.914	0.000	10000:2.269578e4
H6	area	poly1000	sep	10000	g_area	4	117.799	0.000	10000:2.269578e4
H6	area	poly1000	sep	10000	u_area	4	172.142	171.578	10000:2.269578e4
H6	area	poly1000	sep	10000	u_area	5	171.878	171.307	10000:2.269578e4
H6	area	poly1000	sep	10000	g_area	5	117.918	0.000	10000:2.269578e4
H6	area	poly1000	int	10000	u_area	1	185.033	184.467	10000:2.269578e4
H6	area	poly1000	int	10000	g_area	1	131.045	0.000	10000:2.269578e4
H6	area	poly1000	int	10000	g_area	2	131.475	0.000	10000:2.269578e4
H6	area	poly1000	int	10000	u_area	2	184.329	183.767	10000:2.269578e4
H6	area	poly1000	int	10000	u_area	3	184.742	184.192	10000:2.269578e4
H6	area	poly1000	int	10000	g_area	3	131.036	0.000	10000:2.269578e4
H6	area	poly1000	int	10000	g_area	4	132.171	0.000	10000:2.269578e4
H6	area	poly1000	int	10000	u_area	4	184.227	183.661	10000:2.269578e4
H6	area	poly1000	int	10000	u_area	5	185.794	185.219	10000:2.269578e4
H6	area	poly1000	int	10000	g_area	5	131.881	0.000	10000:2.269578e4
H6	area	poly1000	wkb	10000	u_area	1	59.375	58.838	10000:2.269578e4
H6	area	poly1000	wkb	10000	g_area	1	58.964	0.000	10000:2.269578e4
H6	area	poly1000	wkb	10000	g_area	2	58.855	0.000	10000:2.269578e4
H6	area	poly1000	wkb	10000	u_area	2	58.922	58.384	10000:2.269578e4
H6	area	poly1000	wkb	10000	u_area	3	59.005	58.474	10000:2.269578e4
H6	area	poly1000	wkb	10000	g_area	3	58.859	0.000	10000:2.269578e4
H6	area	poly1000	wkb	10000	g_area	4	58.723	0.000	10000:2.269578e4
H6	area	poly1000	wkb	10000	u_area	4	58.832	58.281	10000:2.269578e4
H6	area	poly1000	wkb	10000	u_area	5	58.952	58.409	10000:2.269578e4
H6	area	poly1000	wkb	10000	g_area	5	59.019	0.000	10000:2.269578e4
H6	centroid	points	sep	1000000	u_centroid	1	68.664	67.940	1000000:0.000000e0
H6	centroid	points	sep	1000000	g_centroid	1	32.431	0.000	1000000:0.000000e0
H6	centroid	points	sep	1000000	g_centroid	2	32.241	0.000	1000000:0.000000e0
H6	centroid	points	sep	1000000	u_centroid	2	68.637	68.093	1000000:0.000000e0
H6	centroid	points	sep	1000000	u_centroid	3	68.973	68.211	1000000:0.000000e0
H6	centroid	points	sep	1000000	g_centroid	3	32.540	0.000	1000000:0.000000e0
H6	centroid	points	sep	1000000	g_centroid	4	32.223	0.000	1000000:0.000000e0
H6	centroid	points	sep	1000000	u_centroid	4	68.746	68.211	1000000:0.000000e0
H6	centroid	points	sep	1000000	u_centroid	5	68.761	68.004	1000000:0.000000e0
H6	centroid	points	sep	1000000	g_centroid	5	32.635	0.000	1000000:0.000000e0
H6	centroid	points	int	1000000	u_centroid	1	70.138	69.511	1000000:0.000000e0
H6	centroid	points	int	1000000	g_centroid	1	33.388	0.000	1000000:0.000000e0
H6	centroid	points	int	1000000	g_centroid	2	33.251	0.000	1000000:0.000000e0
H6	centroid	points	int	1000000	u_centroid	2	70.230	69.664	1000000:0.000000e0
H6	centroid	points	int	1000000	u_centroid	3	70.352	69.610	1000000:0.000000e0
H6	centroid	points	int	1000000	g_centroid	3	33.626	0.000	1000000:0.000000e0
H6	centroid	points	int	1000000	g_centroid	4	33.380	0.000	1000000:0.000000e0
H6	centroid	points	int	1000000	u_centroid	4	70.267	69.670	1000000:0.000000e0
H6	centroid	points	int	1000000	u_centroid	5	70.162	69.527	1000000:0.000000e0
H6	centroid	points	int	1000000	g_centroid	5	33.277	0.000	1000000:0.000000e0
H6	centroid	points	wkb	1000000	u_centroid	1	49.540	48.836	1000000:0.000000e0
H6	centroid	points	wkb	1000000	g_centroid	1	41.052	0.000	1000000:0.000000e0
H6	centroid	points	wkb	1000000	g_centroid	2	41.173	0.000	1000000:0.000000e0
H6	centroid	points	wkb	1000000	u_centroid	2	49.501	48.910	1000000:0.000000e0
H6	centroid	points	wkb	1000000	u_centroid	3	49.295	48.685	1000000:0.000000e0
H6	centroid	points	wkb	1000000	g_centroid	3	40.984	0.000	1000000:0.000000e0
H6	centroid	points	wkb	1000000	g_centroid	4	40.961	0.000	1000000:0.000000e0
H6	centroid	points	wkb	1000000	u_centroid	4	50.347	49.657	1000000:0.000000e0
H6	centroid	points	wkb	1000000	u_centroid	5	49.385	48.827	1000000:0.000000e0
H6	centroid	points	wkb	1000000	g_centroid	5	41.154	0.000	1000000:0.000000e0
H6	centroid	poly10	sep	100000	u_centroid	1	33.175	32.627	100000:0.000000e0
H6	centroid	poly10	sep	100000	g_centroid	1	21.053	0.000	100000:0.000000e0
H6	centroid	poly10	sep	100000	g_centroid	2	21.024	0.000	100000:0.000000e0
H6	centroid	poly10	sep	100000	u_centroid	2	32.902	32.588	100000:0.000000e0
H6	centroid	poly10	sep	100000	u_centroid	3	32.973	32.489	100000:0.000000e0
H6	centroid	poly10	sep	100000	g_centroid	3	20.880	0.000	100000:0.000000e0
H6	centroid	poly10	sep	100000	g_centroid	4	20.912	0.000	100000:0.000000e0
H6	centroid	poly10	sep	100000	u_centroid	4	32.872	32.557	100000:0.000000e0
H6	centroid	poly10	sep	100000	u_centroid	5	32.902	32.515	100000:0.000000e0
H6	centroid	poly10	sep	100000	g_centroid	5	20.954	0.000	100000:0.000000e0
H6	centroid	poly10	int	100000	u_centroid	1	34.831	34.258	100000:0.000000e0
H6	centroid	poly10	int	100000	g_centroid	1	22.071	0.000	100000:0.000000e0
H6	centroid	poly10	int	100000	g_centroid	2	21.873	0.000	100000:0.000000e0
H6	centroid	poly10	int	100000	u_centroid	2	34.544	34.051	100000:0.000000e0
H6	centroid	poly10	int	100000	u_centroid	3	34.537	34.155	100000:0.000000e0
H6	centroid	poly10	int	100000	g_centroid	3	22.434	0.000	100000:0.000000e0
H6	centroid	poly10	int	100000	g_centroid	4	22.066	0.000	100000:0.000000e0
H6	centroid	poly10	int	100000	u_centroid	4	34.500	34.022	100000:0.000000e0
H6	centroid	poly10	int	100000	u_centroid	5	34.467	34.130	100000:0.000000e0
H6	centroid	poly10	int	100000	g_centroid	5	22.103	0.000	100000:0.000000e0
H6	centroid	poly10	wkb	100000	u_centroid	1	17.062	16.548	100000:0.000000e0
H6	centroid	poly10	wkb	100000	g_centroid	1	15.576	0.000	100000:0.000000e0
H6	centroid	poly10	wkb	100000	g_centroid	2	15.518	0.000	100000:0.000000e0
H6	centroid	poly10	wkb	100000	u_centroid	2	16.724	16.455	100000:0.000000e0
H6	centroid	poly10	wkb	100000	u_centroid	3	16.665	16.401	100000:0.000000e0
H6	centroid	poly10	wkb	100000	g_centroid	3	15.496	0.000	100000:0.000000e0
H6	centroid	poly10	wkb	100000	g_centroid	4	15.475	0.000	100000:0.000000e0
H6	centroid	poly10	wkb	100000	u_centroid	4	16.686	16.390	100000:0.000000e0
H6	centroid	poly10	wkb	100000	u_centroid	5	16.710	16.415	100000:0.000000e0
H6	centroid	poly10	wkb	100000	g_centroid	5	15.478	0.000	100000:0.000000e0
H6	centroid	poly100	sep	100000	u_centroid	1	192.236	191.483	100000:0.000000e0
H6	centroid	poly100	sep	100000	g_centroid	1	135.147	0.000	100000:0.000000e0
H6	centroid	poly100	sep	100000	g_centroid	2	136.287	0.000	100000:0.000000e0
H6	centroid	poly100	sep	100000	u_centroid	2	192.213	191.543	100000:0.000000e0
H6	centroid	poly100	sep	100000	u_centroid	3	191.634	190.969	100000:0.000000e0
H6	centroid	poly100	sep	100000	g_centroid	3	136.629	0.000	100000:0.000000e0
H6	centroid	poly100	sep	100000	g_centroid	4	135.228	0.000	100000:0.000000e0
H6	centroid	poly100	sep	100000	u_centroid	4	192.181	191.521	100000:0.000000e0
H6	centroid	poly100	sep	100000	u_centroid	5	191.314	190.636	100000:0.000000e0
H6	centroid	poly100	sep	100000	g_centroid	5	135.094	0.000	100000:0.000000e0
H6	centroid	poly100	int	100000	u_centroid	1	205.276	204.609	100000:0.000000e0
H6	centroid	poly100	int	100000	g_centroid	1	149.037	0.000	100000:0.000000e0
H6	centroid	poly100	int	100000	g_centroid	2	149.553	0.000	100000:0.000000e0
H6	centroid	poly100	int	100000	u_centroid	2	204.896	204.237	100000:0.000000e0
H6	centroid	poly100	int	100000	u_centroid	3	205.696	205.029	100000:0.000000e0
H6	centroid	poly100	int	100000	g_centroid	3	149.971	0.000	100000:0.000000e0
H6	centroid	poly100	int	100000	g_centroid	4	149.454	0.000	100000:0.000000e0
H6	centroid	poly100	int	100000	u_centroid	4	205.280	204.614	100000:0.000000e0
H6	centroid	poly100	int	100000	u_centroid	5	205.731	205.076	100000:0.000000e0
H6	centroid	poly100	int	100000	g_centroid	5	149.035	0.000	100000:0.000000e0
H6	centroid	poly100	wkb	100000	u_centroid	1	79.343	78.733	100000:0.000000e0
H6	centroid	poly100	wkb	100000	g_centroid	1	77.549	0.000	100000:0.000000e0
H6	centroid	poly100	wkb	100000	g_centroid	2	79.191	0.000	100000:0.000000e0
H6	centroid	poly100	wkb	100000	u_centroid	2	79.273	78.654	100000:0.000000e0
H6	centroid	poly100	wkb	100000	u_centroid	3	79.532	78.884	100000:0.000000e0
H6	centroid	poly100	wkb	100000	g_centroid	3	78.224	0.000	100000:0.000000e0
H6	centroid	poly100	wkb	100000	g_centroid	4	78.160	0.000	100000:0.000000e0
H6	centroid	poly100	wkb	100000	u_centroid	4	80.184	79.546	100000:0.000000e0
H6	centroid	poly100	wkb	100000	u_centroid	5	79.844	79.071	100000:0.000000e0
H6	centroid	poly100	wkb	100000	g_centroid	5	80.033	0.000	100000:0.000000e0
H6	centroid	poly1000	sep	10000	u_centroid	1	182.077	181.497	10000:0.000000e0
H6	centroid	poly1000	sep	10000	g_centroid	1	129.369	0.000	10000:0.000000e0
H6	centroid	poly1000	sep	10000	g_centroid	2	131.429	0.000	10000:0.000000e0
H6	centroid	poly1000	sep	10000	u_centroid	2	185.569	184.945	10000:0.000000e0
H6	centroid	poly1000	sep	10000	u_centroid	3	181.669	181.067	10000:0.000000e0
H6	centroid	poly1000	sep	10000	g_centroid	3	129.448	0.000	10000:0.000000e0
H6	centroid	poly1000	sep	10000	g_centroid	4	128.380	0.000	10000:0.000000e0
H6	centroid	poly1000	sep	10000	u_centroid	4	181.640	181.045	10000:0.000000e0
H6	centroid	poly1000	sep	10000	u_centroid	5	182.372	181.779	10000:0.000000e0
H6	centroid	poly1000	sep	10000	g_centroid	5	134.577	0.000	10000:0.000000e0
H6	centroid	poly1000	int	10000	u_centroid	1	195.366	194.784	10000:0.000000e0
H6	centroid	poly1000	int	10000	g_centroid	1	142.549	0.000	10000:0.000000e0
H6	centroid	poly1000	int	10000	g_centroid	2	142.209	0.000	10000:0.000000e0
H6	centroid	poly1000	int	10000	u_centroid	2	195.337	194.757	10000:0.000000e0
H6	centroid	poly1000	int	10000	u_centroid	3	195.104	194.530	10000:0.000000e0
H6	centroid	poly1000	int	10000	g_centroid	3	142.000	0.000	10000:0.000000e0
H6	centroid	poly1000	int	10000	g_centroid	4	142.206	0.000	10000:0.000000e0
H6	centroid	poly1000	int	10000	u_centroid	4	195.721	195.120	10000:0.000000e0
H6	centroid	poly1000	int	10000	u_centroid	5	195.819	195.232	10000:0.000000e0
H6	centroid	poly1000	int	10000	g_centroid	5	142.159	0.000	10000:0.000000e0
H6	centroid	poly1000	wkb	10000	u_centroid	1	69.715	69.164	10000:0.000000e0
H6	centroid	poly1000	wkb	10000	g_centroid	1	69.350	0.000	10000:0.000000e0
H6	centroid	poly1000	wkb	10000	g_centroid	2	69.471	0.000	10000:0.000000e0
H6	centroid	poly1000	wkb	10000	u_centroid	2	69.861	69.284	10000:0.000000e0
H6	centroid	poly1000	wkb	10000	u_centroid	3	69.944	69.363	10000:0.000000e0
H6	centroid	poly1000	wkb	10000	g_centroid	3	71.391	0.000	10000:0.000000e0
H6	centroid	poly1000	wkb	10000	g_centroid	4	70.216	0.000	10000:0.000000e0
H6	centroid	poly1000	wkb	10000	u_centroid	4	69.542	68.994	10000:0.000000e0
H6	centroid	poly1000	wkb	10000	u_centroid	5	69.482	68.932	10000:0.000000e0
H6	centroid	poly1000	wkb	10000	g_centroid	5	69.377	0.000	10000:0.000000e0
H6	simplify	points	sep	1000000	u_simplify	1	93.409	88.851	1000000:0.000000e0
H6	simplify	points	sep	1000000	u_simplify_same	1	93.373	88.812	1000000:0.000000e0
H6	simplify	points	sep	1000000	g_simplify	1	0.849	0.000	1000000:0.000000e0
H6	simplify	points	sep	1000000	u_simplify_same	2	93.096	88.833	1000000:0.000000e0
H6	simplify	points	sep	1000000	g_simplify	2	0.829	0.000	1000000:0.000000e0
H6	simplify	points	sep	1000000	u_simplify	2	94.121	89.753	1000000:0.000000e0
H6	simplify	points	sep	1000000	g_simplify	3	0.844	0.000	1000000:0.000000e0
H6	simplify	points	sep	1000000	u_simplify	3	92.896	88.661	1000000:0.000000e0
H6	simplify	points	sep	1000000	u_simplify_same	3	93.382	88.829	1000000:0.000000e0
H6	simplify	points	sep	1000000	u_simplify	4	93.508	88.970	1000000:0.000000e0
H6	simplify	points	sep	1000000	u_simplify_same	4	93.673	89.103	1000000:0.000000e0
H6	simplify	points	sep	1000000	g_simplify	4	0.840	0.000	1000000:0.000000e0
H6	simplify	points	sep	1000000	u_simplify_same	5	93.235	88.989	1000000:0.000000e0
H6	simplify	points	sep	1000000	g_simplify	5	0.847	0.000	1000000:0.000000e0
H6	simplify	points	sep	1000000	u_simplify	5	93.095	88.799	1000000:0.000000e0
H6	simplify	points	int	1000000	u_simplify	1	94.861	90.356	1000000:0.000000e0
H6	simplify	points	int	1000000	u_simplify_same	1	94.780	90.228	1000000:0.000000e0
H6	simplify	points	int	1000000	g_simplify	1	0.755	0.000	1000000:0.000000e0
H6	simplify	points	int	1000000	u_simplify_same	2	94.096	89.962	1000000:0.000000e0
H6	simplify	points	int	1000000	g_simplify	2	0.757	0.000	1000000:0.000000e0
H6	simplify	points	int	1000000	u_simplify	2	93.847	89.752	1000000:0.000000e0
H6	simplify	points	int	1000000	g_simplify	3	0.749	0.000	1000000:0.000000e0
H6	simplify	points	int	1000000	u_simplify	3	94.764	90.575	1000000:0.000000e0
H6	simplify	points	int	1000000	u_simplify_same	3	94.416	89.917	1000000:0.000000e0
H6	simplify	points	int	1000000	u_simplify	4	94.487	89.984	1000000:0.000000e0
H6	simplify	points	int	1000000	u_simplify_same	4	94.430	89.940	1000000:0.000000e0
H6	simplify	points	int	1000000	g_simplify	4	0.770	0.000	1000000:0.000000e0
H6	simplify	points	int	1000000	u_simplify_same	5	94.097	89.994	1000000:0.000000e0
H6	simplify	points	int	1000000	g_simplify	5	0.762	0.000	1000000:0.000000e0
H6	simplify	points	int	1000000	u_simplify	5	94.061	89.935	1000000:0.000000e0
H6	simplify	points	wkb	1000000	u_simplify	1	75.046	70.365	1000000:0.000000e0
H6	simplify	points	wkb	1000000	u_simplify_same	1	74.848	70.185	1000000:0.000000e0
H6	simplify	points	wkb	1000000	g_simplify	1	67.855	0.000	1000000:0.000000e0
H6	simplify	points	wkb	1000000	u_simplify_same	2	75.148	70.442	1000000:0.000000e0
H6	simplify	points	wkb	1000000	g_simplify	2	68.440	0.000	1000000:0.000000e0
H6	simplify	points	wkb	1000000	u_simplify	2	75.319	70.611	1000000:0.000000e0
H6	simplify	points	wkb	1000000	g_simplify	3	68.385	0.000	1000000:0.000000e0
H6	simplify	points	wkb	1000000	u_simplify	3	75.529	70.785	1000000:0.000000e0
H6	simplify	points	wkb	1000000	u_simplify_same	3	75.257	70.574	1000000:0.000000e0
H6	simplify	points	wkb	1000000	u_simplify	4	75.528	70.786	1000000:0.000000e0
H6	simplify	points	wkb	1000000	u_simplify_same	4	75.532	70.754	1000000:0.000000e0
H6	simplify	points	wkb	1000000	g_simplify	4	68.011	0.000	1000000:0.000000e0
H6	simplify	points	wkb	1000000	u_simplify_same	5	75.221	70.507	1000000:0.000000e0
H6	simplify	points	wkb	1000000	g_simplify	5	68.027	0.000	1000000:0.000000e0
H6	simplify	points	wkb	1000000	u_simplify	5	75.377	70.661	1000000:0.000000e0
H6	simplify	poly10	sep	100000	u_simplify	1	97.107	95.760	100000:0.000000e0
H6	simplify	poly10	sep	100000	u_simplify_same	1	96.298	95.647	100000:0.000000e0
H6	simplify	poly10	sep	100000	g_simplify	1	80.740	0.000	100000:0.000000e0
H6	simplify	poly10	sep	100000	u_simplify_same	2	97.804	97.066	100000:0.000000e0
H6	simplify	poly10	sep	100000	g_simplify	2	81.121	0.000	100000:0.000000e0
H6	simplify	poly10	sep	100000	u_simplify	2	98.086	96.708	100000:0.000000e0
H6	simplify	poly10	sep	100000	g_simplify	3	79.750	0.000	100000:0.000000e0
H6	simplify	poly10	sep	100000	u_simplify	3	97.649	96.200	100000:0.000000e0
H6	simplify	poly10	sep	100000	u_simplify_same	3	96.178	95.495	100000:0.000000e0
H6	simplify	poly10	sep	100000	u_simplify	4	97.103	95.740	100000:0.000000e0
H6	simplify	poly10	sep	100000	u_simplify_same	4	96.135	95.485	100000:0.000000e0
H6	simplify	poly10	sep	100000	g_simplify	4	79.606	0.000	100000:0.000000e0
H6	simplify	poly10	sep	100000	u_simplify_same	5	96.577	95.891	100000:0.000000e0
H6	simplify	poly10	sep	100000	g_simplify	5	79.319	0.000	100000:0.000000e0
H6	simplify	poly10	sep	100000	u_simplify	5	97.825	96.450	100000:0.000000e0
H6	simplify	poly10	int	100000	u_simplify	1	101.603	100.246	100000:0.000000e0
H6	simplify	poly10	int	100000	u_simplify_same	1	101.365	100.706	100000:0.000000e0
H6	simplify	poly10	int	100000	g_simplify	1	81.000	0.000	100000:0.000000e0
H6	simplify	poly10	int	100000	u_simplify_same	2	99.456	98.818	100000:0.000000e0
H6	simplify	poly10	int	100000	g_simplify	2	80.150	0.000	100000:0.000000e0
H6	simplify	poly10	int	100000	u_simplify	2	101.652	100.282	100000:0.000000e0
H6	simplify	poly10	int	100000	g_simplify	3	81.020	0.000	100000:0.000000e0
H6	simplify	poly10	int	100000	u_simplify	3	101.065	99.677	100000:0.000000e0
H6	simplify	poly10	int	100000	u_simplify_same	3	100.559	99.894	100000:0.000000e0
H6	simplify	poly10	int	100000	u_simplify	4	102.427	101.031	100000:0.000000e0
H6	simplify	poly10	int	100000	u_simplify_same	4	100.523	99.875	100000:0.000000e0
H6	simplify	poly10	int	100000	g_simplify	4	81.138	0.000	100000:0.000000e0
H6	simplify	poly10	int	100000	u_simplify_same	5	101.883	101.246	100000:0.000000e0
H6	simplify	poly10	int	100000	g_simplify	5	80.325	0.000	100000:0.000000e0
H6	simplify	poly10	int	100000	u_simplify	5	101.235	99.887	100000:0.000000e0
H6	simplify	poly10	wkb	100000	u_simplify	1	84.181	82.803	100000:0.000000e0
H6	simplify	poly10	wkb	100000	u_simplify_same	1	83.733	82.389	100000:0.000000e0
H6	simplify	poly10	wkb	100000	g_simplify	1	81.681	0.000	100000:0.000000e0
H6	simplify	poly10	wkb	100000	u_simplify_same	2	83.385	82.043	100000:0.000000e0
H6	simplify	poly10	wkb	100000	g_simplify	2	82.907	0.000	100000:0.000000e0
H6	simplify	poly10	wkb	100000	u_simplify	2	83.792	82.438	100000:0.000000e0
H6	simplify	poly10	wkb	100000	g_simplify	3	81.730	0.000	100000:0.000000e0
H6	simplify	poly10	wkb	100000	u_simplify	3	83.302	81.963	100000:0.000000e0
H6	simplify	poly10	wkb	100000	u_simplify_same	3	83.935	82.593	100000:0.000000e0
H6	simplify	poly10	wkb	100000	u_simplify	4	84.136	82.783	100000:0.000000e0
H6	simplify	poly10	wkb	100000	u_simplify_same	4	83.967	82.613	100000:0.000000e0
H6	simplify	poly10	wkb	100000	g_simplify	4	81.837	0.000	100000:0.000000e0
H6	simplify	poly10	wkb	100000	u_simplify_same	5	86.196	84.621	100000:0.000000e0
H6	simplify	poly10	wkb	100000	g_simplify	5	83.932	0.000	100000:0.000000e0
H6	simplify	poly10	wkb	100000	u_simplify	5	82.957	81.603	100000:0.000000e0
H6	simplify	poly100	sep	100000	u_simplify	1	950.969	949.359	100000:0.000000e0
H6	simplify	poly100	sep	100000	u_simplify_same	1	962.112	961.127	100000:0.000000e0
H6	simplify	poly100	sep	100000	g_simplify	1	896.066	0.000	100000:0.000000e0
H6	simplify	poly100	sep	100000	u_simplify_same	2	963.420	962.537	100000:0.000000e0
H6	simplify	poly100	sep	100000	g_simplify	2	894.334	0.000	100000:0.000000e0
H6	simplify	poly100	sep	100000	u_simplify	2	947.438	945.818	100000:0.000000e0
H6	simplify	poly100	sep	100000	g_simplify	3	898.782	0.000	100000:0.000000e0
H6	simplify	poly100	sep	100000	u_simplify	3	949.040	947.417	100000:0.000000e0
H6	simplify	poly100	sep	100000	u_simplify_same	3	956.500	955.671	100000:0.000000e0
H6	simplify	poly100	sep	100000	u_simplify	4	950.529	948.888	100000:0.000000e0
H6	simplify	poly100	sep	100000	u_simplify_same	4	963.519	962.678	100000:0.000000e0
H6	simplify	poly100	sep	100000	g_simplify	4	898.473	0.000	100000:0.000000e0
H6	simplify	poly100	sep	100000	u_simplify_same	5	962.053	961.273	100000:0.000000e0
H6	simplify	poly100	sep	100000	g_simplify	5	901.655	0.000	100000:0.000000e0
H6	simplify	poly100	sep	100000	u_simplify	5	958.888	957.271	100000:0.000000e0
H6	simplify	poly100	int	100000	u_simplify	1	952.854	951.239	100000:0.000000e0
H6	simplify	poly100	int	100000	u_simplify_same	1	973.666	972.882	100000:0.000000e0
H6	simplify	poly100	int	100000	g_simplify	1	912.809	0.000	100000:0.000000e0
H6	simplify	poly100	int	100000	u_simplify_same	2	970.804	970.064	100000:0.000000e0
H6	simplify	poly100	int	100000	g_simplify	2	901.121	0.000	100000:0.000000e0
H6	simplify	poly100	int	100000	u_simplify	2	953.157	951.570	100000:0.000000e0
H6	simplify	poly100	int	100000	g_simplify	3	913.389	0.000	100000:0.000000e0
H6	simplify	poly100	int	100000	u_simplify	3	953.093	951.478	100000:0.000000e0
H6	simplify	poly100	int	100000	u_simplify_same	3	970.523	969.719	100000:0.000000e0
H6	simplify	poly100	int	100000	u_simplify	4	952.184	950.521	100000:0.000000e0
H6	simplify	poly100	int	100000	u_simplify_same	4	970.370	969.565	100000:0.000000e0
H6	simplify	poly100	int	100000	g_simplify	4	900.590	0.000	100000:0.000000e0
H6	simplify	poly100	int	100000	u_simplify_same	5	955.039	954.281	100000:0.000000e0
H6	simplify	poly100	int	100000	g_simplify	5	905.668	0.000	100000:0.000000e0
H6	simplify	poly100	int	100000	u_simplify	5	959.103	957.429	100000:0.000000e0
H6	simplify	poly100	wkb	100000	u_simplify	1	824.840	823.229	100000:0.000000e0
H6	simplify	poly100	wkb	100000	u_simplify_same	1	825.350	823.794	100000:0.000000e0
H6	simplify	poly100	wkb	100000	g_simplify	1	828.925	0.000	100000:0.000000e0
H6	simplify	poly100	wkb	100000	u_simplify_same	2	824.909	823.354	100000:0.000000e0
H6	simplify	poly100	wkb	100000	g_simplify	2	828.457	0.000	100000:0.000000e0
H6	simplify	poly100	wkb	100000	u_simplify	2	843.513	841.918	100000:0.000000e0
H6	simplify	poly100	wkb	100000	g_simplify	3	845.639	0.000	100000:0.000000e0
H6	simplify	poly100	wkb	100000	u_simplify	3	839.320	837.752	100000:0.000000e0
H6	simplify	poly100	wkb	100000	u_simplify_same	3	842.639	841.043	100000:0.000000e0
H6	simplify	poly100	wkb	100000	u_simplify	4	841.456	839.839	100000:0.000000e0
H6	simplify	poly100	wkb	100000	u_simplify_same	4	841.308	839.729	100000:0.000000e0
H6	simplify	poly100	wkb	100000	g_simplify	4	842.732	0.000	100000:0.000000e0
H6	simplify	poly100	wkb	100000	u_simplify_same	5	840.622	839.036	100000:0.000000e0
H6	simplify	poly100	wkb	100000	g_simplify	5	846.824	0.000	100000:0.000000e0
H6	simplify	poly100	wkb	100000	u_simplify	5	839.721	838.138	100000:0.000000e0
H6	simplify	poly1000	sep	10000	u_simplify	1	1119.046	1118.017	10000:0.000000e0
H6	simplify	poly1000	sep	10000	u_simplify_same	1	1126.505	1125.908	10000:0.000000e0
H6	simplify	poly1000	sep	10000	g_simplify	1	1073.197	0.000	10000:0.000000e0
H6	simplify	poly1000	sep	10000	u_simplify_same	2	1125.944	1125.300	10000:0.000000e0
H6	simplify	poly1000	sep	10000	g_simplify	2	1072.539	0.000	10000:0.000000e0
H6	simplify	poly1000	sep	10000	u_simplify	2	1120.577	1119.558	10000:0.000000e0
H6	simplify	poly1000	sep	10000	g_simplify	3	1072.153	0.000	10000:0.000000e0
H6	simplify	poly1000	sep	10000	u_simplify	3	1121.213	1120.190	10000:0.000000e0
H6	simplify	poly1000	sep	10000	u_simplify_same	3	1123.208	1122.606	10000:0.000000e0
H6	simplify	poly1000	sep	10000	u_simplify	4	1122.349	1121.308	10000:0.000000e0
H6	simplify	poly1000	sep	10000	u_simplify_same	4	1122.768	1122.135	10000:0.000000e0
H6	simplify	poly1000	sep	10000	g_simplify	4	1071.388	0.000	10000:0.000000e0
H6	simplify	poly1000	sep	10000	u_simplify_same	5	1119.065	1118.438	10000:0.000000e0
H6	simplify	poly1000	sep	10000	g_simplify	5	1071.079	0.000	10000:0.000000e0
H6	simplify	poly1000	sep	10000	u_simplify	5	1120.041	1119.012	10000:0.000000e0
H6	simplify	poly1000	int	10000	u_simplify	1	1133.886	1132.873	10000:0.000000e0
H6	simplify	poly1000	int	10000	u_simplify_same	1	1136.393	1135.801	10000:0.000000e0
H6	simplify	poly1000	int	10000	g_simplify	1	1081.617	0.000	10000:0.000000e0
H6	simplify	poly1000	int	10000	u_simplify_same	2	1131.712	1131.096	10000:0.000000e0
H6	simplify	poly1000	int	10000	g_simplify	2	1080.801	0.000	10000:0.000000e0
H6	simplify	poly1000	int	10000	u_simplify	2	1137.076	1136.041	10000:0.000000e0
H6	simplify	poly1000	int	10000	g_simplify	3	1081.966	0.000	10000:0.000000e0
H6	simplify	poly1000	int	10000	u_simplify	3	1133.934	1132.912	10000:0.000000e0
H6	simplify	poly1000	int	10000	u_simplify_same	3	1138.288	1137.669	10000:0.000000e0
H6	simplify	poly1000	int	10000	u_simplify	4	1137.463	1136.428	10000:0.000000e0
H6	simplify	poly1000	int	10000	u_simplify_same	4	1134.534	1133.933	10000:0.000000e0
H6	simplify	poly1000	int	10000	g_simplify	4	1076.778	0.000	10000:0.000000e0
H6	simplify	poly1000	int	10000	u_simplify_same	5	1133.410	1132.803	10000:0.000000e0
H6	simplify	poly1000	int	10000	g_simplify	5	1078.975	0.000	10000:0.000000e0
H6	simplify	poly1000	int	10000	u_simplify	5	1133.651	1132.620	10000:0.000000e0
H6	simplify	poly1000	wkb	10000	u_simplify	1	1008.290	1007.298	10000:0.000000e0
H6	simplify	poly1000	wkb	10000	u_simplify_same	1	1010.418	1009.416	10000:0.000000e0
H6	simplify	poly1000	wkb	10000	g_simplify	1	1008.379	0.000	10000:0.000000e0
H6	simplify	poly1000	wkb	10000	u_simplify_same	2	1006.650	1005.664	10000:0.000000e0
H6	simplify	poly1000	wkb	10000	g_simplify	2	1008.434	0.000	10000:0.000000e0
H6	simplify	poly1000	wkb	10000	u_simplify	2	1006.048	1005.034	10000:0.000000e0
H6	simplify	poly1000	wkb	10000	g_simplify	3	1008.282	0.000	10000:0.000000e0
H6	simplify	poly1000	wkb	10000	u_simplify	3	1006.928	1005.932	10000:0.000000e0
H6	simplify	poly1000	wkb	10000	u_simplify_same	3	1006.070	1005.077	10000:0.000000e0
H6	simplify	poly1000	wkb	10000	u_simplify	4	1007.035	1006.029	10000:0.000000e0
H6	simplify	poly1000	wkb	10000	u_simplify_same	4	1007.074	1006.085	10000:0.000000e0
H6	simplify	poly1000	wkb	10000	g_simplify	4	1009.320	0.000	10000:0.000000e0
H6	simplify	poly1000	wkb	10000	u_simplify_same	5	1011.509	1010.500	10000:0.000000e0
H6	simplify	poly1000	wkb	10000	g_simplify	5	1008.588	0.000	10000:0.000000e0
H6	simplify	poly1000	wkb	10000	u_simplify	5	1008.889	1007.890	10000:0.000000e0
H6	intersects	points	sep	100000	u_intersectsrelate_aa	1	775.463	774.695	100000:2.486200e4
H6	intersects	points	sep	100000	e_intersects_aa	1	132.698	131.936	100000:2.486200e4
H6	intersects	points	sep	100000	u_intersects_aa	1	186.711	186.032	100000:2.486200e4
H6	intersects	points	sep	100000	g_intersects_aa	1	727.511	0.000	100000:2.486200e4
H6	intersects	points	sep	100000	e_intersects_aa	2	129.303	128.634	100000:2.486200e4
H6	intersects	points	sep	100000	u_intersects_aa	2	188.139	187.453	100000:2.486200e4
H6	intersects	points	sep	100000	g_intersects_aa	2	724.612	0.000	100000:2.486200e4
H6	intersects	points	sep	100000	u_intersectsrelate_aa	2	779.304	778.559	100000:2.486200e4
H6	intersects	points	sep	100000	u_intersects_aa	3	187.797	187.105	100000:2.486200e4
H6	intersects	points	sep	100000	g_intersects_aa	3	730.156	0.000	100000:2.486200e4
H6	intersects	points	sep	100000	u_intersectsrelate_aa	3	781.823	781.079	100000:2.486200e4
H6	intersects	points	sep	100000	e_intersects_aa	3	128.865	128.190	100000:2.486200e4
H6	intersects	points	sep	100000	g_intersects_aa	4	731.073	0.000	100000:2.486200e4
H6	intersects	points	sep	100000	u_intersectsrelate_aa	4	789.561	788.810	100000:2.486200e4
H6	intersects	points	sep	100000	e_intersects_aa	4	130.459	129.773	100000:2.486200e4
H6	intersects	points	sep	100000	u_intersects_aa	4	187.075	186.381	100000:2.486200e4
H6	intersects	points	sep	100000	u_intersectsrelate_aa	5	781.523	780.820	100000:2.486200e4
H6	intersects	points	sep	100000	e_intersects_aa	5	129.316	128.643	100000:2.486200e4
H6	intersects	points	sep	100000	u_intersects_aa	5	187.414	186.738	100000:2.486200e4
H6	intersects	points	sep	100000	g_intersects_aa	5	733.851	0.000	100000:2.486200e4
H6	intersects	points	int	100000	u_intersectsrelate_aa	1	798.488	797.716	100000:2.486200e4
H6	intersects	points	int	100000	e_intersects_aa	1	141.874	141.212	100000:2.486200e4
H6	intersects	points	int	100000	u_intersects_aa	1	203.160	202.496	100000:2.486200e4
H6	intersects	points	int	100000	g_intersects_aa	1	739.774	0.000	100000:2.486200e4
H6	intersects	points	int	100000	e_intersects_aa	2	141.931	141.271	100000:2.486200e4
H6	intersects	points	int	100000	u_intersects_aa	2	202.219	201.539	100000:2.486200e4
H6	intersects	points	int	100000	g_intersects_aa	2	728.294	0.000	100000:2.486200e4
H6	intersects	points	int	100000	u_intersectsrelate_aa	2	799.835	799.113	100000:2.486200e4
H6	intersects	points	int	100000	u_intersects_aa	3	202.630	201.965	100000:2.486200e4
H6	intersects	points	int	100000	g_intersects_aa	3	738.893	0.000	100000:2.486200e4
H6	intersects	points	int	100000	u_intersectsrelate_aa	3	809.662	808.933	100000:2.486200e4
H6	intersects	points	int	100000	e_intersects_aa	3	142.814	142.153	100000:2.486200e4
H6	intersects	points	int	100000	g_intersects_aa	4	745.729	0.000	100000:2.486200e4
H6	intersects	points	int	100000	u_intersectsrelate_aa	4	801.383	800.666	100000:2.486200e4
H6	intersects	points	int	100000	e_intersects_aa	4	142.661	141.993	100000:2.486200e4
H6	intersects	points	int	100000	u_intersects_aa	4	202.649	201.984	100000:2.486200e4
H6	intersects	points	int	100000	u_intersectsrelate_aa	5	803.218	802.521	100000:2.486200e4
H6	intersects	points	int	100000	e_intersects_aa	5	141.992	141.332	100000:2.486200e4
H6	intersects	points	int	100000	u_intersects_aa	5	203.737	203.047	100000:2.486200e4
H6	intersects	points	int	100000	g_intersects_aa	5	737.596	0.000	100000:2.486200e4
H6	intersects	points	wkb	100000	u_intersectsrelate_aa	1	668.539	667.885	100000:2.486200e4
H6	intersects	points	wkb	100000	e_intersects_aa	1	72.623	71.955	100000:2.486200e4
H6	intersects	points	wkb	100000	u_intersects_aa	1	73.322	72.715	100000:2.486200e4
H6	intersects	points	wkb	100000	g_intersects_aa	1	672.407	0.000	100000:2.486200e4
H6	intersects	points	wkb	100000	e_intersects_aa	2	72.814	72.202	100000:2.486200e4
H6	intersects	points	wkb	100000	u_intersects_aa	2	73.396	72.716	100000:2.486200e4
H6	intersects	points	wkb	100000	g_intersects_aa	2	673.965	0.000	100000:2.486200e4
H6	intersects	points	wkb	100000	u_intersectsrelate_aa	2	671.245	670.572	100000:2.486200e4
H6	intersects	points	wkb	100000	u_intersects_aa	3	73.446	72.855	100000:2.486200e4
H6	intersects	points	wkb	100000	g_intersects_aa	3	674.682	0.000	100000:2.486200e4
H6	intersects	points	wkb	100000	u_intersectsrelate_aa	3	673.372	672.720	100000:2.486200e4
H6	intersects	points	wkb	100000	e_intersects_aa	3	72.511	71.888	100000:2.486200e4
H6	intersects	points	wkb	100000	g_intersects_aa	4	670.294	0.000	100000:2.486200e4
H6	intersects	points	wkb	100000	u_intersectsrelate_aa	4	667.901	667.217	100000:2.486200e4
H6	intersects	points	wkb	100000	e_intersects_aa	4	72.487	71.879	100000:2.486200e4
H6	intersects	points	wkb	100000	u_intersects_aa	4	73.321	72.689	100000:2.486200e4
H6	intersects	points	wkb	100000	u_intersectsrelate_aa	5	672.036	671.347	100000:2.486200e4
H6	intersects	points	wkb	100000	e_intersects_aa	5	74.620	73.970	100000:2.486200e4
H6	intersects	points	wkb	100000	u_intersects_aa	5	73.935	73.312	100000:2.486200e4
H6	intersects	points	wkb	100000	g_intersects_aa	5	672.248	0.000	100000:2.486200e4
H6	intersects	poly10	sep	100000	u_intersectsrelate_aa	1	905.887	905.161	100000:2.487300e4
H6	intersects	poly10	sep	100000	e_intersects_aa	1	221.896	221.250	100000:2.487300e4
H6	intersects	poly10	sep	100000	u_intersects_aa	1	290.142	289.440	100000:2.487300e4
H6	intersects	poly10	sep	100000	g_intersects_aa	1	833.415	0.000	100000:2.487300e4
H6	intersects	poly10	sep	100000	e_intersects_aa	2	222.224	221.568	100000:2.487300e4
H6	intersects	poly10	sep	100000	u_intersects_aa	2	290.827	290.127	100000:2.487300e4
H6	intersects	poly10	sep	100000	g_intersects_aa	2	839.702	0.000	100000:2.487300e4
H6	intersects	poly10	sep	100000	u_intersectsrelate_aa	2	913.907	913.181	100000:2.487300e4
H6	intersects	poly10	sep	100000	u_intersects_aa	3	290.852	290.169	100000:2.487300e4
H6	intersects	poly10	sep	100000	g_intersects_aa	3	838.327	0.000	100000:2.487300e4
H6	intersects	poly10	sep	100000	u_intersectsrelate_aa	3	911.040	910.303	100000:2.487300e4
H6	intersects	poly10	sep	100000	e_intersects_aa	3	221.834	221.132	100000:2.487300e4
H6	intersects	poly10	sep	100000	g_intersects_aa	4	831.033	0.000	100000:2.487300e4
H6	intersects	poly10	sep	100000	u_intersectsrelate_aa	4	906.291	905.549	100000:2.487300e4
H6	intersects	poly10	sep	100000	e_intersects_aa	4	221.187	220.536	100000:2.487300e4
H6	intersects	poly10	sep	100000	u_intersects_aa	4	299.826	299.101	100000:2.487300e4
H6	intersects	poly10	sep	100000	u_intersectsrelate_aa	5	913.688	912.954	100000:2.487300e4
H6	intersects	poly10	sep	100000	e_intersects_aa	5	223.570	222.877	100000:2.487300e4
H6	intersects	poly10	sep	100000	u_intersects_aa	5	290.270	289.567	100000:2.487300e4
H6	intersects	poly10	sep	100000	g_intersects_aa	5	837.167	0.000	100000:2.487300e4
H6	intersects	poly10	int	100000	u_intersectsrelate_aa	1	921.905	921.154	100000:2.487300e4
H6	intersects	poly10	int	100000	e_intersects_aa	1	237.036	236.352	100000:2.487300e4
H6	intersects	poly10	int	100000	u_intersects_aa	1	306.346	305.644	100000:2.487300e4
H6	intersects	poly10	int	100000	g_intersects_aa	1	858.565	0.000	100000:2.487300e4
H6	intersects	poly10	int	100000	e_intersects_aa	2	237.889	237.209	100000:2.487300e4
H6	intersects	poly10	int	100000	u_intersects_aa	2	305.252	304.545	100000:2.487300e4
H6	intersects	poly10	int	100000	g_intersects_aa	2	853.469	0.000	100000:2.487300e4
H6	intersects	poly10	int	100000	u_intersectsrelate_aa	2	934.204	933.492	100000:2.487300e4
H6	intersects	poly10	int	100000	u_intersects_aa	3	304.919	304.234	100000:2.487300e4
H6	intersects	poly10	int	100000	g_intersects_aa	3	850.318	0.000	100000:2.487300e4
H6	intersects	poly10	int	100000	u_intersectsrelate_aa	3	920.842	920.111	100000:2.487300e4
H6	intersects	poly10	int	100000	e_intersects_aa	3	237.972	237.276	100000:2.487300e4
H6	intersects	poly10	int	100000	g_intersects_aa	4	854.412	0.000	100000:2.487300e4
H6	intersects	poly10	int	100000	u_intersectsrelate_aa	4	917.967	917.226	100000:2.487300e4
H6	intersects	poly10	int	100000	e_intersects_aa	4	236.852	236.180	100000:2.487300e4
H6	intersects	poly10	int	100000	u_intersects_aa	4	328.154	327.458	100000:2.487300e4
H6	intersects	poly10	int	100000	u_intersectsrelate_aa	5	915.225	914.535	100000:2.487300e4
H6	intersects	poly10	int	100000	e_intersects_aa	5	237.354	236.648	100000:2.487300e4
H6	intersects	poly10	int	100000	u_intersects_aa	5	306.356	305.681	100000:2.487300e4
H6	intersects	poly10	int	100000	g_intersects_aa	5	855.981	0.000	100000:2.487300e4
H6	intersects	poly10	wkb	100000	u_intersectsrelate_aa	1	782.467	781.775	100000:2.487300e4
H6	intersects	poly10	wkb	100000	e_intersects_aa	1	158.147	157.515	100000:2.487300e4
H6	intersects	poly10	wkb	100000	u_intersects_aa	1	162.118	161.470	100000:2.487300e4
H6	intersects	poly10	wkb	100000	g_intersects_aa	1	790.183	0.000	100000:2.487300e4
H6	intersects	poly10	wkb	100000	e_intersects_aa	2	158.782	158.145	100000:2.487300e4
H6	intersects	poly10	wkb	100000	u_intersects_aa	2	161.767	161.143	100000:2.487300e4
H6	intersects	poly10	wkb	100000	g_intersects_aa	2	789.268	0.000	100000:2.487300e4
H6	intersects	poly10	wkb	100000	u_intersectsrelate_aa	2	778.422	777.712	100000:2.487300e4
H6	intersects	poly10	wkb	100000	u_intersects_aa	3	161.901	161.268	100000:2.487300e4
H6	intersects	poly10	wkb	100000	g_intersects_aa	3	789.412	0.000	100000:2.487300e4
H6	intersects	poly10	wkb	100000	u_intersectsrelate_aa	3	777.493	776.808	100000:2.487300e4
H6	intersects	poly10	wkb	100000	e_intersects_aa	3	158.997	158.335	100000:2.487300e4
H6	intersects	poly10	wkb	100000	g_intersects_aa	4	788.209	0.000	100000:2.487300e4
H6	intersects	poly10	wkb	100000	u_intersectsrelate_aa	4	775.408	774.726	100000:2.487300e4
H6	intersects	poly10	wkb	100000	e_intersects_aa	4	157.907	157.254	100000:2.487300e4
H6	intersects	poly10	wkb	100000	u_intersects_aa	4	161.068	160.428	100000:2.487300e4
H6	intersects	poly10	wkb	100000	u_intersectsrelate_aa	5	769.552	768.872	100000:2.487300e4
H6	intersects	poly10	wkb	100000	e_intersects_aa	5	158.244	157.617	100000:2.487300e4
H6	intersects	poly10	wkb	100000	u_intersects_aa	5	166.323	165.675	100000:2.487300e4
H6	intersects	poly10	wkb	100000	g_intersects_aa	5	785.944	0.000	100000:2.487300e4
H6	intersects	poly100	sep	20000	u_intersectsrelate_aa	1	381.688	381.050	20000:5.085000e3
H6	intersects	poly100	sep	20000	e_intersects_aa	1	182.098	181.509	20000:5.085000e3
H6	intersects	poly100	sep	20000	u_intersects_aa	1	208.699	208.098	20000:5.085000e3
H6	intersects	poly100	sep	20000	g_intersects_aa	1	363.533	0.000	20000:5.085000e3
H6	intersects	poly100	sep	20000	e_intersects_aa	2	181.775	181.202	20000:5.085000e3
H6	intersects	poly100	sep	20000	u_intersects_aa	2	208.225	207.617	20000:5.085000e3
H6	intersects	poly100	sep	20000	g_intersects_aa	2	358.383	0.000	20000:5.085000e3
H6	intersects	poly100	sep	20000	u_intersectsrelate_aa	2	384.024	383.441	20000:5.085000e3
H6	intersects	poly100	sep	20000	u_intersects_aa	3	210.921	210.258	20000:5.085000e3
H6	intersects	poly100	sep	20000	g_intersects_aa	3	358.397	0.000	20000:5.085000e3
H6	intersects	poly100	sep	20000	u_intersectsrelate_aa	3	383.342	382.754	20000:5.085000e3
H6	intersects	poly100	sep	20000	e_intersects_aa	3	181.539	180.960	20000:5.085000e3
H6	intersects	poly100	sep	20000	g_intersects_aa	4	357.269	0.000	20000:5.085000e3
H6	intersects	poly100	sep	20000	u_intersectsrelate_aa	4	381.831	381.149	20000:5.085000e3
H6	intersects	poly100	sep	20000	e_intersects_aa	4	182.157	181.565	20000:5.085000e3
H6	intersects	poly100	sep	20000	u_intersects_aa	4	210.098	209.495	20000:5.085000e3
H6	intersects	poly100	sep	20000	u_intersectsrelate_aa	5	379.930	379.319	20000:5.085000e3
H6	intersects	poly100	sep	20000	e_intersects_aa	5	182.212	181.640	20000:5.085000e3
H6	intersects	poly100	sep	20000	u_intersects_aa	5	208.312	207.716	20000:5.085000e3
H6	intersects	poly100	sep	20000	g_intersects_aa	5	358.502	0.000	20000:5.085000e3
H6	intersects	poly100	int	20000	u_intersectsrelate_aa	1	393.462	392.839	20000:5.085000e3
H6	intersects	poly100	int	20000	e_intersects_aa	1	186.833	186.205	20000:5.085000e3
H6	intersects	poly100	int	20000	u_intersects_aa	1	214.970	214.369	20000:5.085000e3
H6	intersects	poly100	int	20000	g_intersects_aa	1	358.484	0.000	20000:5.085000e3
H6	intersects	poly100	int	20000	e_intersects_aa	2	186.884	186.300	20000:5.085000e3
H6	intersects	poly100	int	20000	u_intersects_aa	2	216.991	216.379	20000:5.085000e3
H6	intersects	poly100	int	20000	g_intersects_aa	2	358.513	0.000	20000:5.085000e3
H6	intersects	poly100	int	20000	u_intersectsrelate_aa	2	396.817	396.190	20000:5.085000e3
H6	intersects	poly100	int	20000	u_intersects_aa	3	215.734	215.112	20000:5.085000e3
H6	intersects	poly100	int	20000	g_intersects_aa	3	363.315	0.000	20000:5.085000e3
H6	intersects	poly100	int	20000	u_intersectsrelate_aa	3	398.297	397.716	20000:5.085000e3
H6	intersects	poly100	int	20000	e_intersects_aa	3	187.518	186.917	20000:5.085000e3
H6	intersects	poly100	int	20000	g_intersects_aa	4	358.663	0.000	20000:5.085000e3
H6	intersects	poly100	int	20000	u_intersectsrelate_aa	4	397.167	396.539	20000:5.085000e3
H6	intersects	poly100	int	20000	e_intersects_aa	4	187.014	186.399	20000:5.085000e3
H6	intersects	poly100	int	20000	u_intersects_aa	4	216.137	215.539	20000:5.085000e3
H6	intersects	poly100	int	20000	u_intersectsrelate_aa	5	393.462	392.850	20000:5.085000e3
H6	intersects	poly100	int	20000	e_intersects_aa	5	191.603	190.987	20000:5.085000e3
H6	intersects	poly100	int	20000	u_intersects_aa	5	216.384	215.759	20000:5.085000e3
H6	intersects	poly100	int	20000	g_intersects_aa	5	359.387	0.000	20000:5.085000e3
H6	intersects	poly100	wkb	20000	u_intersectsrelate_aa	1	333.735	333.179	20000:5.085000e3
H6	intersects	poly100	wkb	20000	e_intersects_aa	1	159.332	158.776	20000:5.085000e3
H6	intersects	poly100	wkb	20000	u_intersects_aa	1	160.295	159.710	20000:5.085000e3
H6	intersects	poly100	wkb	20000	g_intersects_aa	1	334.856	0.000	20000:5.085000e3
H6	intersects	poly100	wkb	20000	e_intersects_aa	2	158.696	158.107	20000:5.085000e3
H6	intersects	poly100	wkb	20000	u_intersects_aa	2	159.224	158.647	20000:5.085000e3
H6	intersects	poly100	wkb	20000	g_intersects_aa	2	333.224	0.000	20000:5.085000e3
H6	intersects	poly100	wkb	20000	u_intersectsrelate_aa	2	334.888	334.333	20000:5.085000e3
H6	intersects	poly100	wkb	20000	u_intersects_aa	3	161.207	160.643	20000:5.085000e3
H6	intersects	poly100	wkb	20000	g_intersects_aa	3	336.665	0.000	20000:5.085000e3
H6	intersects	poly100	wkb	20000	u_intersectsrelate_aa	3	335.452	334.910	20000:5.085000e3
H6	intersects	poly100	wkb	20000	e_intersects_aa	3	158.693	158.147	20000:5.085000e3
H6	intersects	poly100	wkb	20000	g_intersects_aa	4	333.626	0.000	20000:5.085000e3
H6	intersects	poly100	wkb	20000	u_intersectsrelate_aa	4	333.870	333.310	20000:5.085000e3
H6	intersects	poly100	wkb	20000	e_intersects_aa	4	158.654	158.068	20000:5.085000e3
H6	intersects	poly100	wkb	20000	u_intersects_aa	4	158.510	157.952	20000:5.085000e3
H6	intersects	poly100	wkb	20000	u_intersectsrelate_aa	5	332.778	332.202	20000:5.085000e3
H6	intersects	poly100	wkb	20000	e_intersects_aa	5	160.089	159.528	20000:5.085000e3
H6	intersects	poly100	wkb	20000	u_intersects_aa	5	159.248	158.682	20000:5.085000e3
H6	intersects	poly100	wkb	20000	g_intersects_aa	5	332.865	0.000	20000:5.085000e3
H6	intersects	poly1000	sep	2000	u_intersectsrelate_aa	1	466.197	465.634	2000:5.010000e2
H6	intersects	poly1000	sep	2000	e_intersects_aa	1	153.420	152.882	2000:5.010000e2
H6	intersects	poly1000	sep	2000	u_intersects_aa	1	166.847	166.272	2000:5.010000e2
H6	intersects	poly1000	sep	2000	g_intersects_aa	1	453.379	0.000	2000:5.010000e2
H6	intersects	poly1000	sep	2000	e_intersects_aa	2	153.209	152.673	2000:5.010000e2
H6	intersects	poly1000	sep	2000	u_intersects_aa	2	164.256	163.684	2000:5.010000e2
H6	intersects	poly1000	sep	2000	g_intersects_aa	2	452.869	0.000	2000:5.010000e2
H6	intersects	poly1000	sep	2000	u_intersectsrelate_aa	2	463.678	463.143	2000:5.010000e2
H6	intersects	poly1000	sep	2000	u_intersects_aa	3	166.714	166.159	2000:5.010000e2
H6	intersects	poly1000	sep	2000	g_intersects_aa	3	452.825	0.000	2000:5.010000e2
H6	intersects	poly1000	sep	2000	u_intersectsrelate_aa	3	462.656	462.107	2000:5.010000e2
H6	intersects	poly1000	sep	2000	e_intersects_aa	3	153.238	152.692	2000:5.010000e2
H6	intersects	poly1000	sep	2000	g_intersects_aa	4	453.777	0.000	2000:5.010000e2
H6	intersects	poly1000	sep	2000	u_intersectsrelate_aa	4	467.748	467.187	2000:5.010000e2
H6	intersects	poly1000	sep	2000	e_intersects_aa	4	153.691	153.125	2000:5.010000e2
H6	intersects	poly1000	sep	2000	u_intersects_aa	4	164.972	164.391	2000:5.010000e2
H6	intersects	poly1000	sep	2000	u_intersectsrelate_aa	5	465.987	465.415	2000:5.010000e2
H6	intersects	poly1000	sep	2000	e_intersects_aa	5	153.043	152.478	2000:5.010000e2
H6	intersects	poly1000	sep	2000	u_intersects_aa	5	163.527	162.933	2000:5.010000e2
H6	intersects	poly1000	sep	2000	g_intersects_aa	5	454.246	0.000	2000:5.010000e2
H6	intersects	poly1000	int	2000	u_intersectsrelate_aa	1	466.630	466.059	2000:5.010000e2
H6	intersects	poly1000	int	2000	e_intersects_aa	1	156.866	156.308	2000:5.010000e2
H6	intersects	poly1000	int	2000	u_intersects_aa	1	167.312	166.739	2000:5.010000e2
H6	intersects	poly1000	int	2000	g_intersects_aa	1	456.945	0.000	2000:5.010000e2
H6	intersects	poly1000	int	2000	e_intersects_aa	2	156.318	155.771	2000:5.010000e2
H6	intersects	poly1000	int	2000	u_intersects_aa	2	167.202	166.643	2000:5.010000e2
H6	intersects	poly1000	int	2000	g_intersects_aa	2	457.508	0.000	2000:5.010000e2
H6	intersects	poly1000	int	2000	u_intersectsrelate_aa	2	469.408	468.840	2000:5.010000e2
H6	intersects	poly1000	int	2000	u_intersects_aa	3	166.343	165.776	2000:5.010000e2
H6	intersects	poly1000	int	2000	g_intersects_aa	3	459.509	0.000	2000:5.010000e2
H6	intersects	poly1000	int	2000	u_intersectsrelate_aa	3	466.529	465.984	2000:5.010000e2
H6	intersects	poly1000	int	2000	e_intersects_aa	3	156.459	155.902	2000:5.010000e2
H6	intersects	poly1000	int	2000	g_intersects_aa	4	458.625	0.000	2000:5.010000e2
H6	intersects	poly1000	int	2000	u_intersectsrelate_aa	4	466.286	465.711	2000:5.010000e2
H6	intersects	poly1000	int	2000	e_intersects_aa	4	156.604	156.061	2000:5.010000e2
H6	intersects	poly1000	int	2000	u_intersects_aa	4	167.788	167.183	2000:5.010000e2
H6	intersects	poly1000	int	2000	u_intersectsrelate_aa	5	467.935	467.332	2000:5.010000e2
H6	intersects	poly1000	int	2000	e_intersects_aa	5	156.516	155.923	2000:5.010000e2
H6	intersects	poly1000	int	2000	u_intersects_aa	5	167.345	166.773	2000:5.010000e2
H6	intersects	poly1000	int	2000	g_intersects_aa	5	458.134	0.000	2000:5.010000e2
H6	intersects	poly1000	wkb	2000	u_intersectsrelate_aa	1	442.730	442.165	2000:5.010000e2
H6	intersects	poly1000	wkb	2000	e_intersects_aa	1	140.247	139.708	2000:5.010000e2
H6	intersects	poly1000	wkb	2000	u_intersects_aa	1	140.282	139.699	2000:5.010000e2
H6	intersects	poly1000	wkb	2000	g_intersects_aa	1	441.542	0.000	2000:5.010000e2
H6	intersects	poly1000	wkb	2000	e_intersects_aa	2	140.966	140.426	2000:5.010000e2
H6	intersects	poly1000	wkb	2000	u_intersects_aa	2	141.625	141.050	2000:5.010000e2
H6	intersects	poly1000	wkb	2000	g_intersects_aa	2	443.579	0.000	2000:5.010000e2
H6	intersects	poly1000	wkb	2000	u_intersectsrelate_aa	2	440.385	439.844	2000:5.010000e2
H6	intersects	poly1000	wkb	2000	u_intersects_aa	3	140.364	139.823	2000:5.010000e2
H6	intersects	poly1000	wkb	2000	g_intersects_aa	3	439.292	0.000	2000:5.010000e2
H6	intersects	poly1000	wkb	2000	u_intersectsrelate_aa	3	440.063	439.524	2000:5.010000e2
H6	intersects	poly1000	wkb	2000	e_intersects_aa	3	140.466	139.920	2000:5.010000e2
H6	intersects	poly1000	wkb	2000	g_intersects_aa	4	439.142	0.000	2000:5.010000e2
H6	intersects	poly1000	wkb	2000	u_intersectsrelate_aa	4	440.442	439.883	2000:5.010000e2
H6	intersects	poly1000	wkb	2000	e_intersects_aa	4	141.049	140.497	2000:5.010000e2
H6	intersects	poly1000	wkb	2000	u_intersects_aa	4	140.401	139.827	2000:5.010000e2
H6	intersects	poly1000	wkb	2000	u_intersectsrelate_aa	5	441.064	440.508	2000:5.010000e2
H6	intersects	poly1000	wkb	2000	e_intersects_aa	5	140.237	139.698	2000:5.010000e2
H6	intersects	poly1000	wkb	2000	u_intersects_aa	5	140.229	139.672	2000:5.010000e2
H6	intersects	poly1000	wkb	2000	g_intersects_aa	5	439.595	0.000	2000:5.010000e2
H6	intersects_const	points	sep	1000000	u_intersects	1	478.412	477.173	1000000:2.481810e5
H6	intersects_const	points	sep	1000000	g_intersects	1	411.293	0.000	1000000:2.481810e5
H6	intersects_const	points	sep	1000000	g_intersects	2	414.737	0.000	1000000:2.481810e5
H6	intersects_const	points	sep	1000000	u_intersects	2	478.999	477.537	1000000:2.481810e5
H6	intersects_const	points	sep	1000000	u_intersects	3	472.955	471.717	1000000:2.481810e5
H6	intersects_const	points	sep	1000000	g_intersects	3	409.494	0.000	1000000:2.481810e5
H6	intersects_const	points	sep	1000000	g_intersects	4	410.799	0.000	1000000:2.481810e5
H6	intersects_const	points	sep	1000000	u_intersects	4	473.751	472.549	1000000:2.481810e5
H6	intersects_const	points	sep	1000000	u_intersects	5	476.315	475.103	1000000:2.481810e5
H6	intersects_const	points	sep	1000000	g_intersects	5	410.015	0.000	1000000:2.481810e5
H6	intersects_const	points	int	1000000	u_intersects	1	479.382	478.190	1000000:2.481810e5
H6	intersects_const	points	int	1000000	g_intersects	1	413.893	0.000	1000000:2.481810e5
H6	intersects_const	points	int	1000000	g_intersects	2	411.584	0.000	1000000:2.481810e5
H6	intersects_const	points	int	1000000	u_intersects	2	475.550	474.355	1000000:2.481810e5
H6	intersects_const	points	int	1000000	u_intersects	3	477.032	475.831	1000000:2.481810e5
H6	intersects_const	points	int	1000000	g_intersects	3	413.173	0.000	1000000:2.481810e5
H6	intersects_const	points	int	1000000	g_intersects	4	411.809	0.000	1000000:2.481810e5
H6	intersects_const	points	int	1000000	u_intersects	4	478.887	477.597	1000000:2.481810e5
H6	intersects_const	points	int	1000000	u_intersects	5	475.220	473.991	1000000:2.481810e5
H6	intersects_const	points	int	1000000	g_intersects	5	414.132	0.000	1000000:2.481810e5
H6	intersects_const	points	wkb	1000000	u_intersects	1	450.641	449.543	1000000:2.481810e5
H6	intersects_const	points	wkb	1000000	g_intersects	1	437.944	0.000	1000000:2.481810e5
H6	intersects_const	points	wkb	1000000	g_intersects	2	436.220	0.000	1000000:2.481810e5
H6	intersects_const	points	wkb	1000000	u_intersects	2	449.405	448.257	1000000:2.481810e5
H6	intersects_const	points	wkb	1000000	u_intersects	3	454.273	453.161	1000000:2.481810e5
H6	intersects_const	points	wkb	1000000	g_intersects	3	436.787	0.000	1000000:2.481810e5
H6	intersects_const	points	wkb	1000000	g_intersects	4	436.138	0.000	1000000:2.481810e5
H6	intersects_const	points	wkb	1000000	u_intersects	4	459.998	458.880	1000000:2.481810e5
H6	intersects_const	points	wkb	1000000	u_intersects	5	455.298	454.137	1000000:2.481810e5
H6	intersects_const	points	wkb	1000000	g_intersects	5	439.154	0.000	1000000:2.481810e5
H6	intersects_const	poly10	sep	100000	u_intersects	1	161.048	160.097	100000:2.487300e4
H6	intersects_const	poly10	sep	100000	g_intersects	1	147.255	0.000	100000:2.487300e4
H6	intersects_const	poly10	sep	100000	g_intersects	2	147.408	0.000	100000:2.487300e4
H6	intersects_const	poly10	sep	100000	u_intersects	2	162.877	161.954	100000:2.487300e4
H6	intersects_const	poly10	sep	100000	u_intersects	3	161.492	160.523	100000:2.487300e4
H6	intersects_const	poly10	sep	100000	g_intersects	3	147.291	0.000	100000:2.487300e4
H6	intersects_const	poly10	sep	100000	g_intersects	4	149.124	0.000	100000:2.487300e4
H6	intersects_const	poly10	sep	100000	u_intersects	4	162.634	161.617	100000:2.487300e4
H6	intersects_const	poly10	sep	100000	u_intersects	5	161.658	160.673	100000:2.487300e4
H6	intersects_const	poly10	sep	100000	g_intersects	5	147.311	0.000	100000:2.487300e4
H6	intersects_const	poly10	int	100000	u_intersects	1	163.683	162.710	100000:2.487300e4
H6	intersects_const	poly10	int	100000	g_intersects	1	148.550	0.000	100000:2.487300e4
H6	intersects_const	poly10	int	100000	g_intersects	2	148.741	0.000	100000:2.487300e4
H6	intersects_const	poly10	int	100000	u_intersects	2	162.633	161.666	100000:2.487300e4
H6	intersects_const	poly10	int	100000	u_intersects	3	164.594	163.631	100000:2.487300e4
H6	intersects_const	poly10	int	100000	g_intersects	3	148.489	0.000	100000:2.487300e4
H6	intersects_const	poly10	int	100000	g_intersects	4	149.300	0.000	100000:2.487300e4
H6	intersects_const	poly10	int	100000	u_intersects	4	164.476	163.519	100000:2.487300e4
H6	intersects_const	poly10	int	100000	u_intersects	5	167.685	166.712	100000:2.487300e4
H6	intersects_const	poly10	int	100000	g_intersects	5	149.447	0.000	100000:2.487300e4
H6	intersects_const	poly10	wkb	100000	u_intersects	1	146.954	145.964	100000:2.487300e4
H6	intersects_const	poly10	wkb	100000	g_intersects	1	144.381	0.000	100000:2.487300e4
H6	intersects_const	poly10	wkb	100000	g_intersects	2	144.484	0.000	100000:2.487300e4
H6	intersects_const	poly10	wkb	100000	u_intersects	2	147.228	146.279	100000:2.487300e4
H6	intersects_const	poly10	wkb	100000	u_intersects	3	148.075	147.123	100000:2.487300e4
H6	intersects_const	poly10	wkb	100000	g_intersects	3	145.023	0.000	100000:2.487300e4
H6	intersects_const	poly10	wkb	100000	g_intersects	4	145.212	0.000	100000:2.487300e4
H6	intersects_const	poly10	wkb	100000	u_intersects	4	148.504	147.526	100000:2.487300e4
H6	intersects_const	poly10	wkb	100000	u_intersects	5	150.478	149.523	100000:2.487300e4
H6	intersects_const	poly10	wkb	100000	g_intersects	5	147.620	0.000	100000:2.487300e4
H6	intersects_const	poly100	sep	20000	u_intersects	1	230.154	229.207	20000:5.085000e3
H6	intersects_const	poly100	sep	20000	g_intersects	1	220.812	0.000	20000:5.085000e3
H6	intersects_const	poly100	sep	20000	g_intersects	2	215.579	0.000	20000:5.085000e3
H6	intersects_const	poly100	sep	20000	u_intersects	2	224.743	223.789	20000:5.085000e3
H6	intersects_const	poly100	sep	20000	u_intersects	3	221.823	220.848	20000:5.085000e3
H6	intersects_const	poly100	sep	20000	g_intersects	3	214.664	0.000	20000:5.085000e3
H6	intersects_const	poly100	sep	20000	g_intersects	4	215.875	0.000	20000:5.085000e3
H6	intersects_const	poly100	sep	20000	u_intersects	4	223.470	222.497	20000:5.085000e3
H6	intersects_const	poly100	sep	20000	u_intersects	5	221.001	220.034	20000:5.085000e3
H6	intersects_const	poly100	sep	20000	g_intersects	5	211.603	0.000	20000:5.085000e3
H6	intersects_const	poly100	int	20000	u_intersects	1	226.639	225.672	20000:5.085000e3
H6	intersects_const	poly100	int	20000	g_intersects	1	215.713	0.000	20000:5.085000e3
H6	intersects_const	poly100	int	20000	g_intersects	2	217.783	0.000	20000:5.085000e3
H6	intersects_const	poly100	int	20000	u_intersects	2	225.533	224.550	20000:5.085000e3
H6	intersects_const	poly100	int	20000	u_intersects	3	225.573	224.602	20000:5.085000e3
H6	intersects_const	poly100	int	20000	g_intersects	3	217.523	0.000	20000:5.085000e3
H6	intersects_const	poly100	int	20000	g_intersects	4	216.376	0.000	20000:5.085000e3
H6	intersects_const	poly100	int	20000	u_intersects	4	227.188	226.208	20000:5.085000e3
H6	intersects_const	poly100	int	20000	u_intersects	5	226.455	225.464	20000:5.085000e3
H6	intersects_const	poly100	int	20000	g_intersects	5	216.933	0.000	20000:5.085000e3
H6	intersects_const	poly100	wkb	20000	u_intersects	1	201.756	200.809	20000:5.085000e3
H6	intersects_const	poly100	wkb	20000	g_intersects	1	200.993	0.000	20000:5.085000e3
H6	intersects_const	poly100	wkb	20000	g_intersects	2	201.113	0.000	20000:5.085000e3
H6	intersects_const	poly100	wkb	20000	u_intersects	2	199.689	198.774	20000:5.085000e3
H6	intersects_const	poly100	wkb	20000	u_intersects	3	199.455	198.482	20000:5.085000e3
H6	intersects_const	poly100	wkb	20000	g_intersects	3	201.033	0.000	20000:5.085000e3
H6	intersects_const	poly100	wkb	20000	g_intersects	4	200.892	0.000	20000:5.085000e3
H6	intersects_const	poly100	wkb	20000	u_intersects	4	199.974	199.018	20000:5.085000e3
H6	intersects_const	poly100	wkb	20000	u_intersects	5	198.662	197.699	20000:5.085000e3
H6	intersects_const	poly100	wkb	20000	g_intersects	5	202.565	0.000	20000:5.085000e3
H6	intersects_const	poly1000	sep	2000	u_intersects	1	440.075	439.145	2000:5.010000e2
H6	intersects_const	poly1000	sep	2000	g_intersects	1	432.482	0.000	2000:5.010000e2
H6	intersects_const	poly1000	sep	2000	g_intersects	2	433.463	0.000	2000:5.010000e2
H6	intersects_const	poly1000	sep	2000	u_intersects	2	439.136	438.190	2000:5.010000e2
H6	intersects_const	poly1000	sep	2000	u_intersects	3	439.453	438.529	2000:5.010000e2
H6	intersects_const	poly1000	sep	2000	g_intersects	3	431.199	0.000	2000:5.010000e2
H6	intersects_const	poly1000	sep	2000	g_intersects	4	433.412	0.000	2000:5.010000e2
H6	intersects_const	poly1000	sep	2000	u_intersects	4	438.766	437.833	2000:5.010000e2
H6	intersects_const	poly1000	sep	2000	u_intersects	5	441.130	440.204	2000:5.010000e2
H6	intersects_const	poly1000	sep	2000	g_intersects	5	431.465	0.000	2000:5.010000e2
H6	intersects_const	poly1000	int	2000	u_intersects	1	442.059	441.109	2000:5.010000e2
H6	intersects_const	poly1000	int	2000	g_intersects	1	432.621	0.000	2000:5.010000e2
H6	intersects_const	poly1000	int	2000	g_intersects	2	432.163	0.000	2000:5.010000e2
H6	intersects_const	poly1000	int	2000	u_intersects	2	441.066	440.073	2000:5.010000e2
H6	intersects_const	poly1000	int	2000	u_intersects	3	440.450	439.503	2000:5.010000e2
H6	intersects_const	poly1000	int	2000	g_intersects	3	432.274	0.000	2000:5.010000e2
H6	intersects_const	poly1000	int	2000	g_intersects	4	431.922	0.000	2000:5.010000e2
H6	intersects_const	poly1000	int	2000	u_intersects	4	440.251	439.313	2000:5.010000e2
H6	intersects_const	poly1000	int	2000	u_intersects	5	440.932	439.999	2000:5.010000e2
H6	intersects_const	poly1000	int	2000	g_intersects	5	432.657	0.000	2000:5.010000e2
H6	intersects_const	poly1000	wkb	2000	u_intersects	1	416.723	415.805	2000:5.010000e2
H6	intersects_const	poly1000	wkb	2000	g_intersects	1	417.809	0.000	2000:5.010000e2
H6	intersects_const	poly1000	wkb	2000	g_intersects	2	418.006	0.000	2000:5.010000e2
H6	intersects_const	poly1000	wkb	2000	u_intersects	2	420.223	419.267	2000:5.010000e2
H6	intersects_const	poly1000	wkb	2000	u_intersects	3	418.125	417.204	2000:5.010000e2
H6	intersects_const	poly1000	wkb	2000	g_intersects	3	418.520	0.000	2000:5.010000e2
H6	intersects_const	poly1000	wkb	2000	g_intersects	4	417.176	0.000	2000:5.010000e2
H6	intersects_const	poly1000	wkb	2000	u_intersects	4	416.695	415.776	2000:5.010000e2
H6	intersects_const	poly1000	wkb	2000	u_intersects	5	416.030	415.101	2000:5.010000e2
H6	intersects_const	poly1000	wkb	2000	g_intersects	5	417.685	0.000	2000:5.010000e2
