H1	x	points	sep	1000000	u_x	1	51.844	51.131	1000000:5.003926e8
H1	x	points	sep	1000000	v_x	1	33.186	32.410	1000000:5.003926e8
H1	x	points	sep	1000000	t_x	1	14.764	14.019	1000000:5.003926e8
H1	x	points	sep	1000000	v_x	2	34.186	33.483	1000000:5.003926e8
H1	x	points	sep	1000000	t_x	2	14.258	13.622	1000000:5.003926e8
H1	x	points	sep	1000000	u_x	2	51.662	51.025	1000000:5.003926e8
H1	x	points	sep	1000000	t_x	3	14.487	13.803	1000000:5.003926e8
H1	x	points	sep	1000000	u_x	3	55.250	54.494	1000000:5.003926e8
H1	x	points	sep	1000000	v_x	3	32.857	32.188	1000000:5.003926e8
H1	x	points	sep	1000000	u_x	4	52.609	51.861	1000000:5.003926e8
H1	x	points	sep	1000000	v_x	4	33.024	32.334	1000000:5.003926e8
H1	x	points	sep	1000000	t_x	4	14.169	13.652	1000000:5.003926e8
H1	x	points	sep	1000000	v_x	5	32.528	32.066	1000000:5.003926e8
H1	x	points	sep	1000000	t_x	5	14.207	13.699	1000000:5.003926e8
H1	x	points	sep	1000000	u_x	5	51.899	51.345	1000000:5.003926e8
H1	x	points	int	1000000	u_x	1	52.226	51.713	1000000:5.003926e8
H1	x	points	int	1000000	v_x	1	32.576	31.921	1000000:5.003926e8
H1	x	points	int	1000000	t_x	1	15.146	14.684	1000000:5.003926e8
H1	x	points	int	1000000	v_x	2	32.371	31.890	1000000:5.003926e8
H1	x	points	int	1000000	t_x	2	15.455	14.958	1000000:5.003926e8
H1	x	points	int	1000000	u_x	2	53.342	52.713	1000000:5.003926e8
H1	x	points	int	1000000	t_x	3	17.275	16.655	1000000:5.003926e8
H1	x	points	int	1000000	u_x	3	54.586	53.932	1000000:5.003926e8
H1	x	points	int	1000000	v_x	3	33.948	33.231	1000000:5.003926e8
H1	x	points	int	1000000	u_x	4	53.095	52.386	1000000:5.003926e8
H1	x	points	int	1000000	v_x	4	32.708	32.079	1000000:5.003926e8
H1	x	points	int	1000000	t_x	4	15.358	14.893	1000000:5.003926e8
H1	x	points	int	1000000	v_x	5	32.452	31.921	1000000:5.003926e8
H1	x	points	int	1000000	t_x	5	15.268	14.729	1000000:5.003926e8
H1	x	points	int	1000000	u_x	5	52.345	51.728	1000000:5.003926e8
H1	x	points	wkb	1000000	u_x	1	29.008	28.366	1000000:5.003926e8
H1	x	points	wkb	1000000	t_x	1	23.217	22.582	1000000:5.003926e8
H1	x	points	wkb	1000000	t_x	2	23.456	22.756	1000000:5.003926e8
H1	x	points	wkb	1000000	u_x	2	29.807	28.987	1000000:5.003926e8
H1	x	points	wkb	1000000	u_x	3	29.124	28.441	1000000:5.003926e8
H1	x	points	wkb	1000000	t_x	3	22.958	22.378	1000000:5.003926e8
H1	x	points	wkb	1000000	t_x	4	22.946	22.380	1000000:5.003926e8
H1	x	points	wkb	1000000	u_x	4	29.067	28.387	1000000:5.003926e8
H1	x	points	wkb	1000000	u_x	5	28.976	28.311	1000000:5.003926e8
H1	x	points	wkb	1000000	t_x	5	22.929	22.353	1000000:5.003926e8
H1	npoints	points	sep	1000000	u_npoints	1	51.349	50.681	1000000:1.000000e6
H1	npoints	points	sep	1000000	v_npoints	1	30.167	29.594	1000000:1.000000e6
H1	npoints	points	sep	1000000	t_npoints	1	9.742	9.343	1000000:1.000000e6
H1	npoints	points	sep	1000000	v_npoints	2	30.088	29.656	1000000:1.000000e6
H1	npoints	points	sep	1000000	t_npoints	2	10.063	9.441	1000000:1.000000e6
H1	npoints	points	sep	1000000	u_npoints	2	51.731	51.215	1000000:1.000000e6
H1	npoints	points	sep	1000000	t_npoints	3	10.008	9.383	1000000:1.000000e6
H1	npoints	points	sep	1000000	u_npoints	3	51.284	50.798	1000000:1.000000e6
H1	npoints	points	sep	1000000	v_npoints	3	30.471	29.901	1000000:1.000000e6
H1	npoints	points	sep	1000000	u_npoints	4	51.466	50.828	1000000:1.000000e6
H1	npoints	points	sep	1000000	v_npoints	4	30.355	29.715	1000000:1.000000e6
H1	npoints	points	sep	1000000	t_npoints	4	9.884	9.399	1000000:1.000000e6
H1	npoints	points	sep	1000000	v_npoints	5	30.022	29.590	1000000:1.000000e6
H1	npoints	points	sep	1000000	t_npoints	5	9.796	9.376	1000000:1.000000e6
H1	npoints	points	sep	1000000	u_npoints	5	51.118	50.701	1000000:1.000000e6
H1	npoints	points	int	1000000	u_npoints	1	51.365	50.669	1000000:1.000000e6
H1	npoints	points	int	1000000	v_npoints	1	30.433	29.828	1000000:1.000000e6
H1	npoints	points	int	1000000	t_npoints	1	9.792	9.374	1000000:1.000000e6
H1	npoints	points	int	1000000	v_npoints	2	30.428	29.974	1000000:1.000000e6
H1	npoints	points	int	1000000	t_npoints	2	10.175	9.525	1000000:1.000000e6
H1	npoints	points	int	1000000	u_npoints	2	51.204	50.549	1000000:1.000000e6
H1	npoints	points	int	1000000	t_npoints	3	10.051	9.493	1000000:1.000000e6
H1	npoints	points	int	1000000	u_npoints	3	51.073	50.578	1000000:1.000000e6
H1	npoints	points	int	1000000	v_npoints	3	30.560	29.912	1000000:1.000000e6
H1	npoints	points	int	1000000	u_npoints	4	51.229	50.689	1000000:1.000000e6
H1	npoints	points	int	1000000	v_npoints	4	30.544	29.886	1000000:1.000000e6
H1	npoints	points	int	1000000	t_npoints	4	9.824	9.373	1000000:1.000000e6
H1	npoints	points	int	1000000	v_npoints	5	29.041	28.660	1000000:1.000000e6
H1	npoints	points	int	1000000	t_npoints	5	8.693	8.284	1000000:1.000000e6
H1	npoints	points	int	1000000	u_npoints	5	44.922	44.519	1000000:1.000000e6
H1	npoints	points	wkb	1000000	u_npoints	1	26.611	25.995	1000000:1.000000e6
H1	npoints	points	wkb	1000000	t_npoints	1	23.393	22.770	1000000:1.000000e6
H1	npoints	points	wkb	1000000	t_npoints	2	23.528	22.856	1000000:1.000000e6
H1	npoints	points	wkb	1000000	u_npoints	2	26.324	25.693	1000000:1.000000e6
H1	npoints	points	wkb	1000000	u_npoints	3	26.213	25.630	1000000:1.000000e6
H1	npoints	points	wkb	1000000	t_npoints	3	23.048	22.549	1000000:1.000000e6
H1	npoints	points	wkb	1000000	t_npoints	4	23.088	22.539	1000000:1.000000e6
H1	npoints	points	wkb	1000000	u_npoints	4	26.149	25.681	1000000:1.000000e6
H1	npoints	points	wkb	1000000	u_npoints	5	26.213	25.676	1000000:1.000000e6
H1	npoints	points	wkb	1000000	t_npoints	5	23.125	22.605	1000000:1.000000e6
H1	npoints	poly10	sep	100000	u_npoints	1	19.864	19.520	100000:1.100000e6
H1	npoints	poly10	sep	100000	v_npoints	1	6.739	6.444	100000:1.100000e6
H1	npoints	poly10	sep	100000	t_npoints	1	2.573	2.286	100000:1.100000e6
H1	npoints	poly10	sep	100000	v_npoints	2	6.048	5.825	100000:1.100000e6
H1	npoints	poly10	sep	100000	t_npoints	2	2.510	2.275	100000:1.100000e6
H1	npoints	poly10	sep	100000	u_npoints	2	19.688	19.476	100000:1.100000e6
H1	npoints	poly10	sep	100000	t_npoints	3	2.486	2.228	100000:1.100000e6
H1	npoints	poly10	sep	100000	u_npoints	3	19.641	19.430	100000:1.100000e6
H1	npoints	poly10	sep	100000	v_npoints	3	6.202	5.948	100000:1.100000e6
H1	npoints	poly10	sep	100000	u_npoints	4	19.882	19.575	100000:1.100000e6
H1	npoints	poly10	sep	100000	v_npoints	4	6.262	5.844	100000:1.100000e6
H1	npoints	poly10	sep	100000	t_npoints	4	2.517	2.243	100000:1.100000e6
H1	npoints	poly10	sep	100000	v_npoints	5	6.057	5.824	100000:1.100000e6
H1	npoints	poly10	sep	100000	t_npoints	5	2.629	2.393	100000:1.100000e6
H1	npoints	poly10	sep	100000	u_npoints	5	19.941	19.676	100000:1.100000e6
H1	npoints	poly10	int	100000	u_npoints	1	21.651	21.339	100000:1.100000e6
H1	npoints	poly10	int	100000	v_npoints	1	6.407	5.845	100000:1.100000e6
H1	npoints	poly10	int	100000	t_npoints	1	2.792	2.293	100000:1.100000e6
H1	npoints	poly10	int	100000	v_npoints	2	6.120	5.812	100000:1.100000e6
H1	npoints	poly10	int	100000	t_npoints	2	2.583	2.296	100000:1.100000e6
H1	npoints	poly10	int	100000	u_npoints	2	21.530	21.284	100000:1.100000e6
H1	npoints	poly10	int	100000	t_npoints	3	2.584	2.243	100000:1.100000e6
H1	npoints	poly10	int	100000	u_npoints	3	21.372	21.144	100000:1.100000e6
H1	npoints	poly10	int	100000	v_npoints	3	6.214	5.902	100000:1.100000e6
H1	npoints	poly10	int	100000	u_npoints	4	21.546	21.232	100000:1.100000e6
H1	npoints	poly10	int	100000	v_npoints	4	6.483	5.974	100000:1.100000e6
H1	npoints	poly10	int	100000	t_npoints	4	2.609	2.219	100000:1.100000e6
H1	npoints	poly10	int	100000	v_npoints	5	5.921	5.702	100000:1.100000e6
H1	npoints	poly10	int	100000	t_npoints	5	2.623	2.279	100000:1.100000e6
H1	npoints	poly10	int	100000	u_npoints	5	21.908	21.653	100000:1.100000e6
H1	npoints	poly10	wkb	100000	u_npoints	1	4.224	3.760	100000:1.100000e6
H1	npoints	poly10	wkb	100000	t_npoints	1	3.720	3.429	100000:1.100000e6
H1	npoints	poly10	wkb	100000	t_npoints	2	3.690	3.437	100000:1.100000e6
H1	npoints	poly10	wkb	100000	u_npoints	2	4.114	3.800	100000:1.100000e6
H1	npoints	poly10	wkb	100000	u_npoints	3	4.089	3.810	100000:1.100000e6
H1	npoints	poly10	wkb	100000	t_npoints	3	3.711	3.473	100000:1.100000e6
H1	npoints	poly10	wkb	100000	t_npoints	4	3.683	3.439	100000:1.100000e6
H1	npoints	poly10	wkb	100000	u_npoints	4	4.082	3.790	100000:1.100000e6
H1	npoints	poly10	wkb	100000	u_npoints	5	4.019	3.776	100000:1.100000e6
H1	npoints	poly10	wkb	100000	t_npoints	5	3.818	3.576	100000:1.100000e6
H1	npoints	poly100	sep	100000	u_npoints	1	116.748	116.072	100000:1.010000e7
H1	npoints	poly100	sep	100000	v_npoints	1	22.658	22.008	100000:1.010000e7
H1	npoints	poly100	sep	100000	t_npoints	1	2.818	2.276	100000:1.010000e7
H1	npoints	poly100	sep	100000	v_npoints	2	22.505	22.162	100000:1.010000e7
H1	npoints	poly100	sep	100000	t_npoints	2	2.872	2.318	100000:1.010000e7
H1	npoints	poly100	sep	100000	u_npoints	2	115.856	115.496	100000:1.010000e7
H1	npoints	poly100	sep	100000	t_npoints	3	2.773	2.222	100000:1.010000e7
H1	npoints	poly100	sep	100000	u_npoints	3	116.762	116.403	100000:1.010000e7
H1	npoints	poly100	sep	100000	v_npoints	3	23.298	22.625	100000:1.010000e7
H1	npoints	poly100	sep	100000	u_npoints	4	118.155	117.489	100000:1.010000e7
H1	npoints	poly100	sep	100000	v_npoints	4	22.793	22.135	100000:1.010000e7
H1	npoints	poly100	sep	100000	t_npoints	4	2.803	2.262	100000:1.010000e7
H1	npoints	poly100	sep	100000	v_npoints	5	22.488	22.136	100000:1.010000e7
H1	npoints	poly100	sep	100000	t_npoints	5	2.830	2.288	100000:1.010000e7
H1	npoints	poly100	sep	100000	u_npoints	5	116.579	116.214	100000:1.010000e7
H1	npoints	poly100	int	100000	u_npoints	1	130.125	129.444	100000:1.010000e7
H1	npoints	poly100	int	100000	v_npoints	1	21.388	20.729	100000:1.010000e7
H1	npoints	poly100	int	100000	t_npoints	1	2.888	2.290	100000:1.010000e7
H1	npoints	poly100	int	100000	v_npoints	2	21.386	21.030	100000:1.010000e7
H1	npoints	poly100	int	100000	t_npoints	2	2.845	2.319	100000:1.010000e7
H1	npoints	poly100	int	100000	u_npoints	2	131.107	130.700	100000:1.010000e7
H1	npoints	poly100	int	100000	t_npoints	3	3.011	2.366	100000:1.010000e7
H1	npoints	poly100	int	100000	u_npoints	3	135.894	135.336	100000:1.010000e7
H1	npoints	poly100	int	100000	v_npoints	3	22.285	21.617	100000:1.010000e7
H1	npoints	poly100	int	100000	u_npoints	4	130.281	129.634	100000:1.010000e7
H1	npoints	poly100	int	100000	v_npoints	4	21.320	20.627	100000:1.010000e7
H1	npoints	poly100	int	100000	t_npoints	4	2.831	2.270	100000:1.010000e7
H1	npoints	poly100	int	100000	v_npoints	5	21.085	20.733	100000:1.010000e7
H1	npoints	poly100	int	100000	t_npoints	5	2.856	2.286	100000:1.010000e7
H1	npoints	poly100	int	100000	u_npoints	5	129.654	129.302	100000:1.010000e7
H1	npoints	poly100	wkb	100000	u_npoints	1	5.707	5.464	100000:1.010000e7
H1	npoints	poly100	wkb	100000	t_npoints	1	4.747	4.497	100000:1.010000e7
H1	npoints	poly100	wkb	100000	t_npoints	2	4.437	4.218	100000:1.010000e7
H1	npoints	poly100	wkb	100000	u_npoints	2	4.703	4.487	100000:1.010000e7
H1	npoints	poly100	wkb	100000	u_npoints	3	4.973	4.744	100000:1.010000e7
H1	npoints	poly100	wkb	100000	t_npoints	3	4.192	3.982	100000:1.010000e7
H1	npoints	poly100	wkb	100000	t_npoints	4	4.224	4.016	100000:1.010000e7
H1	npoints	poly100	wkb	100000	u_npoints	4	4.601	4.385	100000:1.010000e7
H1	npoints	poly100	wkb	100000	u_npoints	5	4.743	4.513	100000:1.010000e7
H1	npoints	poly100	wkb	100000	t_npoints	5	4.566	4.287	100000:1.010000e7
H1	npoints	poly1000	sep	100000	u_npoints	1	1144.100	1143.336	100000:1.001000e8
H1	npoints	poly1000	sep	100000	v_npoints	1	230.553	229.826	100000:1.001000e8
H1	npoints	poly1000	sep	100000	t_npoints	1	2.839	2.317	100000:1.001000e8
H1	npoints	poly1000	sep	100000	v_npoints	2	237.624	237.191	100000:1.001000e8
H1	npoints	poly1000	sep	100000	t_npoints	2	2.961	2.427	100000:1.001000e8
H1	npoints	poly1000	sep	100000	u_npoints	2	1153.348	1152.841	100000:1.001000e8
H1	npoints	poly1000	sep	100000	t_npoints	3	2.974	2.411	100000:1.001000e8
H1	npoints	poly1000	sep	100000	u_npoints	3	1143.015	1142.547	100000:1.001000e8
H1	npoints	poly1000	sep	100000	v_npoints	3	226.146	225.365	100000:1.001000e8
H1	npoints	poly1000	sep	100000	u_npoints	4	1159.062	1158.264	100000:1.001000e8
H1	npoints	poly1000	sep	100000	v_npoints	4	228.804	228.056	100000:1.001000e8
H1	npoints	poly1000	sep	100000	t_npoints	4	2.895	2.381	100000:1.001000e8
H1	npoints	poly1000	sep	100000	v_npoints	5	236.304	235.911	100000:1.001000e8
H1	npoints	poly1000	sep	100000	t_npoints	5	2.873	2.346	100000:1.001000e8
H1	npoints	poly1000	sep	100000	u_npoints	5	1145.337	1144.895	100000:1.001000e8
H1	npoints	poly1000	int	100000	u_npoints	1	1279.510	1278.720	100000:1.001000e8
H1	npoints	poly1000	int	100000	v_npoints	1	217.032	216.285	100000:1.001000e8
H1	npoints	poly1000	int	100000	t_npoints	1	2.829	2.323	100000:1.001000e8
H1	npoints	poly1000	int	100000	v_npoints	2	223.376	222.962	100000:1.001000e8
H1	npoints	poly1000	int	100000	t_npoints	2	2.932	2.388	100000:1.001000e8
H1	npoints	poly1000	int	100000	u_npoints	2	1269.373	1268.859	100000:1.001000e8
H1	npoints	poly1000	int	100000	t_npoints	3	2.812	2.251	100000:1.001000e8
H1	npoints	poly1000	int	100000	u_npoints	3	1268.718	1268.249	100000:1.001000e8
H1	npoints	poly1000	int	100000	v_npoints	3	217.144	216.403	100000:1.001000e8
H1	npoints	poly1000	int	100000	u_npoints	4	1271.663	1270.868	100000:1.001000e8
H1	npoints	poly1000	int	100000	v_npoints	4	217.869	217.087	100000:1.001000e8
H1	npoints	poly1000	int	100000	t_npoints	4	2.841	2.325	100000:1.001000e8
H1	npoints	poly1000	int	100000	v_npoints	5	226.397	225.984	100000:1.001000e8
H1	npoints	poly1000	int	100000	t_npoints	5	2.973	2.461	100000:1.001000e8
H1	npoints	poly1000	int	100000	u_npoints	5	1275.233	1274.744	100000:1.001000e8
H1	npoints	poly1000	wkb	100000	u_npoints	1	5.328	5.100	100000:1.001000e8
H1	npoints	poly1000	wkb	100000	t_npoints	1	4.922	4.688	100000:1.001000e8
H1	npoints	poly1000	wkb	100000	t_npoints	2	5.142	4.864	100000:1.001000e8
H1	npoints	poly1000	wkb	100000	u_npoints	2	6.426	6.027	100000:1.001000e8
H1	npoints	poly1000	wkb	100000	u_npoints	3	6.510	6.001	100000:1.001000e8
H1	npoints	poly1000	wkb	100000	t_npoints	3	5.976	5.518	100000:1.001000e8
H1	npoints	poly1000	wkb	100000	t_npoints	4	5.482	5.189	100000:1.001000e8
H1	npoints	poly1000	wkb	100000	u_npoints	4	5.709	5.395	100000:1.001000e8
H1	npoints	poly1000	wkb	100000	u_npoints	5	5.421	5.182	100000:1.001000e8
H1	npoints	poly1000	wkb	100000	t_npoints	5	5.222	4.923	100000:1.001000e8
H1	isempty	points	sep	1000000	u_isempty	1	45.435	44.934	1000000:0.000000e0
H1	isempty	points	sep	1000000	v_isempty	1	28.888	28.395	1000000:0.000000e0
H1	isempty	points	sep	1000000	t_isempty	1	8.702	8.153	1000000:0.000000e0
H1	isempty	points	sep	1000000	v_isempty	2	28.615	28.254	1000000:0.000000e0
H1	isempty	points	sep	1000000	t_isempty	2	8.615	8.176	1000000:0.000000e0
H1	isempty	points	sep	1000000	u_isempty	2	43.538	43.146	1000000:0.000000e0
H1	isempty	points	sep	1000000	t_isempty	3	8.871	8.251	1000000:0.000000e0
H1	isempty	points	sep	1000000	u_isempty	3	43.703	43.173	1000000:0.000000e0
H1	isempty	points	sep	1000000	v_isempty	3	28.873	28.411	1000000:0.000000e0
H1	isempty	points	sep	1000000	u_isempty	4	43.614	43.180	1000000:0.000000e0
H1	isempty	points	sep	1000000	v_isempty	4	28.895	28.311	1000000:0.000000e0
H1	isempty	points	sep	1000000	t_isempty	4	8.587	8.203	1000000:0.000000e0
H1	isempty	points	sep	1000000	v_isempty	5	28.729	28.370	1000000:0.000000e0
H1	isempty	points	sep	1000000	t_isempty	5	8.524	8.185	1000000:0.000000e0
H1	isempty	points	sep	1000000	u_isempty	5	43.420	43.064	1000000:0.000000e0
H1	isempty	points	int	1000000	u_isempty	1	44.660	44.133	1000000:0.000000e0
H1	isempty	points	int	1000000	v_isempty	1	29.018	28.559	1000000:0.000000e0
H1	isempty	points	int	1000000	t_isempty	1	8.800	8.380	1000000:0.000000e0
H1	isempty	points	int	1000000	v_isempty	2	28.920	28.577	1000000:0.000000e0
H1	isempty	points	int	1000000	t_isempty	2	8.663	8.311	1000000:0.000000e0
H1	isempty	points	int	1000000	u_isempty	2	51.147	50.767	1000000:0.000000e0
H1	isempty	points	int	1000000	t_isempty	3	8.834	8.278	1000000:0.000000e0
H1	isempty	points	int	1000000	u_isempty	3	49.609	49.106	1000000:0.000000e0
H1	isempty	points	int	1000000	v_isempty	3	29.216	28.617	1000000:0.000000e0
H1	isempty	points	int	1000000	u_isempty	4	44.935	44.456	1000000:0.000000e0
H1	isempty	points	int	1000000	v_isempty	4	29.439	28.731	1000000:0.000000e0
H1	isempty	points	int	1000000	t_isempty	4	8.920	8.303	1000000:0.000000e0
H1	isempty	points	int	1000000	v_isempty	5	28.992	28.575	1000000:0.000000e0
H1	isempty	points	int	1000000	t_isempty	5	8.738	8.351	1000000:0.000000e0
H1	isempty	points	int	1000000	u_isempty	5	50.043	49.611	1000000:0.000000e0
H1	isempty	points	wkb	1000000	u_isempty	1	25.221	24.866	1000000:0.000000e0
H1	isempty	points	wkb	1000000	t_isempty	1	21.743	21.289	1000000:0.000000e0
H1	isempty	points	wkb	1000000	t_isempty	2	21.765	21.368	1000000:0.000000e0
H1	isempty	points	wkb	1000000	u_isempty	2	25.350	24.965	1000000:0.000000e0
H1	isempty	points	wkb	1000000	u_isempty	3	25.540	25.082	1000000:0.000000e0
H1	isempty	points	wkb	1000000	t_isempty	3	21.718	21.334	1000000:0.000000e0
H1	isempty	points	wkb	1000000	t_isempty	4	21.822	21.436	1000000:0.000000e0
H1	isempty	points	wkb	1000000	u_isempty	4	25.596	25.146	1000000:0.000000e0
H1	isempty	points	wkb	1000000	u_isempty	5	25.582	24.950	1000000:0.000000e0
H1	isempty	points	wkb	1000000	t_isempty	5	22.017	21.577	1000000:0.000000e0
H1	isempty	poly10	sep	100000	u_isempty	1	20.443	20.034	100000:0.000000e0
H1	isempty	poly10	sep	100000	v_isempty	1	6.404	5.928	100000:0.000000e0
H1	isempty	poly10	sep	100000	t_isempty	1	2.448	2.194	100000:0.000000e0
H1	isempty	poly10	sep	100000	v_isempty	2	6.218	5.998	100000:0.000000e0
H1	isempty	poly10	sep	100000	t_isempty	2	2.478	2.195	100000:0.000000e0
H1	isempty	poly10	sep	100000	u_isempty	2	20.259	19.999	100000:0.000000e0
H1	isempty	poly10	sep	100000	t_isempty	3	2.705	2.179	100000:0.000000e0
H1	isempty	poly10	sep	100000	u_isempty	3	20.199	19.939	100000:0.000000e0
H1	isempty	poly10	sep	100000	v_isempty	3	6.285	5.971	100000:0.000000e0
H1	isempty	poly10	sep	100000	u_isempty	4	20.262	19.998	100000:0.000000e0
H1	isempty	poly10	sep	100000	v_isempty	4	6.353	6.027	100000:0.000000e0
H1	isempty	poly10	sep	100000	t_isempty	4	2.458	2.204	100000:0.000000e0
H1	isempty	poly10	sep	100000	v_isempty	5	6.169	5.948	100000:0.000000e0
H1	isempty	poly10	sep	100000	t_isempty	5	2.468	2.215	100000:0.000000e0
H1	isempty	poly10	sep	100000	u_isempty	5	20.154	19.936	100000:0.000000e0
H1	isempty	poly10	int	100000	u_isempty	1	21.922	21.550	100000:0.000000e0
H1	isempty	poly10	int	100000	v_isempty	1	6.326	5.910	100000:0.000000e0
H1	isempty	poly10	int	100000	t_isempty	1	2.526	2.205	100000:0.000000e0
H1	isempty	poly10	int	100000	v_isempty	2	6.137	5.919	100000:0.000000e0
H1	isempty	poly10	int	100000	t_isempty	2	2.409	2.189	100000:0.000000e0
H1	isempty	poly10	int	100000	u_isempty	2	21.624	21.392	100000:0.000000e0
H1	isempty	poly10	int	100000	t_isempty	3	2.486	2.170	100000:0.000000e0
H1	isempty	poly10	int	100000	u_isempty	3	21.605	21.390	100000:0.000000e0
H1	isempty	poly10	int	100000	v_isempty	3	6.210	5.943	100000:0.000000e0
H1	isempty	poly10	int	100000	u_isempty	4	21.760	21.517	100000:0.000000e0
H1	isempty	poly10	int	100000	v_isempty	4	6.214	5.861	100000:0.000000e0
H1	isempty	poly10	int	100000	t_isempty	4	2.457	2.211	100000:0.000000e0
H1	isempty	poly10	int	100000	v_isempty	5	6.088	5.873	100000:0.000000e0
H1	isempty	poly10	int	100000	t_isempty	5	2.425	2.204	100000:0.000000e0
H1	isempty	poly10	int	100000	u_isempty	5	21.910	21.675	100000:0.000000e0
H1	isempty	poly10	wkb	100000	u_isempty	1	4.339	3.899	100000:0.000000e0
H1	isempty	poly10	wkb	100000	t_isempty	1	3.972	3.518	100000:0.000000e0
H1	isempty	poly10	wkb	100000	t_isempty	2	3.894	3.485	100000:0.000000e0
H1	isempty	poly10	wkb	100000	u_isempty	2	4.206	3.856	100000:0.000000e0
H1	isempty	poly10	wkb	100000	u_isempty	3	4.105	3.851	100000:0.000000e0
H1	isempty	poly10	wkb	100000	t_isempty	3	3.777	3.540	100000:0.000000e0
H1	isempty	poly10	wkb	100000	t_isempty	4	3.772	3.521	100000:0.000000e0
H1	isempty	poly10	wkb	100000	u_isempty	4	4.126	3.862	100000:0.000000e0
H1	isempty	poly10	wkb	100000	u_isempty	5	4.105	3.850	100000:0.000000e0
H1	isempty	poly10	wkb	100000	t_isempty	5	3.707	3.478	100000:0.000000e0
H1	isempty	poly100	sep	100000	u_isempty	1	118.072	117.424	100000:0.000000e0
H1	isempty	poly100	sep	100000	v_isempty	1	24.476	23.778	100000:0.000000e0
H1	isempty	poly100	sep	100000	t_isempty	1	2.728	2.191	100000:0.000000e0
H1	isempty	poly100	sep	100000	v_isempty	2	22.052	21.760	100000:0.000000e0
H1	isempty	poly100	sep	100000	t_isempty	2	2.740	2.190	100000:0.000000e0
H1	isempty	poly100	sep	100000	u_isempty	2	117.926	117.573	100000:0.000000e0
H1	isempty	poly100	sep	100000	t_isempty	3	2.774	2.179	100000:0.000000e0
H1	isempty	poly100	sep	100000	u_isempty	3	118.113	117.759	100000:0.000000e0
H1	isempty	poly100	sep	100000	v_isempty	3	22.690	22.037	100000:0.000000e0
H1	isempty	poly100	sep	100000	u_isempty	4	118.439	117.761	100000:0.000000e0
H1	isempty	poly100	sep	100000	v_isempty	4	22.803	22.148	100000:0.000000e0
H1	isempty	poly100	sep	100000	t_isempty	4	2.845	2.272	100000:0.000000e0
H1	isempty	poly100	sep	100000	v_isempty	5	22.689	22.318	100000:0.000000e0
H1	isempty	poly100	sep	100000	t_isempty	5	2.765	2.215	100000:0.000000e0
H1	isempty	poly100	sep	100000	u_isempty	5	119.822	119.428	100000:0.000000e0
H1	isempty	poly100	int	100000	u_isempty	1	131.643	130.976	100000:0.000000e0
H1	isempty	poly100	int	100000	v_isempty	1	21.593	20.937	100000:0.000000e0
H1	isempty	poly100	int	100000	t_isempty	1	2.848	2.237	100000:0.000000e0
H1	isempty	poly100	int	100000	v_isempty	2	21.381	21.002	100000:0.000000e0
H1	isempty	poly100	int	100000	t_isempty	2	2.861	2.286	100000:0.000000e0
H1	isempty	poly100	int	100000	u_isempty	2	131.433	131.068	100000:0.000000e0
H1	isempty	poly100	int	100000	t_isempty	3	2.783	2.216	100000:0.000000e0
H1	isempty	poly100	int	100000	u_isempty	3	131.528	131.134	100000:0.000000e0
H1	isempty	poly100	int	100000	v_isempty	3	21.327	20.675	100000:0.000000e0
H1	isempty	poly100	int	100000	u_isempty	4	132.021	131.340	100000:0.000000e0
H1	isempty	poly100	int	100000	v_isempty	4	22.120	21.453	100000:0.000000e0
H1	isempty	poly100	int	100000	t_isempty	4	2.852	2.280	100000:0.000000e0
H1	isempty	poly100	int	100000	v_isempty	5	21.307	20.953	100000:0.000000e0
H1	isempty	poly100	int	100000	t_isempty	5	2.835	2.256	100000:0.000000e0
H1	isempty	poly100	int	100000	u_isempty	5	131.650	131.244	100000:0.000000e0
H1	isempty	poly100	wkb	100000	u_isempty	1	5.288	5.046	100000:0.000000e0
H1	isempty	poly100	wkb	100000	t_isempty	1	5.474	5.227	100000:0.000000e0
H1	isempty	poly100	wkb	100000	t_isempty	2	4.874	4.616	100000:0.000000e0
H1	isempty	poly100	wkb	100000	u_isempty	2	4.666	4.433	100000:0.000000e0
H1	isempty	poly100	wkb	100000	u_isempty	3	4.570	4.358	100000:0.000000e0
H1	isempty	poly100	wkb	100000	t_isempty	3	4.300	4.091	100000:0.000000e0
H1	isempty	poly100	wkb	100000	t_isempty	4	4.348	4.122	100000:0.000000e0
H1	isempty	poly100	wkb	100000	u_isempty	4	4.520	4.287	100000:0.000000e0
H1	isempty	poly100	wkb	100000	u_isempty	5	4.792	4.562	100000:0.000000e0
H1	isempty	poly100	wkb	100000	t_isempty	5	5.253	4.932	100000:0.000000e0
H1	isempty	poly1000	sep	100000	u_isempty	1	1145.177	1144.409	100000:0.000000e0
H1	isempty	poly1000	sep	100000	v_isempty	1	235.522	234.679	100000:0.000000e0
H1	isempty	poly1000	sep	100000	t_isempty	1	2.846	2.316	100000:0.000000e0
H1	isempty	poly1000	sep	100000	v_isempty	2	230.643	230.222	100000:0.000000e0
H1	isempty	poly1000	sep	100000	t_isempty	2	2.792	2.281	100000:0.000000e0
H1	isempty	poly1000	sep	100000	u_isempty	2	1154.433	1153.929	100000:0.000000e0
H1	isempty	poly1000	sep	100000	t_isempty	3	2.737	2.179	100000:0.000000e0
H1	isempty	poly1000	sep	100000	u_isempty	3	1150.387	1149.930	100000:0.000000e0
H1	isempty	poly1000	sep	100000	v_isempty	3	226.973	226.222	100000:0.000000e0
H1	isempty	poly1000	sep	100000	u_isempty	4	1143.478	1142.703	100000:0.000000e0
H1	isempty	poly1000	sep	100000	v_isempty	4	225.300	224.569	100000:0.000000e0
H1	isempty	poly1000	sep	100000	t_isempty	4	2.868	2.354	100000:0.000000e0
H1	isempty	poly1000	sep	100000	v_isempty	5	229.882	229.456	100000:0.000000e0
H1	isempty	poly1000	sep	100000	t_isempty	5	2.771	2.256	100000:0.000000e0
H1	isempty	poly1000	sep	100000	u_isempty	5	1144.401	1143.953	100000:0.000000e0
H1	isempty	poly1000	int	100000	u_isempty	1	1291.713	1290.949	100000:0.000000e0
H1	isempty	poly1000	int	100000	v_isempty	1	221.896	221.136	100000:0.000000e0
H1	isempty	poly1000	int	100000	t_isempty	1	2.806	2.281	100000:0.000000e0
H1	isempty	poly1000	int	100000	v_isempty	2	220.964	220.566	100000:0.000000e0
H1	isempty	poly1000	int	100000	t_isempty	2	2.802	2.264	100000:0.000000e0
H1	isempty	poly1000	int	100000	u_isempty	2	1288.376	1287.922	100000:0.000000e0
H1	isempty	poly1000	int	100000	t_isempty	3	2.699	2.154	100000:0.000000e0
H1	isempty	poly1000	int	100000	u_isempty	3	1288.600	1288.133	100000:0.000000e0
H1	isempty	poly1000	int	100000	v_isempty	3	226.363	225.597	100000:0.000000e0
H1	isempty	poly1000	int	100000	u_isempty	4	1290.164	1289.352	100000:0.000000e0
H1	isempty	poly1000	int	100000	v_isempty	4	222.145	221.401	100000:0.000000e0
H1	isempty	poly1000	int	100000	t_isempty	4	2.774	2.265	100000:0.000000e0
H1	isempty	poly1000	int	100000	v_isempty	5	221.458	221.038	100000:0.000000e0
H1	isempty	poly1000	int	100000	t_isempty	5	2.813	2.314	100000:0.000000e0
H1	isempty	poly1000	int	100000	u_isempty	5	1291.991	1291.532	100000:0.000000e0
H1	isempty	poly1000	wkb	100000	u_isempty	1	5.205	4.944	100000:0.000000e0
H1	isempty	poly1000	wkb	100000	t_isempty	1	5.016	4.789	100000:0.000000e0
H1	isempty	poly1000	wkb	100000	t_isempty	2	4.945	4.719	100000:0.000000e0
H1	isempty	poly1000	wkb	100000	u_isempty	2	4.959	4.721	100000:0.000000e0
H1	isempty	poly1000	wkb	100000	u_isempty	3	5.006	4.779	100000:0.000000e0
H1	isempty	poly1000	wkb	100000	t_isempty	3	5.255	5.009	100000:0.000000e0
H1	isempty	poly1000	wkb	100000	t_isempty	4	5.464	5.056	100000:0.000000e0
H1	isempty	poly1000	wkb	100000	u_isempty	4	5.021	4.773	100000:0.000000e0
H1	isempty	poly1000	wkb	100000	u_isempty	5	4.937	4.694	100000:0.000000e0
H1	isempty	poly1000	wkb	100000	t_isempty	5	5.887	5.584	100000:0.000000e0
H1	area	points	sep	1000000	u_area	1	68.925	68.206	1000000:0.000000e0
H1	area	points	sep	1000000	v_area	1	49.228	48.548	1000000:0.000000e0
H1	area	points	sep	1000000	t_area	1	25.536	24.848	1000000:0.000000e0
H1	area	points	sep	1000000	v_area	2	49.380	48.730	1000000:0.000000e0
H1	area	points	sep	1000000	t_area	2	25.318	24.742	1000000:0.000000e0
H1	area	points	sep	1000000	u_area	2	68.609	68.036	1000000:0.000000e0
H1	area	points	sep	1000000	t_area	3	25.366	24.677	1000000:0.000000e0
H1	area	points	sep	1000000	u_area	3	69.144	68.408	1000000:0.000000e0
H1	area	points	sep	1000000	v_area	3	49.232	48.545	1000000:0.000000e0
H1	area	points	sep	1000000	u_area	4	69.527	68.669	1000000:0.000000e0
H1	area	points	sep	1000000	v_area	4	49.256	48.569	1000000:0.000000e0
H1	area	points	sep	1000000	t_area	4	25.456	24.787	1000000:0.000000e0
H1	area	points	sep	1000000	v_area	5	48.943	48.298	1000000:0.000000e0
H1	area	points	sep	1000000	t_area	5	25.081	24.535	1000000:0.000000e0
H1	area	points	sep	1000000	u_area	5	68.163	67.651	1000000:0.000000e0
H1	area	points	int	1000000	u_area	1	69.161	68.419	1000000:0.000000e0
H1	area	points	int	1000000	v_area	1	49.184	48.506	1000000:0.000000e0
H1	area	points	int	1000000	t_area	1	26.505	25.880	1000000:0.000000e0
H1	area	points	int	1000000	v_area	2	48.974	48.348	1000000:0.000000e0
H1	area	points	int	1000000	t_area	2	26.417	25.868	1000000:0.000000e0
H1	area	points	int	1000000	u_area	2	68.536	68.017	1000000:0.000000e0
H1	area	points	int	1000000	t_area	3	26.511	25.909	1000000:0.000000e0
H1	area	points	int	1000000	u_area	3	68.692	68.174	1000000:0.000000e0
H1	area	points	int	1000000	v_area	3	49.404	48.728	1000000:0.000000e0
H1	area	points	int	1000000	u_area	4	69.376	68.668	1000000:0.000000e0
H1	area	points	int	1000000	v_area	4	48.892	48.212	1000000:0.000000e0
H1	area	points	int	1000000	t_area	4	26.977	26.242	1000000:0.000000e0
H1	area	points	int	1000000	v_area	5	49.910	49.075	1000000:0.000000e0
H1	area	points	int	1000000	t_area	5	26.729	26.072	1000000:0.000000e0
H1	area	points	int	1000000	u_area	5	69.550	68.852	1000000:0.000000e0
H1	area	points	wkb	1000000	u_area	1	45.617	44.924	1000000:0.000000e0
H1	area	points	wkb	1000000	t_area	1	49.064	48.317	1000000:0.000000e0
H1	area	points	wkb	1000000	t_area	2	48.880	48.235	1000000:0.000000e0
H1	area	points	wkb	1000000	u_area	2	45.540	44.822	1000000:0.000000e0
H1	area	points	wkb	1000000	u_area	3	45.375	44.699	1000000:0.000000e0
H1	area	points	wkb	1000000	t_area	3	48.828	48.112	1000000:0.000000e0
H1	area	points	wkb	1000000	t_area	4	48.516	47.875	1000000:0.000000e0
H1	area	points	wkb	1000000	u_area	4	45.101	44.488	1000000:0.000000e0
H1	area	points	wkb	1000000	u_area	5	45.005	44.431	1000000:0.000000e0
H1	area	points	wkb	1000000	t_area	5	48.350	47.775	1000000:0.000000e0
H1	area	poly10	sep	100000	u_area	1	29.937	29.548	100000:2.078528e5
H1	area	poly10	sep	100000	v_area	1	15.970	15.522	100000:2.078528e5
H1	area	poly10	sep	100000	t_area	1	20.550	20.219	100000:2.078528e5
H1	area	poly10	sep	100000	v_area	2	16.553	16.047	100000:2.078528e5
H1	area	poly10	sep	100000	t_area	2	19.365	19.011	100000:2.078528e5
H1	area	poly10	sep	100000	u_area	2	30.810	30.309	100000:2.078528e5
H1	area	poly10	sep	100000	t_area	3	19.103	18.650	100000:2.078528e5
H1	area	poly10	sep	100000	u_area	3	30.259	29.758	100000:2.078528e5
H1	area	poly10	sep	100000	v_area	3	16.132	15.561	100000:2.078528e5
H1	area	poly10	sep	100000	u_area	4	29.691	29.366	100000:2.078528e5
H1	area	poly10	sep	100000	v_area	4	15.850	15.499	100000:2.078528e5
H1	area	poly10	sep	100000	t_area	4	18.839	18.523	100000:2.078528e5
H1	area	poly10	sep	100000	v_area	5	16.160	15.806	100000:2.078528e5
H1	area	poly10	sep	100000	t_area	5	18.646	18.157	100000:2.078528e5
H1	area	poly10	sep	100000	u_area	5	29.985	29.551	100000:2.078528e5
H1	area	poly10	int	100000	u_area	1	31.669	31.219	100000:2.078528e5
H1	area	poly10	int	100000	v_area	1	15.877	15.398	100000:2.078528e5
H1	area	poly10	int	100000	t_area	1	20.014	19.683	100000:2.078528e5
H1	area	poly10	int	100000	v_area	2	15.952	15.437	100000:2.078528e5
H1	area	poly10	int	100000	t_area	2	20.141	19.759	100000:2.078528e5
H1	area	poly10	int	100000	u_area	2	31.778	31.224	100000:2.078528e5
H1	area	poly10	int	100000	t_area	3	20.198	19.675	100000:2.078528e5
H1	area	poly10	int	100000	u_area	3	32.002	31.471	100000:2.078528e5
H1	area	poly10	int	100000	v_area	3	15.931	15.452	100000:2.078528e5
H1	area	poly10	int	100000	u_area	4	31.514	31.181	100000:2.078528e5
H1	area	poly10	int	100000	v_area	4	15.848	15.458	100000:2.078528e5
H1	area	poly10	int	100000	t_area	4	19.902	19.620	100000:2.078528e5
H1	area	poly10	int	100000	v_area	5	15.792	15.493	100000:2.078528e5
H1	area	poly10	int	100000	t_area	5	20.002	19.671	100000:2.078528e5
H1	area	poly10	int	100000	u_area	5	31.464	31.158	100000:2.078528e5
H1	area	poly10	wkb	100000	u_area	1	13.610	13.332	100000:2.078528e5
H1	area	poly10	wkb	100000	t_area	1	12.857	12.609	100000:2.078528e5
H1	area	poly10	wkb	100000	t_area	2	12.816	12.578	100000:2.078528e5
H1	area	poly10	wkb	100000	u_area	2	13.584	13.325	100000:2.078528e5
H1	area	poly10	wkb	100000	u_area	3	13.590	13.324	100000:2.078528e5
H1	area	poly10	wkb	100000	t_area	3	12.795	12.544	100000:2.078528e5
H1	area	poly10	wkb	100000	t_area	4	12.815	12.569	100000:2.078528e5
H1	area	poly10	wkb	100000	u_area	4	13.621	13.364	100000:2.078528e5
H1	area	poly10	wkb	100000	u_area	5	13.651	13.376	100000:2.078528e5
H1	area	poly10	wkb	100000	t_area	5	12.860	12.595	100000:2.078528e5
H1	area	poly100	sep	100000	u_area	1	180.402	179.749	100000:2.267650e5
H1	area	poly100	sep	100000	v_area	1	84.613	83.983	100000:2.267650e5
H1	area	poly100	sep	100000	t_area	1	125.086	124.448	100000:2.267650e5
H1	area	poly100	sep	100000	v_area	2	84.873	84.209	100000:2.267650e5
H1	area	poly100	sep	100000	t_area	2	124.778	124.135	100000:2.267650e5
H1	area	poly100	sep	100000	u_area	2	180.473	179.836	100000:2.267650e5
H1	area	poly100	sep	100000	t_area	3	124.856	124.241	100000:2.267650e5
H1	area	poly100	sep	100000	u_area	3	180.174	179.527	100000:2.267650e5
H1	area	poly100	sep	100000	v_area	3	84.712	84.061	100000:2.267650e5
H1	area	poly100	sep	100000	u_area	4	180.034	179.373	100000:2.267650e5
H1	area	poly100	sep	100000	v_area	4	84.873	84.242	100000:2.267650e5
H1	area	poly100	sep	100000	t_area	4	125.273	124.653	100000:2.267650e5
H1	area	poly100	sep	100000	v_area	5	84.589	83.923	100000:2.267650e5
H1	area	poly100	sep	100000	t_area	5	124.709	124.048	100000:2.267650e5
H1	area	poly100	sep	100000	u_area	5	181.367	180.684	100000:2.267650e5
H1	area	poly100	int	100000	u_area	1	193.797	193.135	100000:2.267650e5
H1	area	poly100	int	100000	v_area	1	84.057	83.371	100000:2.267650e5
H1	area	poly100	int	100000	t_area	1	138.951	138.296	100000:2.267650e5
H1	area	poly100	int	100000	v_area	2	84.181	83.520	100000:2.267650e5
H1	area	poly100	int	100000	t_area	2	138.875	138.203	100000:2.267650e5
H1	area	poly100	int	100000	u_area	2	193.609	192.948	100000:2.267650e5
H1	area	poly100	int	100000	t_area	3	138.747	138.099	100000:2.267650e5
H1	area	poly100	int	100000	u_area	3	194.161	193.481	100000:2.267650e5
H1	area	poly100	int	100000	v_area	3	83.461	82.788	100000:2.267650e5
H1	area	poly100	int	100000	u_area	4	195.564	194.840	100000:2.267650e5
H1	area	poly100	int	100000	v_area	4	84.688	84.022	100000:2.267650e5
H1	area	poly100	int	100000	t_area	4	138.900	138.257	100000:2.267650e5
H1	area	poly100	int	100000	v_area	5	84.251	83.601	100000:2.267650e5
H1	area	poly100	int	100000	t_area	5	138.028	137.382	100000:2.267650e5
H1	area	poly100	int	100000	u_area	5	194.275	193.610	100000:2.267650e5
H1	area	poly100	wkb	100000	u_area	1	68.221	67.614	100000:2.267650e5
H1	area	poly100	wkb	100000	t_area	1	66.923	66.322	100000:2.267650e5
H1	area	poly100	wkb	100000	t_area	2	66.755	66.167	100000:2.267650e5
H1	area	poly100	wkb	100000	u_area	2	68.145	67.540	100000:2.267650e5
H1	area	poly100	wkb	100000	u_area	3	67.934	67.330	100000:2.267650e5
H1	area	poly100	wkb	100000	t_area	3	67.041	66.450	100000:2.267650e5
H1	area	poly100	wkb	100000	t_area	4	67.459	66.845	100000:2.267650e5
H1	area	poly100	wkb	100000	u_area	4	68.071	67.459	100000:2.267650e5
H1	area	poly100	wkb	100000	u_area	5	68.271	67.595	100000:2.267650e5
H1	area	poly100	wkb	100000	t_area	5	66.750	66.162	100000:2.267650e5
H1	area	poly1000	sep	10000	u_area	1	172.679	172.120	10000:2.269578e4
H1	area	poly1000	sep	10000	v_area	1	81.040	80.485	10000:2.269578e4
H1	area	poly1000	sep	10000	t_area	1	118.581	118.026	10000:2.269578e4
H1	area	poly1000	sep	10000	v_area	2	80.903	80.344	10000:2.269578e4
H1	area	poly1000	sep	10000	t_area	2	119.711	119.152	10000:2.269578e4
H1	area	poly1000	sep	10000	u_area	2	172.695	172.131	10000:2.269578e4
H1	area	poly1000	sep	10000	t_area	3	118.202	117.625	10000:2.269578e4
H1	area	poly1000	sep	10000	u_area	3	171.912	171.349	10000:2.269578e4
H1	area	poly1000	sep	10000	v_area	3	80.514	79.936	10000:2.269578e4
H1	area	poly1000	sep	10000	u_area	4	172.315	171.741	10000:2.269578e4
H1	area	poly1000	sep	10000	v_area	4	80.703	80.129	10000:2.269578e4
H1	area	poly1000	sep	10000	t_area	4	118.848	118.266	10000:2.269578e4
H1	area	poly1000	sep	10000	v_area	5	81.615	81.038	10000:2.269578e4
H1	area	poly1000	sep	10000	t_area	5	118.482	117.907	10000:2.269578e4
H1	area	poly1000	sep	10000	u_area	5	173.652	173.071	10000:2.269578e4
H1	area	poly1000	int	10000	u_area	1	184.866	184.298	10000:2.269578e4
H1	area	poly1000	int	10000	v_area	1	79.994	79.436	10000:2.269578e4
H1	area	poly1000	int	10000	t_area	1	131.619	131.040	10000:2.269578e4
H1	area	poly1000	int	10000	v_area	2	79.780	79.214	10000:2.269578e4
H1	area	poly1000	int	10000	t_area	2	131.128	130.561	10000:2.269578e4
H1	area	poly1000	int	10000	u_area	2	184.819	184.259	10000:2.269578e4
H1	area	poly1000	int	10000	t_area	3	131.294	130.734	10000:2.269578e4
H1	area	poly1000	int	10000	u_area	3	184.674	184.107	10000:2.269578e4
H1	area	poly1000	int	10000	v_area	3	79.698	79.105	10000:2.269578e4
H1	area	poly1000	int	10000	u_area	4	184.819	184.260	10000:2.269578e4
H1	area	poly1000	int	10000	v_area	4	79.657	79.101	10000:2.269578e4
H1	area	poly1000	int	10000	t_area	4	131.206	130.639	10000:2.269578e4
H1	area	poly1000	int	10000	v_area	5	79.755	79.189	10000:2.269578e4
H1	area	poly1000	int	10000	t_area	5	132.399	131.829	10000:2.269578e4
H1	area	poly1000	int	10000	u_area	5	185.765	185.176	10000:2.269578e4
H1	area	poly1000	wkb	10000	u_area	1	58.966	58.459	10000:2.269578e4
H1	area	poly1000	wkb	10000	t_area	1	58.809	58.274	10000:2.269578e4
H1	area	poly1000	wkb	10000	t_area	2	58.789	58.255	10000:2.269578e4
H1	area	poly1000	wkb	10000	u_area	2	58.996	58.448	10000:2.269578e4
H1	area	poly1000	wkb	10000	u_area	3	58.886	58.352	10000:2.269578e4
H1	area	poly1000	wkb	10000	t_area	3	58.896	58.347	10000:2.269578e4
H1	area	poly1000	wkb	10000	t_area	4	59.057	58.513	10000:2.269578e4
H1	area	poly1000	wkb	10000	u_area	4	59.012	58.434	10000:2.269578e4
H1	area	poly1000	wkb	10000	u_area	5	59.017	58.467	10000:2.269578e4
H1	area	poly1000	wkb	10000	t_area	5	58.979	58.425	10000:2.269578e4
H1	centroid	points	sep	1000000	u_centroid	1	68.668	67.928	1000000:0.000000e0
H1	centroid	points	sep	1000000	v_centroid	1	53.985	53.246	1000000:0.000000e0
H1	centroid	points	sep	1000000	t_centroid	1	33.591	32.820	1000000:0.000000e0
H1	centroid	points	sep	1000000	v_centroid	2	54.403	53.504	1000000:0.000000e0
H1	centroid	points	sep	1000000	t_centroid	2	33.309	32.643	1000000:0.000000e0
H1	centroid	points	sep	1000000	u_centroid	2	68.643	68.125	1000000:0.000000e0
H1	centroid	points	sep	1000000	t_centroid	3	33.050	32.346	1000000:0.000000e0
H1	centroid	points	sep	1000000	u_centroid	3	68.521	68.015	1000000:0.000000e0
H1	centroid	points	sep	1000000	v_centroid	3	53.869	53.257	1000000:0.000000e0
H1	centroid	points	sep	1000000	u_centroid	4	68.513	67.963	1000000:0.000000e0
H1	centroid	points	sep	1000000	v_centroid	4	54.202	53.565	1000000:0.000000e0
H1	centroid	points	sep	1000000	t_centroid	4	33.189	32.543	1000000:0.000000e0
H1	centroid	points	sep	1000000	v_centroid	5	53.948	53.365	1000000:0.000000e0
H1	centroid	points	sep	1000000	t_centroid	5	33.897	33.150	1000000:0.000000e0
H1	centroid	points	sep	1000000	u_centroid	5	69.262	68.522	1000000:0.000000e0
H1	centroid	points	int	1000000	u_centroid	1	70.784	70.044	1000000:0.000000e0
H1	centroid	points	int	1000000	v_centroid	1	54.476	53.717	1000000:0.000000e0
H1	centroid	points	int	1000000	t_centroid	1	35.009	34.320	1000000:0.000000e0
H1	centroid	points	int	1000000	v_centroid	2	53.930	53.215	1000000:0.000000e0
H1	centroid	points	int	1000000	t_centroid	2	34.151	33.452	1000000:0.000000e0
H1	centroid	points	int	1000000	u_centroid	2	70.001	69.297	1000000:0.000000e0
H1	centroid	points	int	1000000	t_centroid	3	34.023	33.326	1000000:0.000000e0
H1	centroid	points	int	1000000	u_centroid	3	69.938	69.228	1000000:0.000000e0
H1	centroid	points	int	1000000	v_centroid	3	53.855	53.157	1000000:0.000000e0
H1	centroid	points	int	1000000	u_centroid	4	69.915	69.241	1000000:0.000000e0
H1	centroid	points	int	1000000	v_centroid	4	53.861	53.265	1000000:0.000000e0
H1	centroid	points	int	1000000	t_centroid	4	34.087	33.415	1000000:0.000000e0
H1	centroid	points	int	1000000	v_centroid	5	53.989	53.234	1000000:0.000000e0
H1	centroid	points	int	1000000	t_centroid	5	33.895	33.270	1000000:0.000000e0
H1	centroid	points	int	1000000	u_centroid	5	69.936	69.376	1000000:0.000000e0
H1	centroid	points	wkb	1000000	u_centroid	1	57.897	57.245	1000000:0.000000e0
H1	centroid	points	wkb	1000000	t_centroid	1	39.192	38.487	1000000:0.000000e0
H1	centroid	points	wkb	1000000	t_centroid	2	39.163	38.504	1000000:0.000000e0
H1	centroid	points	wkb	1000000	u_centroid	2	58.214	57.570	1000000:0.000000e0
H1	centroid	points	wkb	1000000	u_centroid	3	58.525	57.889	1000000:0.000000e0
H1	centroid	points	wkb	1000000	t_centroid	3	39.232	38.526	1000000:0.000000e0
H1	centroid	points	wkb	1000000	t_centroid	4	39.237	38.561	1000000:0.000000e0
H1	centroid	points	wkb	1000000	u_centroid	4	57.988	57.286	1000000:0.000000e0
H1	centroid	points	wkb	1000000	u_centroid	5	59.334	58.545	1000000:0.000000e0
H1	centroid	points	wkb	1000000	t_centroid	5	39.131	38.426	1000000:0.000000e0
H1	centroid	poly10	sep	100000	u_centroid	1	32.973	32.677	100000:0.000000e0
H1	centroid	poly10	sep	100000	v_centroid	1	19.116	18.751	100000:0.000000e0
H1	centroid	poly10	sep	100000	t_centroid	1	21.743	21.363	100000:0.000000e0
H1	centroid	poly10	sep	100000	v_centroid	2	19.209	18.780	100000:0.000000e0
H1	centroid	poly10	sep	100000	t_centroid	2	21.797	21.367	100000:0.000000e0
H1	centroid	poly10	sep	100000	u_centroid	2	32.986	32.662	100000:0.000000e0
H1	centroid	poly10	sep	100000	t_centroid	3	21.752	21.347	100000:0.000000e0
H1	centroid	poly10	sep	100000	u_centroid	3	32.944	32.611	100000:0.000000e0
H1	centroid	poly10	sep	100000	v_centroid	3	19.278	18.842	100000:0.000000e0
H1	centroid	poly10	sep	100000	u_centroid	4	33.231	32.691	100000:0.000000e0
H1	centroid	poly10	sep	100000	v_centroid	4	19.088	18.690	100000:0.000000e0
H1	centroid	poly10	sep	100000	t_centroid	4	21.566	21.267	100000:0.000000e0
H1	centroid	poly10	sep	100000	v_centroid	5	19.051	18.750	100000:0.000000e0
H1	centroid	poly10	sep	100000	t_centroid	5	21.568	21.235	100000:0.000000e0
H1	centroid	poly10	sep	100000	u_centroid	5	33.194	32.781	100000:0.000000e0
H1	centroid	poly10	int	100000	u_centroid	1	34.598	34.235	100000:0.000000e0
H1	centroid	poly10	int	100000	v_centroid	1	19.268	18.824	100000:0.000000e0
H1	centroid	poly10	int	100000	t_centroid	1	23.084	22.714	100000:0.000000e0
H1	centroid	poly10	int	100000	v_centroid	2	19.468	18.956	100000:0.000000e0
H1	centroid	poly10	int	100000	t_centroid	2	23.841	23.286	100000:0.000000e0
H1	centroid	poly10	int	100000	u_centroid	2	34.803	34.374	100000:0.000000e0
H1	centroid	poly10	int	100000	t_centroid	3	23.423	22.826	100000:0.000000e0
H1	centroid	poly10	int	100000	u_centroid	3	34.752	34.282	100000:0.000000e0
H1	centroid	poly10	int	100000	v_centroid	3	19.260	18.655	100000:0.000000e0
H1	centroid	poly10	int	100000	u_centroid	4	34.627	34.183	100000:0.000000e0
H1	centroid	poly10	int	100000	v_centroid	4	19.100	18.682	100000:0.000000e0
H1	centroid	poly10	int	100000	t_centroid	4	22.981	22.662	100000:0.000000e0
H1	centroid	poly10	int	100000	v_centroid	5	18.943	18.636	100000:0.000000e0
H1	centroid	poly10	int	100000	t_centroid	5	22.990	22.665	100000:0.000000e0
H1	centroid	poly10	int	100000	u_centroid	5	34.576	34.136	100000:0.000000e0
H1	centroid	poly10	wkb	100000	u_centroid	1	16.825	16.502	100000:0.000000e0
H1	centroid	poly10	wkb	100000	t_centroid	1	16.453	16.188	100000:0.000000e0
H1	centroid	poly10	wkb	100000	t_centroid	2	16.480	16.176	100000:0.000000e0
H1	centroid	poly10	wkb	100000	u_centroid	2	16.892	16.487	100000:0.000000e0
H1	centroid	poly10	wkb	100000	u_centroid	3	16.839	16.550	100000:0.000000e0
H1	centroid	poly10	wkb	100000	t_centroid	3	16.424	16.143	100000:0.000000e0
H1	centroid	poly10	wkb	100000	t_centroid	4	16.443	16.183	100000:0.000000e0
H1	centroid	poly10	wkb	100000	u_centroid	4	17.136	16.774	100000:0.000000e0
H1	centroid	poly10	wkb	100000	u_centroid	5	17.031	16.646	100000:0.000000e0
H1	centroid	poly10	wkb	100000	t_centroid	5	16.804	16.482	100000:0.000000e0
H1	centroid	poly100	sep	100000	u_centroid	1	193.153	192.487	100000:0.000000e0
H1	centroid	poly100	sep	100000	v_centroid	1	97.603	96.961	100000:0.000000e0
H1	centroid	poly100	sep	100000	t_centroid	1	137.452	136.799	100000:0.000000e0
H1	centroid	poly100	sep	100000	v_centroid	2	97.367	96.727	100000:0.000000e0
H1	centroid	poly100	sep	100000	t_centroid	2	137.957	137.304	100000:0.000000e0
H1	centroid	poly100	sep	100000	u_centroid	2	193.309	192.642	100000:0.000000e0
H1	centroid	poly100	sep	100000	t_centroid	3	138.323	137.646	100000:0.000000e0
H1	centroid	poly100	sep	100000	u_centroid	3	192.578	191.923	100000:0.000000e0
H1	centroid	poly100	sep	100000	v_centroid	3	97.408	96.746	100000:0.000000e0
H1	centroid	poly100	sep	100000	u_centroid	4	198.083	197.424	100000:0.000000e0
H1	centroid	poly100	sep	100000	v_centroid	4	97.397	96.723	100000:0.000000e0
H1	centroid	poly100	sep	100000	t_centroid	4	137.373	136.723	100000:0.000000e0
H1	centroid	poly100	sep	100000	v_centroid	5	97.744	97.098	100000:0.000000e0
H1	centroid	poly100	sep	100000	t_centroid	5	138.139	137.484	100000:0.000000e0
H1	centroid	poly100	sep	100000	u_centroid	5	193.120	192.445	100000:0.000000e0
H1	centroid	poly100	int	100000	u_centroid	1	207.404	206.672	100000:0.000000e0
H1	centroid	poly100	int	100000	v_centroid	1	96.423	95.758	100000:0.000000e0
H1	centroid	poly100	int	100000	t_centroid	1	150.636	150.007	100000:0.000000e0
H1	centroid	poly100	int	100000	v_centroid	2	96.912	96.245	100000:0.000000e0
H1	centroid	poly100	int	100000	t_centroid	2	151.623	150.937	100000:0.000000e0
H1	centroid	poly100	int	100000	u_centroid	2	206.335	205.684	100000:0.000000e0
H1	centroid	poly100	int	100000	t_centroid	3	153.513	152.801	100000:0.000000e0
H1	centroid	poly100	int	100000	u_centroid	3	210.114	209.399	100000:0.000000e0
H1	centroid	poly100	int	100000	v_centroid	3	96.818	96.127	100000:0.000000e0
H1	centroid	poly100	int	100000	u_centroid	4	207.238	206.514	100000:0.000000e0
H1	centroid	poly100	int	100000	v_centroid	4	96.957	96.232	100000:0.000000e0
H1	centroid	poly100	int	100000	t_centroid	4	150.978	150.310	100000:0.000000e0
H1	centroid	poly100	int	100000	v_centroid	5	96.581	95.923	100000:0.000000e0
H1	centroid	poly100	int	100000	t_centroid	5	151.194	150.509	100000:0.000000e0
H1	centroid	poly100	int	100000	u_centroid	5	207.124	206.463	100000:0.000000e0
H1	centroid	poly100	wkb	100000	u_centroid	1	78.354	77.744	100000:0.000000e0
H1	centroid	poly100	wkb	100000	t_centroid	1	79.368	78.771	100000:0.000000e0
H1	centroid	poly100	wkb	100000	t_centroid	2	79.456	78.868	100000:0.000000e0
H1	centroid	poly100	wkb	100000	u_centroid	2	80.531	79.923	100000:0.000000e0
H1	centroid	poly100	wkb	100000	u_centroid	3	80.044	79.445	100000:0.000000e0
H1	centroid	poly100	wkb	100000	t_centroid	3	79.428	78.814	100000:0.000000e0
H1	centroid	poly100	wkb	100000	t_centroid	4	79.560	78.955	100000:0.000000e0
H1	centroid	poly100	wkb	100000	u_centroid	4	80.138	79.522	100000:0.000000e0
H1	centroid	poly100	wkb	100000	u_centroid	5	79.903	79.309	100000:0.000000e0
H1	centroid	poly100	wkb	100000	t_centroid	5	79.471	78.883	100000:0.000000e0
H1	centroid	poly1000	sep	10000	u_centroid	1	184.484	183.888	10000:0.000000e0
H1	centroid	poly1000	sep	10000	v_centroid	1	91.344	90.775	10000:0.000000e0
H1	centroid	poly1000	sep	10000	t_centroid	1	128.922	128.349	10000:0.000000e0
H1	centroid	poly1000	sep	10000	v_centroid	2	91.558	90.984	10000:0.000000e0
H1	centroid	poly1000	sep	10000	t_centroid	2	129.042	128.481	10000:0.000000e0
H1	centroid	poly1000	sep	10000	u_centroid	2	183.048	182.452	10000:0.000000e0
H1	centroid	poly1000	sep	10000	t_centroid	3	128.971	128.404	10000:0.000000e0
H1	centroid	poly1000	sep	10000	u_centroid	3	183.717	183.145	10000:0.000000e0
H1	centroid	poly1000	sep	10000	v_centroid	3	91.547	90.963	10000:0.000000e0
H1	centroid	poly1000	sep	10000	u_centroid	4	182.918	182.344	10000:0.000000e0
H1	centroid	poly1000	sep	10000	v_centroid	4	91.494	90.920	10000:0.000000e0
H1	centroid	poly1000	sep	10000	t_centroid	4	128.859	128.279	10000:0.000000e0
H1	centroid	poly1000	sep	10000	v_centroid	5	91.481	90.894	10000:0.000000e0
H1	centroid	poly1000	sep	10000	t_centroid	5	130.183	129.592	10000:0.000000e0
H1	centroid	poly1000	sep	10000	u_centroid	5	183.969	183.376	10000:0.000000e0
H1	centroid	poly1000	int	10000	u_centroid	1	196.026	195.452	10000:0.000000e0
H1	centroid	poly1000	int	10000	v_centroid	1	90.747	90.179	10000:0.000000e0
H1	centroid	poly1000	int	10000	t_centroid	1	143.234	142.660	10000:0.000000e0
H1	centroid	poly1000	int	10000	v_centroid	2	92.313	91.726	10000:0.000000e0
H1	centroid	poly1000	int	10000	t_centroid	2	142.357	141.785	10000:0.000000e0
H1	centroid	poly1000	int	10000	u_centroid	2	195.536	194.925	10000:0.000000e0
H1	centroid	poly1000	int	10000	t_centroid	3	142.196	141.621	10000:0.000000e0
H1	centroid	poly1000	int	10000	u_centroid	3	195.996	195.414	10000:0.000000e0
H1	centroid	poly1000	int	10000	v_centroid	3	90.771	90.113	10000:0.000000e0
H1	centroid	poly1000	int	10000	u_centroid	4	196.556	195.976	10000:0.000000e0
H1	centroid	poly1000	int	10000	v_centroid	4	90.719	90.153	10000:0.000000e0
H1	centroid	poly1000	int	10000	t_centroid	4	142.625	142.028	10000:0.000000e0
H1	centroid	poly1000	int	10000	v_centroid	5	91.202	90.587	10000:0.000000e0
H1	centroid	poly1000	int	10000	t_centroid	5	142.708	142.142	10000:0.000000e0
H1	centroid	poly1000	int	10000	u_centroid	5	197.332	196.757	10000:0.000000e0
H1	centroid	poly1000	wkb	10000	u_centroid	1	69.908	69.365	10000:0.000000e0
H1	centroid	poly1000	wkb	10000	t_centroid	1	69.718	69.181	10000:0.000000e0
H1	centroid	poly1000	wkb	10000	t_centroid	2	69.705	69.161	10000:0.000000e0
H1	centroid	poly1000	wkb	10000	u_centroid	2	70.088	69.532	10000:0.000000e0
H1	centroid	poly1000	wkb	10000	u_centroid	3	70.014	69.471	10000:0.000000e0
H1	centroid	poly1000	wkb	10000	t_centroid	3	70.389	69.833	10000:0.000000e0
H1	centroid	poly1000	wkb	10000	t_centroid	4	69.968	69.342	10000:0.000000e0
H1	centroid	poly1000	wkb	10000	u_centroid	4	69.957	69.402	10000:0.000000e0
H1	centroid	poly1000	wkb	10000	u_centroid	5	70.032	69.481	10000:0.000000e0
H1	centroid	poly1000	wkb	10000	t_centroid	5	69.722	69.184	10000:0.000000e0
H1	intersects	points	sep	1000000	u_intersects	1	473.341	472.047	1000000:2.481810e5
H1	intersects	points	sep	1000000	v_intersects	1	457.123	455.937	1000000:2.481810e5
H1	intersects	points	sep	1000000	t_intersects	1	431.760	430.611	1000000:2.481810e5
H1	intersects	points	sep	1000000	v_intersects	2	461.718	460.525	1000000:2.481810e5
H1	intersects	points	sep	1000000	t_intersects	2	435.956	434.765	1000000:2.481810e5
H1	intersects	points	sep	1000000	u_intersects	2	468.386	467.191	1000000:2.481810e5
H1	intersects	points	sep	1000000	t_intersects	3	432.872	431.719	1000000:2.481810e5
H1	intersects	points	sep	1000000	u_intersects	3	470.887	469.711	1000000:2.481810e5
H1	intersects	points	sep	1000000	v_intersects	3	457.656	456.478	1000000:2.481810e5
H1	intersects	points	sep	1000000	u_intersects	4	471.966	470.795	1000000:2.481810e5
H1	intersects	points	sep	1000000	v_intersects	4	461.648	460.427	1000000:2.481810e5
H1	intersects	points	sep	1000000	t_intersects	4	433.708	432.550	1000000:2.481810e5
H1	intersects	points	sep	1000000	v_intersects	5	453.897	452.712	1000000:2.481810e5
H1	intersects	points	sep	1000000	t_intersects	5	434.908	433.752	1000000:2.481810e5
H1	intersects	points	sep	1000000	u_intersects	5	472.196	470.996	1000000:2.481810e5
H1	intersects	points	int	1000000	u_intersects	1	482.517	481.288	1000000:2.481810e5
H1	intersects	points	int	1000000	v_intersects	1	457.680	456.523	1000000:2.481810e5
H1	intersects	points	int	1000000	t_intersects	1	432.677	431.538	1000000:2.481810e5
H1	intersects	points	int	1000000	v_intersects	2	458.185	457.012	1000000:2.481810e5
H1	intersects	points	int	1000000	t_intersects	2	435.759	434.605	1000000:2.481810e5
H1	intersects	points	int	1000000	u_intersects	2	476.191	474.970	1000000:2.481810e5
H1	intersects	points	int	1000000	t_intersects	3	433.319	432.136	1000000:2.481810e5
H1	intersects	points	int	1000000	u_intersects	3	481.359	480.082	1000000:2.481810e5
H1	intersects	points	int	1000000	v_intersects	3	456.824	455.592	1000000:2.481810e5
H1	intersects	points	int	1000000	u_intersects	4	470.816	469.638	1000000:2.481810e5
H1	intersects	points	int	1000000	v_intersects	4	464.623	463.285	1000000:2.481810e5
H1	intersects	points	int	1000000	t_intersects	4	432.872	431.739	1000000:2.481810e5
H1	intersects	points	int	1000000	v_intersects	5	459.648	458.473	1000000:2.481810e5
H1	intersects	points	int	1000000	t_intersects	5	431.560	430.408	1000000:2.481810e5
H1	intersects	points	int	1000000	u_intersects	5	470.124	468.978	1000000:2.481810e5
H1	intersects	points	wkb	1000000	u_intersects	1	449.740	448.573	1000000:2.481810e5
H1	intersects	points	wkb	1000000	t_intersects	1	445.494	444.335	1000000:2.481810e5
H1	intersects	points	wkb	1000000	t_intersects	2	448.775	447.590	1000000:2.481810e5
H1	intersects	points	wkb	1000000	u_intersects	2	458.423	457.288	1000000:2.481810e5
H1	intersects	points	wkb	1000000	u_intersects	3	449.874	448.754	1000000:2.481810e5
H1	intersects	points	wkb	1000000	t_intersects	3	444.698	443.569	1000000:2.481810e5
H1	intersects	points	wkb	1000000	t_intersects	4	446.066	444.922	1000000:2.481810e5
H1	intersects	points	wkb	1000000	u_intersects	4	455.443	454.296	1000000:2.481810e5
H1	intersects	points	wkb	1000000	u_intersects	5	454.746	453.634	1000000:2.481810e5
H1	intersects	points	wkb	1000000	t_intersects	5	446.561	445.420	1000000:2.481810e5
H1	intersects	poly10	sep	100000	u_intersects	1	161.261	160.269	100000:2.487300e4
H1	intersects	poly10	sep	100000	v_intersects	1	147.389	146.426	100000:2.487300e4
H1	intersects	poly10	sep	100000	t_intersects	1	150.810	149.819	100000:2.487300e4
H1	intersects	poly10	sep	100000	v_intersects	2	148.661	147.691	100000:2.487300e4
H1	intersects	poly10	sep	100000	t_intersects	2	151.514	150.553	100000:2.487300e4
H1	intersects	poly10	sep	100000	u_intersects	2	162.449	161.470	100000:2.487300e4
H1	intersects	poly10	sep	100000	t_intersects	3	150.244	149.270	100000:2.487300e4
H1	intersects	poly10	sep	100000	u_intersects	3	162.236	161.271	100000:2.487300e4
H1	intersects	poly10	sep	100000	v_intersects	3	149.467	148.498	100000:2.487300e4
H1	intersects	poly10	sep	100000	u_intersects	4	161.263	160.286	100000:2.487300e4
H1	intersects	poly10	sep	100000	v_intersects	4	147.161	146.192	100000:2.487300e4
H1	intersects	poly10	sep	100000	t_intersects	4	151.451	150.436	100000:2.487300e4
H1	intersects	poly10	sep	100000	v_intersects	5	148.918	147.917	100000:2.487300e4
H1	intersects	poly10	sep	100000	t_intersects	5	151.561	150.605	100000:2.487300e4
H1	intersects	poly10	sep	100000	u_intersects	5	161.466	160.486	100000:2.487300e4
H1	intersects	poly10	int	100000	u_intersects	1	163.565	162.555	100000:2.487300e4
H1	intersects	poly10	int	100000	v_intersects	1	148.842	147.863	100000:2.487300e4
H1	intersects	poly10	int	100000	t_intersects	1	152.568	151.600	100000:2.487300e4
H1	intersects	poly10	int	100000	v_intersects	2	148.415	147.432	100000:2.487300e4
H1	intersects	poly10	int	100000	t_intersects	2	153.590	152.600	100000:2.487300e4
H1	intersects	poly10	int	100000	u_intersects	2	163.639	162.649	100000:2.487300e4
H1	intersects	poly10	int	100000	t_intersects	3	152.483	151.501	100000:2.487300e4
H1	intersects	poly10	int	100000	u_intersects	3	163.546	162.537	100000:2.487300e4
H1	intersects	poly10	int	100000	v_intersects	3	148.606	147.645	100000:2.487300e4
H1	intersects	poly10	int	100000	u_intersects	4	170.077	169.074	100000:2.487300e4
H1	intersects	poly10	int	100000	v_intersects	4	149.174	148.198	100000:2.487300e4
H1	intersects	poly10	int	100000	t_intersects	4	152.765	151.802	100000:2.487300e4
H1	intersects	poly10	int	100000	v_intersects	5	149.155	148.151	100000:2.487300e4
H1	intersects	poly10	int	100000	t_intersects	5	153.128	152.128	100000:2.487300e4
H1	intersects	poly10	int	100000	u_intersects	5	163.473	162.503	100000:2.487300e4
H1	intersects	poly10	wkb	100000	u_intersects	1	148.990	148.050	100000:2.487300e4
H1	intersects	poly10	wkb	100000	t_intersects	1	148.575	147.640	100000:2.487300e4
H1	intersects	poly10	wkb	100000	t_intersects	2	147.776	146.818	100000:2.487300e4
H1	intersects	poly10	wkb	100000	u_intersects	2	148.425	147.488	100000:2.487300e4
H1	intersects	poly10	wkb	100000	u_intersects	3	147.874	146.949	100000:2.487300e4
H1	intersects	poly10	wkb	100000	t_intersects	3	147.768	146.822	100000:2.487300e4
H1	intersects	poly10	wkb	100000	t_intersects	4	149.541	148.529	100000:2.487300e4
H1	intersects	poly10	wkb	100000	u_intersects	4	149.543	148.550	100000:2.487300e4
H1	intersects	poly10	wkb	100000	u_intersects	5	154.913	153.909	100000:2.487300e4
H1	intersects	poly10	wkb	100000	t_intersects	5	151.936	150.858	100000:2.487300e4
H1	intersects	poly100	sep	20000	u_intersects	1	226.209	225.243	20000:5.085000e3
H1	intersects	poly100	sep	20000	v_intersects	1	204.317	203.370	20000:5.085000e3
H1	intersects	poly100	sep	20000	t_intersects	1	211.762	210.827	20000:5.085000e3
H1	intersects	poly100	sep	20000	v_intersects	2	203.115	202.182	20000:5.085000e3
H1	intersects	poly100	sep	20000	t_intersects	2	211.616	210.677	20000:5.085000e3
H1	intersects	poly100	sep	20000	u_intersects	2	223.755	222.794	20000:5.085000e3
H1	intersects	poly100	sep	20000	t_intersects	3	212.657	211.718	20000:5.085000e3
H1	intersects	poly100	sep	20000	u_intersects	3	223.385	222.447	20000:5.085000e3
H1	intersects	poly100	sep	20000	v_intersects	3	207.858	206.901	20000:5.085000e3
H1	intersects	poly100	sep	20000	u_intersects	4	225.368	224.376	20000:5.085000e3
H1	intersects	poly100	sep	20000	v_intersects	4	207.290	206.288	20000:5.085000e3
H1	intersects	poly100	sep	20000	t_intersects	4	212.605	211.624	20000:5.085000e3
H1	intersects	poly100	sep	20000	v_intersects	5	204.794	203.833	20000:5.085000e3
H1	intersects	poly100	sep	20000	t_intersects	5	214.243	213.294	20000:5.085000e3
H1	intersects	poly100	sep	20000	u_intersects	5	228.009	227.030	20000:5.085000e3
H1	intersects	poly100	int	20000	u_intersects	1	225.726	224.736	20000:5.085000e3
H1	intersects	poly100	int	20000	v_intersects	1	204.429	203.437	20000:5.085000e3
H1	intersects	poly100	int	20000	t_intersects	1	219.508	218.551	20000:5.085000e3
H1	intersects	poly100	int	20000	v_intersects	2	205.882	204.925	20000:5.085000e3
H1	intersects	poly100	int	20000	t_intersects	2	216.667	215.696	20000:5.085000e3
H1	intersects	poly100	int	20000	u_intersects	2	226.132	225.182	20000:5.085000e3
H1	intersects	poly100	int	20000	t_intersects	3	213.950	212.994	20000:5.085000e3
H1	intersects	poly100	int	20000	u_intersects	3	225.406	224.455	20000:5.085000e3
H1	intersects	poly100	int	20000	v_intersects	3	203.754	202.768	20000:5.085000e3
H1	intersects	poly100	int	20000	u_intersects	4	224.945	223.969	20000:5.085000e3
H1	intersects	poly100	int	20000	v_intersects	4	204.923	203.970	20000:5.085000e3
H1	intersects	poly100	int	20000	t_intersects	4	215.766	214.816	20000:5.085000e3
H1	intersects	poly100	int	20000	v_intersects	5	205.225	204.275	20000:5.085000e3
H1	intersects	poly100	int	20000	t_intersects	5	214.711	213.728	20000:5.085000e3
H1	intersects	poly100	int	20000	u_intersects	5	227.580	226.598	20000:5.085000e3
H1	intersects	poly100	wkb	20000	u_intersects	1	202.283	201.322	20000:5.085000e3
H1	intersects	poly100	wkb	20000	t_intersects	1	201.841	200.824	20000:5.085000e3
H1	intersects	poly100	wkb	20000	t_intersects	2	207.085	206.151	20000:5.085000e3
H1	intersects	poly100	wkb	20000	u_intersects	2	200.639	199.670	20000:5.085000e3
H1	intersects	poly100	wkb	20000	u_intersects	3	201.415	200.481	20000:5.085000e3
H1	intersects	poly100	wkb	20000	t_intersects	3	199.097	198.160	20000:5.085000e3
H1	intersects	poly100	wkb	20000	t_intersects	4	199.601	198.649	20000:5.085000e3
H1	intersects	poly100	wkb	20000	u_intersects	4	200.746	199.781	20000:5.085000e3
H1	intersects	poly100	wkb	20000	u_intersects	5	199.750	198.785	20000:5.085000e3
H1	intersects	poly100	wkb	20000	t_intersects	5	200.033	199.078	20000:5.085000e3
H1	intersects	poly1000	sep	2000	u_intersects	1	437.750	436.838	2000:5.010000e2
H1	intersects	poly1000	sep	2000	v_intersects	1	423.415	422.492	2000:5.010000e2
H1	intersects	poly1000	sep	2000	t_intersects	1	429.694	428.743	2000:5.010000e2
H1	intersects	poly1000	sep	2000	v_intersects	2	419.778	418.847	2000:5.010000e2
H1	intersects	poly1000	sep	2000	t_intersects	2	429.594	428.665	2000:5.010000e2
H1	intersects	poly1000	sep	2000	u_intersects	2	440.314	439.395	2000:5.010000e2
H1	intersects	poly1000	sep	2000	t_intersects	3	430.999	430.062	2000:5.010000e2
H1	intersects	poly1000	sep	2000	u_intersects	3	437.604	436.602	2000:5.010000e2
H1	intersects	poly1000	sep	2000	v_intersects	3	420.297	419.369	2000:5.010000e2
H1	intersects	poly1000	sep	2000	u_intersects	4	437.905	436.993	2000:5.010000e2
H1	intersects	poly1000	sep	2000	v_intersects	4	424.604	423.672	2000:5.010000e2
H1	intersects	poly1000	sep	2000	t_intersects	4	427.689	426.748	2000:5.010000e2
H1	intersects	poly1000	sep	2000	v_intersects	5	420.291	419.371	2000:5.010000e2
H1	intersects	poly1000	sep	2000	t_intersects	5	427.463	426.547	2000:5.010000e2
H1	intersects	poly1000	sep	2000	u_intersects	5	438.912	437.997	2000:5.010000e2
H1	intersects	poly1000	int	2000	u_intersects	1	447.322	446.399	2000:5.010000e2
H1	intersects	poly1000	int	2000	v_intersects	1	422.173	421.231	2000:5.010000e2
H1	intersects	poly1000	int	2000	t_intersects	1	434.002	433.068	2000:5.010000e2
H1	intersects	poly1000	int	2000	v_intersects	2	422.591	421.676	2000:5.010000e2
H1	intersects	poly1000	int	2000	t_intersects	2	433.649	432.725	2000:5.010000e2
H1	intersects	poly1000	int	2000	u_intersects	2	442.852	441.937	2000:5.010000e2
H1	intersects	poly1000	int	2000	t_intersects	3	436.902	435.941	2000:5.010000e2
H1	intersects	poly1000	int	2000	u_intersects	3	443.724	442.800	2000:5.010000e2
H1	intersects	poly1000	int	2000	v_intersects	3	424.911	423.753	2000:5.010000e2
H1	intersects	poly1000	int	2000	u_intersects	4	443.316	442.382	2000:5.010000e2
H1	intersects	poly1000	int	2000	v_intersects	4	425.196	424.252	2000:5.010000e2
H1	intersects	poly1000	int	2000	t_intersects	4	432.475	431.521	2000:5.010000e2
H1	intersects	poly1000	int	2000	v_intersects	5	423.396	422.472	2000:5.010000e2
H1	intersects	poly1000	int	2000	t_intersects	5	434.056	433.098	2000:5.010000e2
H1	intersects	poly1000	int	2000	u_intersects	5	443.182	442.248	2000:5.010000e2
H1	intersects	poly1000	wkb	2000	u_intersects	1	417.873	416.955	2000:5.010000e2
H1	intersects	poly1000	wkb	2000	t_intersects	1	419.071	418.154	2000:5.010000e2
H1	intersects	poly1000	wkb	2000	t_intersects	2	418.295	417.367	2000:5.010000e2
H1	intersects	poly1000	wkb	2000	u_intersects	2	419.057	418.139	2000:5.010000e2
H1	intersects	poly1000	wkb	2000	u_intersects	3	417.787	416.837	2000:5.010000e2
H1	intersects	poly1000	wkb	2000	t_intersects	3	419.962	419.040	2000:5.010000e2
H1	intersects	poly1000	wkb	2000	t_intersects	4	418.012	417.094	2000:5.010000e2
H1	intersects	poly1000	wkb	2000	u_intersects	4	417.821	416.905	2000:5.010000e2
H1	intersects	poly1000	wkb	2000	u_intersects	5	418.500	417.587	2000:5.010000e2
H1	intersects	poly1000	wkb	2000	t_intersects	5	418.800	417.896	2000:5.010000e2
H1	buffer	points	sep	100000	u_buffer	1	463.993	462.398	100000:0.000000e0
H1	buffer	points	sep	100000	v_buffer	1	457.864	456.286	100000:0.000000e0
H1	buffer	points	sep	100000	t_buffer	1	459.843	458.289	100000:0.000000e0
H1	buffer	points	sep	100000	v_buffer	2	463.307	461.715	100000:0.000000e0
H1	buffer	points	sep	100000	t_buffer	2	459.278	457.714	100000:0.000000e0
H1	buffer	points	sep	100000	u_buffer	2	462.203	460.656	100000:0.000000e0
H1	buffer	points	sep	100000	t_buffer	3	462.546	460.997	100000:0.000000e0
H1	buffer	points	sep	100000	u_buffer	3	464.445	462.873	100000:0.000000e0
H1	buffer	points	sep	100000	v_buffer	3	459.354	457.809	100000:0.000000e0
H1	buffer	points	sep	100000	u_buffer	4	461.263	459.728	100000:0.000000e0
H1	buffer	points	sep	100000	v_buffer	4	459.913	458.305	100000:0.000000e0
H1	buffer	points	sep	100000	t_buffer	4	463.768	462.139	100000:0.000000e0
H1	buffer	points	sep	100000	v_buffer	5	458.221	456.663	100000:0.000000e0
H1	buffer	points	sep	100000	t_buffer	5	462.344	460.734	100000:0.000000e0
H1	buffer	points	sep	100000	u_buffer	5	456.834	455.312	100000:0.000000e0
H1	buffer	points	int	100000	u_buffer	1	470.012	468.431	100000:0.000000e0
H1	buffer	points	int	100000	v_buffer	1	465.522	463.937	100000:0.000000e0
H1	buffer	points	int	100000	t_buffer	1	462.050	460.492	100000:0.000000e0
H1	buffer	points	int	100000	v_buffer	2	469.029	467.421	100000:0.000000e0
H1	buffer	points	int	100000	t_buffer	2	470.075	468.499	100000:0.000000e0
H1	buffer	points	int	100000	u_buffer	2	490.553	488.866	100000:0.000000e0
H1	buffer	points	int	100000	t_buffer	3	471.494	469.962	100000:0.000000e0
H1	buffer	points	int	100000	u_buffer	3	480.681	479.080	100000:0.000000e0
H1	buffer	points	int	100000	v_buffer	3	479.857	478.269	100000:0.000000e0
H1	buffer	points	int	100000	u_buffer	4	473.213	471.703	100000:0.000000e0
H1	buffer	points	int	100000	v_buffer	4	478.152	476.559	100000:0.000000e0
H1	buffer	points	int	100000	t_buffer	4	474.018	472.534	100000:0.000000e0
H1	buffer	points	int	100000	v_buffer	5	480.744	479.210	100000:0.000000e0
H1	buffer	points	int	100000	t_buffer	5	474.063	472.527	100000:0.000000e0
H1	buffer	points	int	100000	u_buffer	5	479.972	478.393	100000:0.000000e0
H1	buffer	points	wkb	100000	u_buffer	1	460.345	458.776	100000:0.000000e0
H1	buffer	points	wkb	100000	t_buffer	1	458.715	457.164	100000:0.000000e0
H1	buffer	points	wkb	100000	t_buffer	2	472.173	467.926	100000:0.000000e0
H1	buffer	points	wkb	100000	u_buffer	2	470.118	468.516	100000:0.000000e0
H1	buffer	points	wkb	100000	u_buffer	3	465.494	463.936	100000:0.000000e0
H1	buffer	points	wkb	100000	t_buffer	3	467.198	465.688	100000:0.000000e0
H1	buffer	points	wkb	100000	t_buffer	4	466.049	464.516	100000:0.000000e0
H1	buffer	points	wkb	100000	u_buffer	4	468.475	466.903	100000:0.000000e0
H1	buffer	points	wkb	100000	u_buffer	5	466.319	464.750	100000:0.000000e0
H1	buffer	points	wkb	100000	t_buffer	5	467.324	465.842	100000:0.000000e0
H1	buffer	poly10	sep	10000	u_buffer	1	78.929	77.877	10000:0.000000e0
H1	buffer	poly10	sep	10000	v_buffer	1	76.680	75.663	10000:0.000000e0
H1	buffer	poly10	sep	10000	t_buffer	1	76.338	75.329	10000:0.000000e0
H1	buffer	poly10	sep	10000	v_buffer	2	77.062	76.057	10000:0.000000e0
H1	buffer	poly10	sep	10000	t_buffer	2	81.124	80.074	10000:0.000000e0
H1	buffer	poly10	sep	10000	u_buffer	2	79.330	78.280	10000:0.000000e0
H1	buffer	poly10	sep	10000	t_buffer	3	76.831	75.836	10000:0.000000e0
H1	buffer	poly10	sep	10000	u_buffer	3	77.760	76.771	10000:0.000000e0
H1	buffer	poly10	sep	10000	v_buffer	3	77.198	76.142	10000:0.000000e0
H1	buffer	poly10	sep	10000	u_buffer	4	77.383	76.372	10000:0.000000e0
H1	buffer	poly10	sep	10000	v_buffer	4	76.613	75.598	10000:0.000000e0
H1	buffer	poly10	sep	10000	t_buffer	4	76.417	75.416	10000:0.000000e0
H1	buffer	poly10	sep	10000	v_buffer	5	77.376	76.367	10000:0.000000e0
H1	buffer	poly10	sep	10000	t_buffer	5	76.829	75.775	10000:0.000000e0
H1	buffer	poly10	sep	10000	u_buffer	5	77.754	76.739	10000:0.000000e0
H1	buffer	poly10	int	10000	u_buffer	1	77.038	76.011	10000:0.000000e0
H1	buffer	poly10	int	10000	v_buffer	1	75.160	74.145	10000:0.000000e0
H1	buffer	poly10	int	10000	t_buffer	1	75.323	74.319	10000:0.000000e0
H1	buffer	poly10	int	10000	v_buffer	2	75.630	74.622	10000:0.000000e0
H1	buffer	poly10	int	10000	t_buffer	2	77.016	76.008	10000:0.000000e0
H1	buffer	poly10	int	10000	u_buffer	2	77.746	76.721	10000:0.000000e0
H1	buffer	poly10	int	10000	t_buffer	3	76.500	75.477	10000:0.000000e0
H1	buffer	poly10	int	10000	u_buffer	3	79.314	78.217	10000:0.000000e0
H1	buffer	poly10	int	10000	v_buffer	3	77.428	76.377	10000:0.000000e0
H1	buffer	poly10	int	10000	u_buffer	4	76.551	75.555	10000:0.000000e0
H1	buffer	poly10	int	10000	v_buffer	4	75.439	74.428	10000:0.000000e0
H1	buffer	poly10	int	10000	t_buffer	4	75.742	74.732	10000:0.000000e0
H1	buffer	poly10	int	10000	v_buffer	5	76.760	75.744	10000:0.000000e0
H1	buffer	poly10	int	10000	t_buffer	5	75.497	74.501	10000:0.000000e0
H1	buffer	poly10	int	10000	u_buffer	5	76.702	75.700	10000:0.000000e0
H1	buffer	poly10	wkb	10000	u_buffer	1	76.067	75.073	10000:0.000000e0
H1	buffer	poly10	wkb	10000	t_buffer	1	74.351	73.296	10000:0.000000e0
H1	buffer	poly10	wkb	10000	t_buffer	2	75.030	74.040	10000:0.000000e0
H1	buffer	poly10	wkb	10000	u_buffer	2	76.775	75.767	10000:0.000000e0
H1	buffer	poly10	wkb	10000	u_buffer	3	77.871	76.849	10000:0.000000e0
H1	buffer	poly10	wkb	10000	t_buffer	3	74.787	73.807	10000:0.000000e0
H1	buffer	poly10	wkb	10000	t_buffer	4	74.762	73.776	10000:0.000000e0
H1	buffer	poly10	wkb	10000	u_buffer	4	76.661	75.653	10000:0.000000e0
H1	buffer	poly10	wkb	10000	u_buffer	5	76.329	75.336	10000:0.000000e0
H1	buffer	poly10	wkb	10000	t_buffer	5	74.419	73.432	10000:0.000000e0
H1	buffer	poly100	sep	2000	u_buffer	1	456.073	455.066	2000:0.000000e0
H1	buffer	poly100	sep	2000	v_buffer	1	453.214	452.215	2000:0.000000e0
H1	buffer	poly100	sep	2000	t_buffer	1	460.774	459.790	2000:0.000000e0
H1	buffer	poly100	sep	2000	v_buffer	2	454.708	453.661	2000:0.000000e0
H1	buffer	poly100	sep	2000	t_buffer	2	459.948	458.974	2000:0.000000e0
H1	buffer	poly100	sep	2000	u_buffer	2	454.858	453.865	2000:0.000000e0
H1	buffer	poly100	sep	2000	t_buffer	3	458.795	457.802	2000:0.000000e0
H1	buffer	poly100	sep	2000	u_buffer	3	458.112	457.097	2000:0.000000e0
H1	buffer	poly100	sep	2000	v_buffer	3	454.296	453.303	2000:0.000000e0
H1	buffer	poly100	sep	2000	u_buffer	4	457.312	456.319	2000:0.000000e0
H1	buffer	poly100	sep	2000	v_buffer	4	455.340	454.328	2000:0.000000e0
H1	buffer	poly100	sep	2000	t_buffer	4	463.585	462.587	2000:0.000000e0
H1	buffer	poly100	sep	2000	v_buffer	5	455.202	454.162	2000:0.000000e0
H1	buffer	poly100	sep	2000	t_buffer	5	459.013	458.014	2000:0.000000e0
H1	buffer	poly100	sep	2000	u_buffer	5	457.793	456.799	2000:0.000000e0
H1	buffer	poly100	int	2000	u_buffer	1	457.439	456.476	2000:0.000000e0
H1	buffer	poly100	int	2000	v_buffer	1	455.445	454.474	2000:0.000000e0
H1	buffer	poly100	int	2000	t_buffer	1	464.427	463.447	2000:0.000000e0
H1	buffer	poly100	int	2000	v_buffer	2	454.985	453.998	2000:0.000000e0
H1	buffer	poly100	int	2000	t_buffer	2	460.337	459.384	2000:0.000000e0
H1	buffer	poly100	int	2000	u_buffer	2	459.798	458.790	2000:0.000000e0
H1	buffer	poly100	int	2000	t_buffer	3	462.324	461.334	2000:0.000000e0
H1	buffer	poly100	int	2000	u_buffer	3	464.718	463.711	2000:0.000000e0
H1	buffer	poly100	int	2000	v_buffer	3	455.583	454.614	2000:0.000000e0
H1	buffer	poly100	int	2000	u_buffer	4	457.599	456.611	2000:0.000000e0
H1	buffer	poly100	int	2000	v_buffer	4	455.437	454.463	2000:0.000000e0
H1	buffer	poly100	int	2000	t_buffer	4	462.322	461.355	2000:0.000000e0
H1	buffer	poly100	int	2000	v_buffer	5	456.888	455.897	2000:0.000000e0
H1	buffer	poly100	int	2000	t_buffer	5	466.274	465.301	2000:0.000000e0
H1	buffer	poly100	int	2000	u_buffer	5	459.232	458.228	2000:0.000000e0
H1	buffer	poly100	wkb	2000	u_buffer	1	464.988	464.029	2000:0.000000e0
H1	buffer	poly100	wkb	2000	t_buffer	1	464.105	462.316	2000:0.000000e0
H1	buffer	poly100	wkb	2000	t_buffer	2	465.702	464.753	2000:0.000000e0
H1	buffer	poly100	wkb	2000	u_buffer	2	456.537	455.575	2000:0.000000e0
H1	buffer	poly100	wkb	2000	u_buffer	3	455.242	454.279	2000:0.000000e0
H1	buffer	poly100	wkb	2000	t_buffer	3	461.893	460.935	2000:0.000000e0
H1	buffer	poly100	wkb	2000	t_buffer	4	461.001	460.050	2000:0.000000e0
H1	buffer	poly100	wkb	2000	u_buffer	4	456.997	456.021	2000:0.000000e0
H1	buffer	poly100	wkb	2000	u_buffer	5	459.643	458.665	2000:0.000000e0
H1	buffer	poly100	wkb	2000	t_buffer	5	464.148	463.197	2000:0.000000e0
H1	buffer	poly1000	sep	200	u_buffer	1	5291.898	5290.932	200:0.000000e0
H1	buffer	poly1000	sep	200	v_buffer	1	5292.735	5291.756	200:0.000000e0
H1	buffer	poly1000	sep	200	t_buffer	1	5327.321	5326.272	200:0.000000e0
H1	buffer	poly1000	sep	200	v_buffer	2	5308.623	5307.648	200:0.000000e0
H1	buffer	poly1000	sep	200	t_buffer	2	5293.482	5292.515	200:0.000000e0
H1	buffer	poly1000	sep	200	u_buffer	2	5284.378	5283.405	200:0.000000e0
H1	buffer	poly1000	sep	200	t_buffer	3	5407.796	5406.747	200:0.000000e0
H1	buffer	poly1000	sep	200	u_buffer	3	5311.106	5310.126	200:0.000000e0
H1	buffer	poly1000	sep	200	v_buffer	3	5319.888	5318.890	200:0.000000e0
H1	buffer	poly1000	sep	200	u_buffer	4	5288.832	5287.627	200:0.000000e0
H1	buffer	poly1000	sep	200	v_buffer	4	5320.719	5319.729	200:0.000000e0
H1	buffer	poly1000	sep	200	t_buffer	4	5321.681	5320.707	200:0.000000e0
H1	buffer	poly1000	sep	200	v_buffer	5	5323.582	5322.614	200:0.000000e0
H1	buffer	poly1000	sep	200	t_buffer	5	5484.639	5483.646	200:0.000000e0
H1	buffer	poly1000	sep	200	u_buffer	5	5329.689	5328.712	200:0.000000e0
H1	buffer	poly1000	int	200	u_buffer	1	5548.512	5547.530	200:0.000000e0
H1	buffer	poly1000	int	200	v_buffer	1	5726.993	5726.019	200:0.000000e0
H1	buffer	poly1000	int	200	t_buffer	1	5366.366	5365.099	200:0.000000e0
H1	buffer	poly1000	int	200	v_buffer	2	5632.997	5632.028	200:0.000000e0
H1	buffer	poly1000	int	200	t_buffer	2	5746.388	5745.377	200:0.000000e0
H1	buffer	poly1000	int	200	u_buffer	2	5811.606	5810.160	200:0.000000e0
H1	buffer	poly1000	int	200	t_buffer	3	5781.914	5780.923	200:0.000000e0
H1	buffer	poly1000	int	200	u_buffer	3	5553.881	5552.914	200:0.000000e0
H1	buffer	poly1000	int	200	v_buffer	3	5492.956	5491.984	200:0.000000e0
H1	buffer	poly1000	int	200	u_buffer	4	5555.004	5553.972	200:0.000000e0
H1	buffer	poly1000	int	200	v_buffer	4	5436.330	5435.369	200:0.000000e0
H1	buffer	poly1000	int	200	t_buffer	4	5856.150	5854.635	200:0.000000e0
H1	buffer	poly1000	int	200	v_buffer	5	5585.572	5584.606	200:0.000000e0
H1	buffer	poly1000	int	200	t_buffer	5	5348.912	5347.925	200:0.000000e0
H1	buffer	poly1000	int	200	u_buffer	5	5799.512	5798.543	200:0.000000e0
H1	buffer	poly1000	wkb	200	u_buffer	1	5749.639	5748.636	200:0.000000e0
H1	buffer	poly1000	wkb	200	t_buffer	1	5346.493	5345.487	200:0.000000e0
H1	buffer	poly1000	wkb	200	t_buffer	2	5638.612	5637.639	200:0.000000e0
H1	buffer	poly1000	wkb	200	u_buffer	2	5599.950	5598.915	200:0.000000e0
H1	buffer	poly1000	wkb	200	u_buffer	3	5405.667	5404.709	200:0.000000e0
H1	buffer	poly1000	wkb	200	t_buffer	3	5338.167	5336.712	200:0.000000e0
H1	buffer	poly1000	wkb	200	t_buffer	4	5457.901	5456.928	200:0.000000e0
H1	buffer	poly1000	wkb	200	u_buffer	4	5661.371	5660.417	200:0.000000e0
H1	buffer	poly1000	wkb	200	u_buffer	5	5408.841	5407.872	200:0.000000e0
H1	buffer	poly1000	wkb	200	t_buffer	5	5327.736	5326.499	200:0.000000e0
H2	p1	points	sep	1000000	h2_p1_u_w	1	112.946	110.047	1000000:5.003926e8
H2	p1	points	sep	1000000	h2_p1_t_n	1	47.858	47.098	1000000:5.003926e8
H2	p1	points	sep	1000000	h2_p1_t_w	1	57.314	56.598	1000000:5.003926e8
H2	p1	points	sep	1000000	h2_p1_v_n	1	85.899	85.128	1000000:5.003926e8
H2	p1	points	sep	1000000	h2_p1_v_w	1	91.674	89.922	1000000:5.003926e8
H2	p1	points	sep	1000000	h2_p1_u_n	1	114.289	113.467	1000000:5.003926e8
H2	p1	points	sep	1000000	h2_p1_t_n	2	47.836	47.075	1000000:5.003926e8
H2	p1	points	sep	1000000	h2_p1_t_w	2	57.970	57.147	1000000:5.003926e8
H2	p1	points	sep	1000000	h2_p1_v_n	2	86.008	85.206	1000000:5.003926e8
H2	p1	points	sep	1000000	h2_p1_v_w	2	93.678	91.600	1000000:5.003926e8
H2	p1	points	sep	1000000	h2_p1_u_n	2	114.439	113.627	1000000:5.003926e8
H2	p1	points	sep	1000000	h2_p1_u_w	2	112.258	109.492	1000000:5.003926e8
H2	p1	points	sep	1000000	h2_p1_t_w	3	57.628	56.823	1000000:5.003926e8
H2	p1	points	sep	1000000	h2_p1_v_n	3	86.578	85.631	1000000:5.003926e8
H2	p1	points	sep	1000000	h2_p1_v_w	3	93.937	91.761	1000000:5.003926e8
H2	p1	points	sep	1000000	h2_p1_u_n	3	114.320	113.479	1000000:5.003926e8
H2	p1	points	sep	1000000	h2_p1_u_w	3	112.446	109.616	1000000:5.003926e8
H2	p1	points	sep	1000000	h2_p1_t_n	3	47.699	46.959	1000000:5.003926e8
H2	p1	points	sep	1000000	h2_p1_v_n	4	85.885	85.141	1000000:5.003926e8
H2	p1	points	sep	1000000	h2_p1_v_w	4	93.677	91.634	1000000:5.003926e8
H2	p1	points	sep	1000000	h2_p1_u_n	4	114.166	113.375	1000000:5.003926e8
H2	p1	points	sep	1000000	h2_p1_u_w	4	112.254	109.464	1000000:5.003926e8
H2	p1	points	sep	1000000	h2_p1_t_n	4	47.731	46.991	1000000:5.003926e8
H2	p1	points	sep	1000000	h2_p1_t_w	4	57.389	56.634	1000000:5.003926e8
H2	p1	points	sep	1000000	h2_p1_v_w	5	96.984	94.349	1000000:5.003926e8
H2	p1	points	sep	1000000	h2_p1_u_n	5	114.622	113.757	1000000:5.003926e8
H2	p1	points	sep	1000000	h2_p1_u_w	5	112.526	109.737	1000000:5.003926e8
H2	p1	points	sep	1000000	h2_p1_t_n	5	47.644	46.890	1000000:5.003926e8
H2	p1	points	sep	1000000	h2_p1_t_w	5	57.441	56.670	1000000:5.003926e8
H2	p1	points	sep	1000000	h2_p1_v_n	5	86.256	85.457	1000000:5.003926e8
H2	p1	points	int	1000000	h2_p1_u_w	1	99.850	98.964	1000000:5.003926e8
H2	p1	points	int	1000000	h2_p1_t_n	1	45.995	45.318	1000000:5.003926e8
H2	p1	points	int	1000000	h2_p1_t_w	1	59.464	58.873	1000000:5.003926e8
H2	p1	points	int	1000000	h2_p1_v_n	1	86.159	85.517	1000000:5.003926e8
H2	p1	points	int	1000000	h2_p1_v_w	1	95.651	93.176	1000000:5.003926e8
H2	p1	points	int	1000000	h2_p1_u_n	1	116.295	115.434	1000000:5.003926e8
H2	p1	points	int	1000000	h2_p1_t_n	2	48.820	48.000	1000000:5.003926e8
H2	p1	points	int	1000000	h2_p1_t_w	2	59.681	58.955	1000000:5.003926e8
H2	p1	points	int	1000000	h2_p1_v_n	2	86.112	85.421	1000000:5.003926e8
H2	p1	points	int	1000000	h2_p1_v_w	2	92.704	90.905	1000000:5.003926e8
H2	p1	points	int	1000000	h2_p1_u_n	2	116.432	115.612	1000000:5.003926e8
H2	p1	points	int	1000000	h2_p1_u_w	2	112.885	110.240	1000000:5.003926e8
H2	p1	points	int	1000000	h2_p1_t_w	3	59.716	58.961	1000000:5.003926e8
H2	p1	points	int	1000000	h2_p1_v_n	3	86.121	85.464	1000000:5.003926e8
H2	p1	points	int	1000000	h2_p1_v_w	3	93.232	91.276	1000000:5.003926e8
H2	p1	points	int	1000000	h2_p1_u_n	3	116.423	115.583	1000000:5.003926e8
H2	p1	points	int	1000000	h2_p1_u_w	3	112.810	110.152	1000000:5.003926e8
H2	p1	points	int	1000000	h2_p1_t_n	3	48.451	47.699	1000000:5.003926e8
H2	p1	points	int	1000000	h2_p1_v_n	4	86.127	85.425	1000000:5.003926e8
H2	p1	points	int	1000000	h2_p1_v_w	4	92.623	90.843	1000000:5.003926e8
H2	p1	points	int	1000000	h2_p1_u_n	4	116.342	115.273	1000000:5.003926e8
H2	p1	points	int	1000000	h2_p1_u_w	4	112.533	109.980	1000000:5.003926e8
H2	p1	points	int	1000000	h2_p1_t_n	4	48.333	47.573	1000000:5.003926e8
H2	p1	points	int	1000000	h2_p1_t_w	4	59.631	59.030	1000000:5.003926e8
H2	p1	points	int	1000000	h2_p1_v_w	5	93.188	91.178	1000000:5.003926e8
H2	p1	points	int	1000000	h2_p1_u_n	5	116.299	115.437	1000000:5.003926e8
H2	p1	points	int	1000000	h2_p1_u_w	5	112.849	110.189	1000000:5.003926e8
H2	p1	points	int	1000000	h2_p1_t_n	5	48.334	47.590	1000000:5.003926e8
H2	p1	points	int	1000000	h2_p1_t_w	5	59.729	59.114	1000000:5.003926e8
H2	p1	points	int	1000000	h2_p1_v_n	5	86.361	85.506	1000000:5.003926e8
H2	p1	points	wkb	1000000	h2_p1_u_w	1	82.403	81.637	1000000:5.003926e8
H2	p1	points	wkb	1000000	h2_p1_t_n	1	53.822	52.986	1000000:5.003926e8
H2	p1	points	wkb	1000000	h2_p1_t_w	1	71.457	70.667	1000000:5.003926e8
H2	p1	points	wkb	1000000	h2_p1_v_n	1	82.760	81.977	1000000:5.003926e8
H2	p1	points	wkb	1000000	h2_p1_v_w	1	82.353	81.644	1000000:5.003926e8
H2	p1	points	wkb	1000000	h2_p1_u_n	1	97.009	96.244	1000000:5.003926e8
H2	p1	points	wkb	1000000	h2_p1_t_n	2	53.387	52.666	1000000:5.003926e8
H2	p1	points	wkb	1000000	h2_p1_t_w	2	70.943	70.287	1000000:5.003926e8
H2	p1	points	wkb	1000000	h2_p1_v_n	2	82.664	81.926	1000000:5.003926e8
H2	p1	points	wkb	1000000	h2_p1_v_w	2	82.398	81.667	1000000:5.003926e8
H2	p1	points	wkb	1000000	h2_p1_u_n	2	97.357	96.498	1000000:5.003926e8
H2	p1	points	wkb	1000000	h2_p1_u_w	2	82.744	81.938	1000000:5.003926e8
H2	p1	points	wkb	1000000	h2_p1_t_w	3	71.029	70.267	1000000:5.003926e8
H2	p1	points	wkb	1000000	h2_p1_v_n	3	82.476	81.846	1000000:5.003926e8
H2	p1	points	wkb	1000000	h2_p1_v_w	3	83.139	82.287	1000000:5.003926e8
H2	p1	points	wkb	1000000	h2_p1_u_n	3	97.664	96.739	1000000:5.003926e8
H2	p1	points	wkb	1000000	h2_p1_u_w	3	82.553	81.759	1000000:5.003926e8
H2	p1	points	wkb	1000000	h2_p1_t_n	3	53.567	52.819	1000000:5.003926e8
H2	p1	points	wkb	1000000	h2_p1_v_n	4	82.684	81.923	1000000:5.003926e8
H2	p1	points	wkb	1000000	h2_p1_v_w	4	82.733	82.045	1000000:5.003926e8
H2	p1	points	wkb	1000000	h2_p1_u_n	4	96.986	96.244	1000000:5.003926e8
H2	p1	points	wkb	1000000	h2_p1_u_w	4	82.312	81.570	1000000:5.003926e8
H2	p1	points	wkb	1000000	h2_p1_t_n	4	53.546	52.844	1000000:5.003926e8
H2	p1	points	wkb	1000000	h2_p1_t_w	4	70.854	70.137	1000000:5.003926e8
H2	p1	points	wkb	1000000	h2_p1_v_w	5	82.454	81.794	1000000:5.003926e8
H2	p1	points	wkb	1000000	h2_p1_u_n	5	97.085	96.316	1000000:5.003926e8
H2	p1	points	wkb	1000000	h2_p1_u_w	5	82.292	81.579	1000000:5.003926e8
H2	p1	points	wkb	1000000	h2_p1_t_n	5	53.560	52.819	1000000:5.003926e8
H2	p1	points	wkb	1000000	h2_p1_t_w	5	70.990	70.226	1000000:5.003926e8
H2	p1	points	wkb	1000000	h2_p1_v_n	5	82.753	81.990	1000000:5.003926e8
H2	p1	poly10	sep	100000	h2_p1_u_w	1	36.373	36.033	100000:5.001889e7
H2	p1	poly10	sep	100000	h2_p1_t_n	1	23.028	22.429	100000:5.001889e7
H2	p1	poly10	sep	100000	h2_p1_t_w	1	23.895	23.488	100000:5.001889e7
H2	p1	poly10	sep	100000	h2_p1_v_n	1	22.074	21.699	100000:5.001889e7
H2	p1	poly10	sep	100000	h2_p1_v_w	1	22.293	21.891	100000:5.001889e7
H2	p1	poly10	sep	100000	h2_p1_u_n	1	37.383	37.051	100000:5.001889e7
H2	p1	poly10	sep	100000	h2_p1_t_n	2	22.997	22.547	100000:5.001889e7
H2	p1	poly10	sep	100000	h2_p1_t_w	2	24.058	23.493	100000:5.001889e7
H2	p1	poly10	sep	100000	h2_p1_v_n	2	22.097	21.679	100000:5.001889e7
H2	p1	poly10	sep	100000	h2_p1_v_w	2	22.336	21.942	100000:5.001889e7
H2	p1	poly10	sep	100000	h2_p1_u_n	2	37.361	37.005	100000:5.001889e7
H2	p1	poly10	sep	100000	h2_p1_u_w	2	36.194	35.856	100000:5.001889e7
H2	p1	poly10	sep	100000	h2_p1_t_w	3	23.959	23.485	100000:5.001889e7
H2	p1	poly10	sep	100000	h2_p1_v_n	3	22.061	21.708	100000:5.001889e7
H2	p1	poly10	sep	100000	h2_p1_v_w	3	22.358	21.968	100000:5.001889e7
H2	p1	poly10	sep	100000	h2_p1_u_n	3	37.404	37.038	100000:5.001889e7
H2	p1	poly10	sep	100000	h2_p1_u_w	3	36.680	36.247	100000:5.001889e7
H2	p1	poly10	sep	100000	h2_p1_t_n	3	23.273	22.621	100000:5.001889e7
H2	p1	poly10	sep	100000	h2_p1_v_n	4	22.060	21.671	100000:5.001889e7
H2	p1	poly10	sep	100000	h2_p1_v_w	4	22.257	21.877	100000:5.001889e7
H2	p1	poly10	sep	100000	h2_p1_u_n	4	37.478	37.077	100000:5.001889e7
H2	p1	poly10	sep	100000	h2_p1_u_w	4	36.419	35.950	100000:5.001889e7
H2	p1	poly10	sep	100000	h2_p1_t_n	4	23.041	22.460	100000:5.001889e7
H2	p1	poly10	sep	100000	h2_p1_t_w	4	23.760	23.390	100000:5.001889e7
H2	p1	poly10	sep	100000	h2_p1_v_w	5	22.369	22.032	100000:5.001889e7
H2	p1	poly10	sep	100000	h2_p1_u_n	5	37.511	37.064	100000:5.001889e7
H2	p1	poly10	sep	100000	h2_p1_u_w	5	36.408	35.880	100000:5.001889e7
H2	p1	poly10	sep	100000	h2_p1_t_n	5	23.047	22.540	100000:5.001889e7
H2	p1	poly10	sep	100000	h2_p1_t_w	5	23.860	23.483	100000:5.001889e7
H2	p1	poly10	sep	100000	h2_p1_v_n	5	22.083	21.670	100000:5.001889e7
H2	p1	poly10	int	100000	h2_p1_u_w	1	37.709	37.351	100000:5.001889e7
H2	p1	poly10	int	100000	h2_p1_t_n	1	24.200	23.840	100000:5.001889e7
H2	p1	poly10	int	100000	h2_p1_t_w	1	25.115	24.804	100000:5.001889e7
H2	p1	poly10	int	100000	h2_p1_v_n	1	21.893	21.608	100000:5.001889e7
H2	p1	poly10	int	100000	h2_p1_v_w	1	22.129	21.762	100000:5.001889e7
H2	p1	poly10	int	100000	h2_p1_u_n	1	39.577	39.134	100000:5.001889e7
H2	p1	poly10	int	100000	h2_p1_t_n	2	24.389	23.881	100000:5.001889e7
H2	p1	poly10	int	100000	h2_p1_t_w	2	25.288	24.935	100000:5.001889e7
H2	p1	poly10	int	100000	h2_p1_v_n	2	21.966	21.647	100000:5.001889e7
H2	p1	poly10	int	100000	h2_p1_v_w	2	22.105	21.768	100000:5.001889e7
H2	p1	poly10	int	100000	h2_p1_u_n	2	39.020	38.676	100000:5.001889e7
H2	p1	poly10	int	100000	h2_p1_u_w	2	37.886	37.366	100000:5.001889e7
H2	p1	poly10	int	100000	h2_p1_t_w	3	25.225	24.883	100000:5.001889e7
H2	p1	poly10	int	100000	h2_p1_v_n	3	21.884	21.577	100000:5.001889e7
H2	p1	poly10	int	100000	h2_p1_v_w	3	22.163	21.838	100000:5.001889e7
H2	p1	poly10	int	100000	h2_p1_u_n	3	39.108	38.757	100000:5.001889e7
H2	p1	poly10	int	100000	h2_p1_u_w	3	37.730	37.320	100000:5.001889e7
H2	p1	poly10	int	100000	h2_p1_t_n	3	24.248	23.815	100000:5.001889e7
H2	p1	poly10	int	100000	h2_p1_v_n	4	22.039	21.629	100000:5.001889e7
H2	p1	poly10	int	100000	h2_p1_v_w	4	22.365	21.948	100000:5.001889e7
H2	p1	poly10	int	100000	h2_p1_u_n	4	39.419	38.756	100000:5.001889e7
H2	p1	poly10	int	100000	h2_p1_u_w	4	37.900	37.420	100000:5.001889e7
H2	p1	poly10	int	100000	h2_p1_t_n	4	24.255	23.855	100000:5.001889e7
H2	p1	poly10	int	100000	h2_p1_t_w	4	25.180	24.860	100000:5.001889e7
H2	p1	poly10	int	100000	h2_p1_v_w	5	22.131	21.777	100000:5.001889e7
H2	p1	poly10	int	100000	h2_p1_u_n	5	39.153	38.679	100000:5.001889e7
H2	p1	poly10	int	100000	h2_p1_u_w	5	38.009	37.472	100000:5.001889e7
H2	p1	poly10	int	100000	h2_p1_t_n	5	24.455	23.867	100000:5.001889e7
H2	p1	poly10	int	100000	h2_p1_t_w	5	25.210	24.819	100000:5.001889e7
H2	p1	poly10	int	100000	h2_p1_v_n	5	21.989	21.667	100000:5.001889e7
H2	p1	poly10	wkb	100000	h2_p1_u_w	1	21.012	20.699	100000:5.001889e7
H2	p1	poly10	wkb	100000	h2_p1_t_n	1	17.605	17.252	100000:5.001889e7
H2	p1	poly10	wkb	100000	h2_p1_t_w	1	19.066	18.760	100000:5.001889e7
H2	p1	poly10	wkb	100000	h2_p1_v_n	1	20.409	20.122	100000:5.001889e7
H2	p1	poly10	wkb	100000	h2_p1_v_w	1	20.913	20.645	100000:5.001889e7
H2	p1	poly10	wkb	100000	h2_p1_u_n	1	22.033	21.738	100000:5.001889e7
H2	p1	poly10	wkb	100000	h2_p1_t_n	2	17.733	17.401	100000:5.001889e7
H2	p1	poly10	wkb	100000	h2_p1_t_w	2	19.412	18.939	100000:5.001889e7
H2	p1	poly10	wkb	100000	h2_p1_v_n	2	20.785	20.321	100000:5.001889e7
H2	p1	poly10	wkb	100000	h2_p1_v_w	2	21.071	20.721	100000:5.001889e7
H2	p1	poly10	wkb	100000	h2_p1_u_n	2	21.971	21.658	100000:5.001889e7
H2	p1	poly10	wkb	100000	h2_p1_u_w	2	20.959	20.671	100000:5.001889e7
H2	p1	poly10	wkb	100000	h2_p1_t_w	3	19.222	18.931	100000:5.001889e7
H2	p1	poly10	wkb	100000	h2_p1_v_n	3	20.596	20.200	100000:5.001889e7
H2	p1	poly10	wkb	100000	h2_p1_v_w	3	20.681	20.376	100000:5.001889e7
H2	p1	poly10	wkb	100000	h2_p1_u_n	3	21.950	21.663	100000:5.001889e7
H2	p1	poly10	wkb	100000	h2_p1_u_w	3	20.620	20.341	100000:5.001889e7
H2	p1	poly10	wkb	100000	h2_p1_t_n	3	17.520	17.243	100000:5.001889e7
H2	p1	poly10	wkb	100000	h2_p1_v_n	4	20.471	20.196	100000:5.001889e7
H2	p1	poly10	wkb	100000	h2_p1_v_w	4	20.695	20.403	100000:5.001889e7
H2	p1	poly10	wkb	100000	h2_p1_u_n	4	21.954	21.660	100000:5.001889e7
H2	p1	poly10	wkb	100000	h2_p1_u_w	4	20.829	20.444	100000:5.001889e7
H2	p1	poly10	wkb	100000	h2_p1_t_n	4	18.232	17.882	100000:5.001889e7
H2	p1	poly10	wkb	100000	h2_p1_t_w	4	19.090	18.677	100000:5.001889e7
H2	p1	poly10	wkb	100000	h2_p1_v_w	5	20.707	20.324	100000:5.001889e7
H2	p1	poly10	wkb	100000	h2_p1_u_n	5	22.254	21.635	100000:5.001889e7
H2	p1	poly10	wkb	100000	h2_p1_u_w	5	21.019	20.350	100000:5.001889e7
H2	p1	poly10	wkb	100000	h2_p1_t_n	5	17.938	17.367	100000:5.001889e7
H2	p1	poly10	wkb	100000	h2_p1_t_w	5	19.091	18.695	100000:5.001889e7
H2	p1	poly10	wkb	100000	h2_p1_v_n	5	20.629	20.224	100000:5.001889e7
H2	p1	poly100	sep	100000	h2_p1_u_w	1	197.585	196.895	100000:4.987093e7
H2	p1	poly100	sep	100000	h2_p1_t_n	1	139.149	138.458	100000:4.987093e7
H2	p1	poly100	sep	100000	h2_p1_t_w	1	141.213	140.561	100000:4.987093e7
H2	p1	poly100	sep	100000	h2_p1_v_n	1	100.875	100.178	100000:4.987093e7
H2	p1	poly100	sep	100000	h2_p1_v_w	1	100.712	100.017	100000:4.987093e7
H2	p1	poly100	sep	100000	h2_p1_u_n	1	198.501	197.775	100000:4.987093e7
H2	p1	poly100	sep	100000	h2_p1_t_n	2	139.311	138.661	100000:4.987093e7
H2	p1	poly100	sep	100000	h2_p1_t_w	2	140.195	139.558	100000:4.987093e7
H2	p1	poly100	sep	100000	h2_p1_v_n	2	100.587	99.917	100000:4.987093e7
H2	p1	poly100	sep	100000	h2_p1_v_w	2	100.716	100.027	100000:4.987093e7
H2	p1	poly100	sep	100000	h2_p1_u_n	2	198.132	197.427	100000:4.987093e7
H2	p1	poly100	sep	100000	h2_p1_u_w	2	197.105	196.402	100000:4.987093e7
H2	p1	poly100	sep	100000	h2_p1_t_w	3	140.962	140.269	100000:4.987093e7
H2	p1	poly100	sep	100000	h2_p1_v_n	3	100.943	100.244	100000:4.987093e7
H2	p1	poly100	sep	100000	h2_p1_v_w	3	103.683	102.962	100000:4.987093e7
H2	p1	poly100	sep	100000	h2_p1_u_n	3	200.363	199.625	100000:4.987093e7
H2	p1	poly100	sep	100000	h2_p1_u_w	3	196.941	196.232	100000:4.987093e7
H2	p1	poly100	sep	100000	h2_p1_t_n	3	139.160	138.513	100000:4.987093e7
H2	p1	poly100	sep	100000	h2_p1_v_n	4	100.443	99.769	100000:4.987093e7
H2	p1	poly100	sep	100000	h2_p1_v_w	4	100.971	100.282	100000:4.987093e7
H2	p1	poly100	sep	100000	h2_p1_u_n	4	198.367	197.632	100000:4.987093e7
H2	p1	poly100	sep	100000	h2_p1_u_w	4	197.983	197.287	100000:4.987093e7
H2	p1	poly100	sep	100000	h2_p1_t_n	4	138.936	138.281	100000:4.987093e7
H2	p1	poly100	sep	100000	h2_p1_t_w	4	140.394	139.744	100000:4.987093e7
H2	p1	poly100	sep	100000	h2_p1_v_w	5	100.910	100.235	100000:4.987093e7
H2	p1	poly100	sep	100000	h2_p1_u_n	5	198.153	197.450	100000:4.987093e7
H2	p1	poly100	sep	100000	h2_p1_u_w	5	197.433	196.752	100000:4.987093e7
H2	p1	poly100	sep	100000	h2_p1_t_n	5	139.187	138.466	100000:4.987093e7
H2	p1	poly100	sep	100000	h2_p1_t_w	5	140.300	139.660	100000:4.987093e7
H2	p1	poly100	sep	100000	h2_p1_v_n	5	101.059	100.362	100000:4.987093e7
H2	p1	poly100	int	100000	h2_p1_u_w	1	210.418	209.725	100000:4.987093e7
H2	p1	poly100	int	100000	h2_p1_t_n	1	153.200	152.534	100000:4.987093e7
H2	p1	poly100	int	100000	h2_p1_t_w	1	154.717	154.048	100000:4.987093e7
H2	p1	poly100	int	100000	h2_p1_v_n	1	99.666	98.975	100000:4.987093e7
H2	p1	poly100	int	100000	h2_p1_v_w	1	100.049	99.331	100000:4.987093e7
H2	p1	poly100	int	100000	h2_p1_u_n	1	214.079	213.328	100000:4.987093e7
H2	p1	poly100	int	100000	h2_p1_t_n	2	154.028	153.338	100000:4.987093e7
H2	p1	poly100	int	100000	h2_p1_t_w	2	153.764	153.011	100000:4.987093e7
H2	p1	poly100	int	100000	h2_p1_v_n	2	99.330	98.642	100000:4.987093e7
H2	p1	poly100	int	100000	h2_p1_v_w	2	100.660	99.915	100000:4.987093e7
H2	p1	poly100	int	100000	h2_p1_u_n	2	212.794	212.033	100000:4.987093e7
H2	p1	poly100	int	100000	h2_p1_u_w	2	211.040	210.314	100000:4.987093e7
H2	p1	poly100	int	100000	h2_p1_t_w	3	154.345	153.643	100000:4.987093e7
H2	p1	poly100	int	100000	h2_p1_v_n	3	100.683	99.980	100000:4.987093e7
H2	p1	poly100	int	100000	h2_p1_v_w	3	100.104	99.377	100000:4.987093e7
H2	p1	poly100	int	100000	h2_p1_u_n	3	212.390	211.637	100000:4.987093e7
H2	p1	poly100	int	100000	h2_p1_u_w	3	212.124	211.408	100000:4.987093e7
H2	p1	poly100	int	100000	h2_p1_t_n	3	154.101	153.405	100000:4.987093e7
H2	p1	poly100	int	100000	h2_p1_v_n	4	99.581	98.895	100000:4.987093e7
H2	p1	poly100	int	100000	h2_p1_v_w	4	100.519	99.816	100000:4.987093e7
H2	p1	poly100	int	100000	h2_p1_u_n	4	212.446	211.752	100000:4.987093e7
H2	p1	poly100	int	100000	h2_p1_u_w	4	211.809	211.090	100000:4.987093e7
H2	p1	poly100	int	100000	h2_p1_t_n	4	154.381	153.683	100000:4.987093e7
H2	p1	poly100	int	100000	h2_p1_t_w	4	155.230	154.547	100000:4.987093e7
H2	p1	poly100	int	100000	h2_p1_v_w	5	100.657	99.964	100000:4.987093e7
H2	p1	poly100	int	100000	h2_p1_u_n	5	212.956	212.251	100000:4.987093e7
H2	p1	poly100	int	100000	h2_p1_u_w	5	211.844	211.150	100000:4.987093e7
H2	p1	poly100	int	100000	h2_p1_t_n	5	153.643	152.963	100000:4.987093e7
H2	p1	poly100	int	100000	h2_p1_t_w	5	155.093	154.412	100000:4.987093e7
H2	p1	poly100	int	100000	h2_p1_v_n	5	99.654	98.975	100000:4.987093e7
H2	p1	poly100	wkb	100000	h2_p1_u_w	1	83.256	82.637	100000:4.987093e7
H2	p1	poly100	wkb	100000	h2_p1_t_n	1	80.250	79.613	100000:4.987093e7
H2	p1	poly100	wkb	100000	h2_p1_t_w	1	81.546	80.908	100000:4.987093e7
H2	p1	poly100	wkb	100000	h2_p1_v_n	1	83.082	82.450	100000:4.987093e7
H2	p1	poly100	wkb	100000	h2_p1_v_w	1	83.515	82.894	100000:4.987093e7
H2	p1	poly100	wkb	100000	h2_p1_u_n	1	84.939	84.305	100000:4.987093e7
H2	p1	poly100	wkb	100000	h2_p1_t_n	2	80.158	79.533	100000:4.987093e7
H2	p1	poly100	wkb	100000	h2_p1_t_w	2	82.010	81.383	100000:4.987093e7
H2	p1	poly100	wkb	100000	h2_p1_v_n	2	83.346	82.704	100000:4.987093e7
H2	p1	poly100	wkb	100000	h2_p1_v_w	2	83.421	82.786	100000:4.987093e7
H2	p1	poly100	wkb	100000	h2_p1_u_n	2	84.752	84.121	100000:4.987093e7
H2	p1	poly100	wkb	100000	h2_p1_u_w	2	83.553	82.907	100000:4.987093e7
H2	p1	poly100	wkb	100000	h2_p1_t_w	3	81.833	81.212	100000:4.987093e7
H2	p1	poly100	wkb	100000	h2_p1_v_n	3	83.794	83.157	100000:4.987093e7
H2	p1	poly100	wkb	100000	h2_p1_v_w	3	83.360	82.731	100000:4.987093e7
H2	p1	poly100	wkb	100000	h2_p1_u_n	3	84.898	84.265	100000:4.987093e7
H2	p1	poly100	wkb	100000	h2_p1_u_w	3	83.451	82.777	100000:4.987093e7
H2	p1	poly100	wkb	100000	h2_p1_t_n	3	80.314	79.688	100000:4.987093e7
H2	p1	poly100	wkb	100000	h2_p1_v_n	4	83.429	82.811	100000:4.987093e7
H2	p1	poly100	wkb	100000	h2_p1_v_w	4	83.596	82.947	100000:4.987093e7
H2	p1	poly100	wkb	100000	h2_p1_u_n	4	85.295	84.664	100000:4.987093e7
H2	p1	poly100	wkb	100000	h2_p1_u_w	4	83.514	82.884	100000:4.987093e7
H2	p1	poly100	wkb	100000	h2_p1_t_n	4	80.806	80.168	100000:4.987093e7
H2	p1	poly100	wkb	100000	h2_p1_t_w	4	82.075	81.421	100000:4.987093e7
H2	p1	poly100	wkb	100000	h2_p1_v_w	5	83.512	82.844	100000:4.987093e7
H2	p1	poly100	wkb	100000	h2_p1_u_n	5	85.995	85.318	100000:4.987093e7
H2	p1	poly100	wkb	100000	h2_p1_u_w	5	84.040	83.388	100000:4.987093e7
H2	p1	poly100	wkb	100000	h2_p1_t_n	5	80.805	80.145	100000:4.987093e7
H2	p1	poly100	wkb	100000	h2_p1_t_w	5	82.325	81.679	100000:4.987093e7
H2	p1	poly100	wkb	100000	h2_p1_v_n	5	83.842	83.191	100000:4.987093e7
H2	p1	poly1000	sep	10000	h2_p1_u_w	1	183.528	182.919	10000:4.993714e6
H2	p1	poly1000	sep	10000	h2_p1_t_n	1	129.318	128.728	10000:4.993714e6
H2	p1	poly1000	sep	10000	h2_p1_t_w	1	129.433	128.826	10000:4.993714e6
H2	p1	poly1000	sep	10000	h2_p1_v_n	1	92.044	91.449	10000:4.993714e6
H2	p1	poly1000	sep	10000	h2_p1_v_w	1	92.041	91.438	10000:4.993714e6
H2	p1	poly1000	sep	10000	h2_p1_u_n	1	183.609	183.016	10000:4.993714e6
H2	p1	poly1000	sep	10000	h2_p1_t_n	2	129.367	128.778	10000:4.993714e6
H2	p1	poly1000	sep	10000	h2_p1_t_w	2	129.405	128.828	10000:4.993714e6
H2	p1	poly1000	sep	10000	h2_p1_v_n	2	92.016	91.420	10000:4.993714e6
H2	p1	poly1000	sep	10000	h2_p1_v_w	2	91.907	91.314	10000:4.993714e6
H2	p1	poly1000	sep	10000	h2_p1_u_n	2	183.656	183.061	10000:4.993714e6
H2	p1	poly1000	sep	10000	h2_p1_u_w	2	183.711	183.111	10000:4.993714e6
H2	p1	poly1000	sep	10000	h2_p1_t_w	3	129.295	128.721	10000:4.993714e6
H2	p1	poly1000	sep	10000	h2_p1_v_n	3	91.834	91.244	10000:4.993714e6
H2	p1	poly1000	sep	10000	h2_p1_v_w	3	91.989	91.383	10000:4.993714e6
H2	p1	poly1000	sep	10000	h2_p1_u_n	3	183.668	183.081	10000:4.993714e6
H2	p1	poly1000	sep	10000	h2_p1_u_w	3	183.989	183.382	10000:4.993714e6
H2	p1	poly1000	sep	10000	h2_p1_t_n	3	128.646	128.045	10000:4.993714e6
H2	p1	poly1000	sep	10000	h2_p1_v_n	4	91.454	90.849	10000:4.993714e6
H2	p1	poly1000	sep	10000	h2_p1_v_w	4	92.774	92.184	10000:4.993714e6
H2	p1	poly1000	sep	10000	h2_p1_u_n	4	183.684	183.094	10000:4.993714e6
H2	p1	poly1000	sep	10000	h2_p1_u_w	4	183.609	183.012	10000:4.993714e6
H2	p1	poly1000	sep	10000	h2_p1_t_n	4	129.044	128.459	10000:4.993714e6
H2	p1	poly1000	sep	10000	h2_p1_t_w	4	128.995	128.394	10000:4.993714e6
H2	p1	poly1000	sep	10000	h2_p1_v_w	5	91.910	91.294	10000:4.993714e6
H2	p1	poly1000	sep	10000	h2_p1_u_n	5	184.984	184.383	10000:4.993714e6
H2	p1	poly1000	sep	10000	h2_p1_u_w	5	184.486	183.883	10000:4.993714e6
H2	p1	poly1000	sep	10000	h2_p1_t_n	5	129.291	128.678	10000:4.993714e6
H2	p1	poly1000	sep	10000	h2_p1_t_w	5	129.457	128.877	10000:4.993714e6
H2	p1	poly1000	sep	10000	h2_p1_v_n	5	92.103	91.462	10000:4.993714e6
H2	p1	poly1000	int	10000	h2_p1_u_w	1	198.933	198.332	10000:4.993714e6
H2	p1	poly1000	int	10000	h2_p1_t_n	1	142.732	142.158	10000:4.993714e6
H2	p1	poly1000	int	10000	h2_p1_t_w	1	143.626	143.045	10000:4.993714e6
H2	p1	poly1000	int	10000	h2_p1_v_n	1	91.000	90.369	10000:4.993714e6
H2	p1	poly1000	int	10000	h2_p1_v_w	1	91.009	90.415	10000:4.993714e6
H2	p1	poly1000	int	10000	h2_p1_u_n	1	197.291	196.695	10000:4.993714e6
H2	p1	poly1000	int	10000	h2_p1_t_n	2	143.275	142.661	10000:4.993714e6
H2	p1	poly1000	int	10000	h2_p1_t_w	2	142.539	141.956	10000:4.993714e6
H2	p1	poly1000	int	10000	h2_p1_v_n	2	90.770	90.191	10000:4.993714e6
H2	p1	poly1000	int	10000	h2_p1_v_w	2	90.797	90.199	10000:4.993714e6
H2	p1	poly1000	int	10000	h2_p1_u_n	2	199.844	199.260	10000:4.993714e6
H2	p1	poly1000	int	10000	h2_p1_u_w	2	198.733	198.131	10000:4.993714e6
H2	p1	poly1000	int	10000	h2_p1_t_w	3	142.889	142.307	10000:4.993714e6
H2	p1	poly1000	int	10000	h2_p1_v_n	3	90.928	90.347	10000:4.993714e6
H2	p1	poly1000	int	10000	h2_p1_v_w	3	90.898	90.317	10000:4.993714e6
H2	p1	poly1000	int	10000	h2_p1_u_n	3	197.608	197.029	10000:4.993714e6
H2	p1	poly1000	int	10000	h2_p1_u_w	3	197.226	196.639	10000:4.993714e6
H2	p1	poly1000	int	10000	h2_p1_t_n	3	143.545	142.957	10000:4.993714e6
H2	p1	poly1000	int	10000	h2_p1_v_n	4	91.601	91.012	10000:4.993714e6
H2	p1	poly1000	int	10000	h2_p1_v_w	4	91.022	90.434	10000:4.993714e6
H2	p1	poly1000	int	10000	h2_p1_u_n	4	197.041	196.454	10000:4.993714e6
H2	p1	poly1000	int	10000	h2_p1_u_w	4	196.620	196.038	10000:4.993714e6
H2	p1	poly1000	int	10000	h2_p1_t_n	4	142.859	142.273	10000:4.993714e6
H2	p1	poly1000	int	10000	h2_p1_t_w	4	143.128	142.548	10000:4.993714e6
H2	p1	poly1000	int	10000	h2_p1_v_w	5	91.066	90.478	10000:4.993714e6
H2	p1	poly1000	int	10000	h2_p1_u_n	5	197.202	196.628	10000:4.993714e6
H2	p1	poly1000	int	10000	h2_p1_u_w	5	196.768	196.180	10000:4.993714e6
H2	p1	poly1000	int	10000	h2_p1_t_n	5	142.922	142.329	10000:4.993714e6
H2	p1	poly1000	int	10000	h2_p1_t_w	5	142.816	142.240	10000:4.993714e6
H2	p1	poly1000	int	10000	h2_p1_v_n	5	91.081	90.494	10000:4.993714e6
H2	p1	poly1000	wkb	10000	h2_p1_u_w	1	70.405	69.824	10000:4.993714e6
H2	p1	poly1000	wkb	10000	h2_p1_t_n	1	69.742	69.194	10000:4.993714e6
H2	p1	poly1000	wkb	10000	h2_p1_t_w	1	69.867	69.314	10000:4.993714e6
H2	p1	poly1000	wkb	10000	h2_p1_v_n	1	70.127	69.522	10000:4.993714e6
H2	p1	poly1000	wkb	10000	h2_p1_v_w	1	70.039	69.480	10000:4.993714e6
H2	p1	poly1000	wkb	10000	h2_p1_u_n	1	70.291	69.718	10000:4.993714e6
H2	p1	poly1000	wkb	10000	h2_p1_t_n	2	69.904	69.327	10000:4.993714e6
H2	p1	poly1000	wkb	10000	h2_p1_t_w	2	70.084	69.518	10000:4.993714e6
H2	p1	poly1000	wkb	10000	h2_p1_v_n	2	70.119	69.551	10000:4.993714e6
H2	p1	poly1000	wkb	10000	h2_p1_v_w	2	70.067	69.504	10000:4.993714e6
H2	p1	poly1000	wkb	10000	h2_p1_u_n	2	70.251	69.673	10000:4.993714e6
H2	p1	poly1000	wkb	10000	h2_p1_u_w	2	70.229	69.667	10000:4.993714e6
H2	p1	poly1000	wkb	10000	h2_p1_t_w	3	69.865	69.313	10000:4.993714e6
H2	p1	poly1000	wkb	10000	h2_p1_v_n	3	70.187	69.579	10000:4.993714e6
H2	p1	poly1000	wkb	10000	h2_p1_v_w	3	70.076	69.517	10000:4.993714e6
H2	p1	poly1000	wkb	10000	h2_p1_u_n	3	70.182	69.626	10000:4.993714e6
H2	p1	poly1000	wkb	10000	h2_p1_u_w	3	70.085	69.528	10000:4.993714e6
H2	p1	poly1000	wkb	10000	h2_p1_t_n	3	69.640	69.085	10000:4.993714e6
H2	p1	poly1000	wkb	10000	h2_p1_v_n	4	70.054	69.501	10000:4.993714e6
H2	p1	poly1000	wkb	10000	h2_p1_v_w	4	70.303	69.741	10000:4.993714e6
H2	p1	poly1000	wkb	10000	h2_p1_u_n	4	71.081	70.512	10000:4.993714e6
H2	p1	poly1000	wkb	10000	h2_p1_u_w	4	70.525	69.960	10000:4.993714e6
H2	p1	poly1000	wkb	10000	h2_p1_t_n	4	69.914	69.347	10000:4.993714e6
H2	p1	poly1000	wkb	10000	h2_p1_t_w	4	69.953	69.381	10000:4.993714e6
H2	p1	poly1000	wkb	10000	h2_p1_v_w	5	70.542	69.945	10000:4.993714e6
H2	p1	poly1000	wkb	10000	h2_p1_u_n	5	70.510	69.959	10000:4.993714e6
H2	p1	poly1000	wkb	10000	h2_p1_u_w	5	70.185	69.620	10000:4.993714e6
H2	p1	poly1000	wkb	10000	h2_p1_t_n	5	69.975	69.407	10000:4.993714e6
H2	p1	poly1000	wkb	10000	h2_p1_t_w	5	69.874	69.314	10000:4.993714e6
H2	p1	poly1000	wkb	10000	h2_p1_v_n	5	70.177	69.573	10000:4.993714e6
H2	p2	points	sep	1000000	h2_p2_u_w	1	114.391	113.532	1000000:0.000000e0
H2	p2	points	sep	1000000	h2_p2_t_n	1	95.830	91.442	1000000:0.000000e0
H2	p2	points	sep	1000000	h2_p2_t_w	1	65.355	64.626	1000000:0.000000e0
H2	p2	points	sep	1000000	h2_p2_v_n	1	158.023	153.414	1000000:0.000000e0
H2	p2	points	sep	1000000	h2_p2_v_w	1	100.548	99.649	1000000:0.000000e0
H2	p2	points	sep	1000000	h2_p2_u_n	1	172.452	167.664	1000000:0.000000e0
H2	p2	points	sep	1000000	h2_p2_t_n	2	96.014	91.581	1000000:0.000000e0
H2	p2	points	sep	1000000	h2_p2_t_w	2	65.867	64.902	1000000:0.000000e0
H2	p2	points	sep	1000000	h2_p2_v_n	2	157.768	153.017	1000000:0.000000e0
H2	p2	points	sep	1000000	h2_p2_v_w	2	100.263	99.400	1000000:0.000000e0
H2	p2	points	sep	1000000	h2_p2_u_n	2	172.466	167.688	1000000:0.000000e0
H2	p2	points	sep	1000000	h2_p2_u_w	2	114.582	113.743	1000000:0.000000e0
H2	p2	points	sep	1000000	h2_p2_t_w	3	65.695	64.851	1000000:0.000000e0
H2	p2	points	sep	1000000	h2_p2_v_n	3	158.208	153.391	1000000:0.000000e0
H2	p2	points	sep	1000000	h2_p2_v_w	3	100.403	99.565	1000000:0.000000e0
H2	p2	points	sep	1000000	h2_p2_u_n	3	178.505	173.637	1000000:0.000000e0
H2	p2	points	sep	1000000	h2_p2_u_w	3	114.679	113.806	1000000:0.000000e0
H2	p2	points	sep	1000000	h2_p2_t_n	3	95.873	91.457	1000000:0.000000e0
H2	p2	points	sep	1000000	h2_p2_v_n	4	158.117	153.386	1000000:0.000000e0
H2	p2	points	sep	1000000	h2_p2_v_w	4	100.741	99.911	1000000:0.000000e0
H2	p2	points	sep	1000000	h2_p2_u_n	4	177.718	172.935	1000000:0.000000e0
H2	p2	points	sep	1000000	h2_p2_u_w	4	115.243	114.272	1000000:0.000000e0
H2	p2	points	sep	1000000	h2_p2_t_n	4	96.190	91.691	1000000:0.000000e0
H2	p2	points	sep	1000000	h2_p2_t_w	4	65.347	64.562	1000000:0.000000e0
H2	p2	points	sep	1000000	h2_p2_v_w	5	100.811	100.006	1000000:0.000000e0
H2	p2	points	sep	1000000	h2_p2_u_n	5	173.119	168.173	1000000:0.000000e0
H2	p2	points	sep	1000000	h2_p2_u_w	5	114.486	113.644	1000000:0.000000e0
H2	p2	points	sep	1000000	h2_p2_t_n	5	95.834	91.479	1000000:0.000000e0
H2	p2	points	sep	1000000	h2_p2_t_w	5	65.266	64.592	1000000:0.000000e0
H2	p2	points	sep	1000000	h2_p2_v_n	5	158.399	153.607	1000000:0.000000e0
H2	p2	points	int	1000000	h2_p2_u_w	1	119.046	118.189	1000000:0.000000e0
H2	p2	points	int	1000000	h2_p2_t_n	1	102.576	98.035	1000000:0.000000e0
H2	p2	points	int	1000000	h2_p2_t_w	1	70.986	70.046	1000000:0.000000e0
H2	p2	points	int	1000000	h2_p2_v_n	1	159.607	154.836	1000000:0.000000e0
H2	p2	points	int	1000000	h2_p2_v_w	1	103.425	102.560	1000000:0.000000e0
H2	p2	points	int	1000000	h2_p2_u_n	1	175.759	170.864	1000000:0.000000e0
H2	p2	points	int	1000000	h2_p2_t_n	2	102.363	97.797	1000000:0.000000e0
H2	p2	points	int	1000000	h2_p2_t_w	2	70.639	69.858	1000000:0.000000e0
H2	p2	points	int	1000000	h2_p2_v_n	2	159.845	155.117	1000000:0.000000e0
H2	p2	points	int	1000000	h2_p2_v_w	2	101.527	100.644	1000000:0.000000e0
H2	p2	points	int	1000000	h2_p2_u_n	2	173.387	168.579	1000000:0.000000e0
H2	p2	points	int	1000000	h2_p2_u_w	2	117.249	116.386	1000000:0.000000e0
H2	p2	points	int	1000000	h2_p2_t_w	3	68.998	68.188	1000000:0.000000e0
H2	p2	points	int	1000000	h2_p2_v_n	3	160.349	155.271	1000000:0.000000e0
H2	p2	points	int	1000000	h2_p2_v_w	3	103.391	102.534	1000000:0.000000e0
H2	p2	points	int	1000000	h2_p2_u_n	3	175.170	170.412	1000000:0.000000e0
H2	p2	points	int	1000000	h2_p2_u_w	3	119.012	118.131	1000000:0.000000e0
H2	p2	points	int	1000000	h2_p2_t_n	3	101.974	97.477	1000000:0.000000e0
H2	p2	points	int	1000000	h2_p2_v_n	4	160.097	155.325	1000000:0.000000e0
H2	p2	points	int	1000000	h2_p2_v_w	4	103.121	102.291	1000000:0.000000e0
H2	p2	points	int	1000000	h2_p2_u_n	4	175.762	170.911	1000000:0.000000e0
H2	p2	points	int	1000000	h2_p2_u_w	4	119.883	118.919	1000000:0.000000e0
H2	p2	points	int	1000000	h2_p2_t_n	4	102.514	97.920	1000000:0.000000e0
H2	p2	points	int	1000000	h2_p2_t_w	4	70.732	69.909	1000000:0.000000e0
H2	p2	points	int	1000000	h2_p2_v_w	5	102.974	102.323	1000000:0.000000e0
H2	p2	points	int	1000000	h2_p2_u_n	5	175.626	170.801	1000000:0.000000e0
H2	p2	points	int	1000000	h2_p2_u_w	5	118.015	117.146	1000000:0.000000e0
H2	p2	points	int	1000000	h2_p2_t_n	5	101.775	97.238	1000000:0.000000e0
H2	p2	points	int	1000000	h2_p2_t_w	5	69.819	69.025	1000000:0.000000e0
H2	p2	points	int	1000000	h2_p2_v_n	5	159.638	154.873	1000000:0.000000e0
H2	p2	points	wkb	1000000	h2_p2_u_w	1	95.580	94.820	1000000:0.000000e0
H2	p2	points	wkb	1000000	h2_p2_t_n	1	107.839	103.312	1000000:0.000000e0
H2	p2	points	wkb	1000000	h2_p2_t_w	1	76.848	76.055	1000000:0.000000e0
H2	p2	points	wkb	1000000	h2_p2_v_n	1	153.817	149.136	1000000:0.000000e0
H2	p2	points	wkb	1000000	h2_p2_v_w	1	95.935	95.141	1000000:0.000000e0
H2	p2	points	wkb	1000000	h2_p2_u_n	1	152.735	147.964	1000000:0.000000e0
H2	p2	points	wkb	1000000	h2_p2_t_n	2	107.742	103.196	1000000:0.000000e0
H2	p2	points	wkb	1000000	h2_p2_t_w	2	76.768	75.936	1000000:0.000000e0
H2	p2	points	wkb	1000000	h2_p2_v_n	2	153.890	149.178	1000000:0.000000e0
H2	p2	points	wkb	1000000	h2_p2_v_w	2	96.065	95.247	1000000:0.000000e0
H2	p2	points	wkb	1000000	h2_p2_u_n	2	153.110	148.411	1000000:0.000000e0
H2	p2	points	wkb	1000000	h2_p2_u_w	2	96.184	95.339	1000000:0.000000e0
H2	p2	points	wkb	1000000	h2_p2_t_w	3	77.096	76.288	1000000:0.000000e0
H2	p2	points	wkb	1000000	h2_p2_v_n	3	152.942	148.240	1000000:0.000000e0
H2	p2	points	wkb	1000000	h2_p2_v_w	3	96.058	95.259	1000000:0.000000e0
H2	p2	points	wkb	1000000	h2_p2_u_n	3	152.960	148.300	1000000:0.000000e0
H2	p2	points	wkb	1000000	h2_p2_u_w	3	96.418	95.532	1000000:0.000000e0
H2	p2	points	wkb	1000000	h2_p2_t_n	3	107.667	103.154	1000000:0.000000e0
H2	p2	points	wkb	1000000	h2_p2_v_n	4	153.217	148.525	1000000:0.000000e0
H2	p2	points	wkb	1000000	h2_p2_v_w	4	96.572	95.699	1000000:0.000000e0
H2	p2	points	wkb	1000000	h2_p2_u_n	4	153.568	148.756	1000000:0.000000e0
H2	p2	points	wkb	1000000	h2_p2_u_w	4	96.111	95.318	1000000:0.000000e0
H2	p2	points	wkb	1000000	h2_p2_t_n	4	107.700	103.298	1000000:0.000000e0
H2	p2	points	wkb	1000000	h2_p2_t_w	4	77.205	76.412	1000000:0.000000e0
H2	p2	points	wkb	1000000	h2_p2_v_w	5	96.406	95.584	1000000:0.000000e0
H2	p2	points	wkb	1000000	h2_p2_u_n	5	154.089	149.324	1000000:0.000000e0
H2	p2	points	wkb	1000000	h2_p2_u_w	5	96.735	95.925	1000000:0.000000e0
H2	p2	points	wkb	1000000	h2_p2_t_n	5	107.764	103.223	1000000:0.000000e0
H2	p2	points	wkb	1000000	h2_p2_t_w	5	76.893	76.052	1000000:0.000000e0
H2	p2	points	wkb	1000000	h2_p2_v_n	5	153.627	148.670	1000000:0.000000e0
H2	p2	poly10	sep	100000	h2_p2_u_w	1	101.912	101.278	100000:2.046057e5
H2	p2	poly10	sep	100000	h2_p2_t_n	1	99.535	98.190	100000:2.046057e5
H2	p2	poly10	sep	100000	h2_p2_t_w	1	89.207	88.554	100000:2.046057e5
H2	p2	poly10	sep	100000	h2_p2_v_n	1	107.172	105.858	100000:2.046057e5
H2	p2	poly10	sep	100000	h2_p2_v_w	1	88.831	88.205	100000:2.046057e5
H2	p2	poly10	sep	100000	h2_p2_u_n	1	121.283	119.978	100000:2.046057e5
H2	p2	poly10	sep	100000	h2_p2_t_n	2	99.331	97.993	100000:2.046057e5
H2	p2	poly10	sep	100000	h2_p2_t_w	2	89.301	88.657	100000:2.046057e5
H2	p2	poly10	sep	100000	h2_p2_v_n	2	107.495	106.171	100000:2.046057e5
H2	p2	poly10	sep	100000	h2_p2_v_w	2	87.720	87.093	100000:2.046057e5
H2	p2	poly10	sep	100000	h2_p2_u_n	2	121.843	120.491	100000:2.046057e5
H2	p2	poly10	sep	100000	h2_p2_u_w	2	103.249	102.595	100000:2.046057e5
H2	p2	poly10	sep	100000	h2_p2_t_w	3	88.098	87.424	100000:2.046057e5
H2	p2	poly10	sep	100000	h2_p2_v_n	3	107.901	106.549	100000:2.046057e5
H2	p2	poly10	sep	100000	h2_p2_v_w	3	87.792	87.141	100000:2.046057e5
H2	p2	poly10	sep	100000	h2_p2_u_n	3	121.240	119.892	100000:2.046057e5
H2	p2	poly10	sep	100000	h2_p2_u_w	3	102.630	101.989	100000:2.046057e5
H2	p2	poly10	sep	100000	h2_p2_t_n	3	100.000	98.703	100000:2.046057e5
H2	p2	poly10	sep	100000	h2_p2_v_n	4	107.131	105.816	100000:2.046057e5
H2	p2	poly10	sep	100000	h2_p2_v_w	4	89.012	88.379	100000:2.046057e5
H2	p2	poly10	sep	100000	h2_p2_u_n	4	121.985	120.630	100000:2.046057e5
H2	p2	poly10	sep	100000	h2_p2_u_w	4	102.096	101.433	100000:2.046057e5
H2	p2	poly10	sep	100000	h2_p2_t_n	4	99.494	98.166	100000:2.046057e5
H2	p2	poly10	sep	100000	h2_p2_t_w	4	88.451	87.828	100000:2.046057e5
H2	p2	poly10	sep	100000	h2_p2_v_w	5	88.685	88.090	100000:2.046057e5
H2	p2	poly10	sep	100000	h2_p2_u_n	5	121.647	120.318	100000:2.046057e5
H2	p2	poly10	sep	100000	h2_p2_u_w	5	101.836	101.197	100000:2.046057e5
H2	p2	poly10	sep	100000	h2_p2_t_n	5	99.571	98.271	100000:2.046057e5
H2	p2	poly10	sep	100000	h2_p2_t_w	5	89.379	88.743	100000:2.046057e5
H2	p2	poly10	sep	100000	h2_p2_v_n	5	106.698	105.409	100000:2.046057e5
H2	p2	poly10	int	100000	h2_p2_u_w	1	109.183	108.521	100000:2.046057e5
H2	p2	poly10	int	100000	h2_p2_t_n	1	102.263	100.908	100000:2.046057e5
H2	p2	poly10	int	100000	h2_p2_t_w	1	92.370	91.715	100000:2.046057e5
H2	p2	poly10	int	100000	h2_p2_v_n	1	109.086	107.727	100000:2.046057e5
H2	p2	poly10	int	100000	h2_p2_v_w	1	91.977	91.312	100000:2.046057e5
H2	p2	poly10	int	100000	h2_p2_u_n	1	128.108	126.544	100000:2.046057e5
H2	p2	poly10	int	100000	h2_p2_t_n	2	102.150	100.823	100000:2.046057e5
H2	p2	poly10	int	100000	h2_p2_t_w	2	92.639	92.007	100000:2.046057e5
H2	p2	poly10	int	100000	h2_p2_v_n	2	108.983	107.618	100000:2.046057e5
H2	p2	poly10	int	100000	h2_p2_v_w	2	87.951	87.282	100000:2.046057e5
H2	p2	poly10	int	100000	h2_p2_u_n	2	127.594	126.191	100000:2.046057e5
H2	p2	poly10	int	100000	h2_p2_u_w	2	107.881	107.247	100000:2.046057e5
H2	p2	poly10	int	100000	h2_p2_t_w	3	91.198	90.572	100000:2.046057e5
H2	p2	poly10	int	100000	h2_p2_v_n	3	109.586	107.870	100000:2.046057e5
H2	p2	poly10	int	100000	h2_p2_v_w	3	88.909	88.218	100000:2.046057e5
H2	p2	poly10	int	100000	h2_p2_u_n	3	130.686	129.106	100000:2.046057e5
H2	p2	poly10	int	100000	h2_p2_u_w	3	109.602	108.916	100000:2.046057e5
H2	p2	poly10	int	100000	h2_p2_t_n	3	103.113	101.748	100000:2.046057e5
H2	p2	poly10	int	100000	h2_p2_v_n	4	107.769	106.456	100000:2.046057e5
H2	p2	poly10	int	100000	h2_p2_v_w	4	89.360	88.717	100000:2.046057e5
H2	p2	poly10	int	100000	h2_p2_u_n	4	126.579	125.218	100000:2.046057e5
H2	p2	poly10	int	100000	h2_p2_u_w	4	107.665	107.033	100000:2.046057e5
H2	p2	poly10	int	100000	h2_p2_t_n	4	102.187	100.859	100000:2.046057e5
H2	p2	poly10	int	100000	h2_p2_t_w	4	91.634	90.948	100000:2.046057e5
H2	p2	poly10	int	100000	h2_p2_v_w	5	87.861	87.154	100000:2.046057e5
H2	p2	poly10	int	100000	h2_p2_u_n	5	127.498	126.115	100000:2.046057e5
H2	p2	poly10	int	100000	h2_p2_u_w	5	108.452	107.781	100000:2.046057e5
H2	p2	poly10	int	100000	h2_p2_t_n	5	101.060	99.724	100000:2.046057e5
H2	p2	poly10	int	100000	h2_p2_t_w	5	92.284	91.627	100000:2.046057e5
H2	p2	poly10	int	100000	h2_p2_v_n	5	107.169	105.800	100000:2.046057e5
H2	p2	poly10	wkb	100000	h2_p2_u_w	1	86.238	85.634	100000:2.046057e5
H2	p2	poly10	wkb	100000	h2_p2_t_n	1	97.834	96.452	100000:2.046057e5
H2	p2	poly10	wkb	100000	h2_p2_t_w	1	85.708	85.028	100000:2.046057e5
H2	p2	poly10	wkb	100000	h2_p2_v_n	1	119.210	116.031	100000:2.046057e5
H2	p2	poly10	wkb	100000	h2_p2_v_w	1	87.285	86.641	100000:2.046057e5
H2	p2	poly10	wkb	100000	h2_p2_u_n	1	119.018	115.902	100000:2.046057e5
H2	p2	poly10	wkb	100000	h2_p2_t_n	2	95.220	93.935	100000:2.046057e5
H2	p2	poly10	wkb	100000	h2_p2_t_w	2	83.632	82.995	100000:2.046057e5
H2	p2	poly10	wkb	100000	h2_p2_v_n	2	119.295	116.111	100000:2.046057e5
H2	p2	poly10	wkb	100000	h2_p2_v_w	2	86.691	86.077	100000:2.046057e5
H2	p2	poly10	wkb	100000	h2_p2_u_n	2	118.431	115.346	100000:2.046057e5
H2	p2	poly10	wkb	100000	h2_p2_u_w	2	86.941	86.300	100000:2.046057e5
H2	p2	poly10	wkb	100000	h2_p2_t_w	3	82.943	82.311	100000:2.046057e5
H2	p2	poly10	wkb	100000	h2_p2_v_n	3	119.188	116.122	100000:2.046057e5
H2	p2	poly10	wkb	100000	h2_p2_v_w	3	87.022	86.382	100000:2.046057e5
H2	p2	poly10	wkb	100000	h2_p2_u_n	3	118.959	115.816	100000:2.046057e5
H2	p2	poly10	wkb	100000	h2_p2_u_w	3	88.136	87.490	100000:2.046057e5
H2	p2	poly10	wkb	100000	h2_p2_t_n	3	95.449	93.994	100000:2.046057e5
H2	p2	poly10	wkb	100000	h2_p2_v_n	4	120.673	117.018	100000:2.046057e5
H2	p2	poly10	wkb	100000	h2_p2_v_w	4	86.318	85.654	100000:2.046057e5
H2	p2	poly10	wkb	100000	h2_p2_u_n	4	118.958	115.865	100000:2.046057e5
H2	p2	poly10	wkb	100000	h2_p2_u_w	4	86.695	86.032	100000:2.046057e5
H2	p2	poly10	wkb	100000	h2_p2_t_n	4	95.683	94.373	100000:2.046057e5
H2	p2	poly10	wkb	100000	h2_p2_t_w	4	85.203	84.566	100000:2.046057e5
H2	p2	poly10	wkb	100000	h2_p2_v_w	5	85.684	85.083	100000:2.046057e5
H2	p2	poly10	wkb	100000	h2_p2_u_n	5	119.939	116.685	100000:2.046057e5
H2	p2	poly10	wkb	100000	h2_p2_u_w	5	88.474	87.830	100000:2.046057e5
H2	p2	poly10	wkb	100000	h2_p2_t_n	5	95.576	94.257	100000:2.046057e5
H2	p2	poly10	wkb	100000	h2_p2_t_w	5	83.836	83.218	100000:2.046057e5
H2	p2	poly10	wkb	100000	h2_p2_v_n	5	118.536	115.406	100000:2.046057e5
H2	p2	poly100	sep	100000	h2_p2_u_w	1	959.373	958.543	100000:2.248554e5
H2	p2	poly100	sep	100000	h2_p2_t_n	1	937.811	936.149	100000:2.248554e5
H2	p2	poly100	sep	100000	h2_p2_t_w	1	905.286	904.416	100000:2.248554e5
H2	p2	poly100	sep	100000	h2_p2_v_n	1	929.659	927.715	100000:2.248554e5
H2	p2	poly100	sep	100000	h2_p2_v_w	1	866.079	865.250	100000:2.248554e5
H2	p2	poly100	sep	100000	h2_p2_u_n	1	1025.080	1023.180	100000:2.248554e5
H2	p2	poly100	sep	100000	h2_p2_t_n	2	940.811	939.191	100000:2.248554e5
H2	p2	poly100	sep	100000	h2_p2_t_w	2	910.783	909.944	100000:2.248554e5
H2	p2	poly100	sep	100000	h2_p2_v_n	2	927.514	925.638	100000:2.248554e5
H2	p2	poly100	sep	100000	h2_p2_v_w	2	867.807	866.994	100000:2.248554e5
H2	p2	poly100	sep	100000	h2_p2_u_n	2	1023.700	1021.843	100000:2.248554e5
H2	p2	poly100	sep	100000	h2_p2_u_w	2	959.186	958.366	100000:2.248554e5
H2	p2	poly100	sep	100000	h2_p2_t_w	3	899.821	898.995	100000:2.248554e5
H2	p2	poly100	sep	100000	h2_p2_v_n	3	926.511	924.636	100000:2.248554e5
H2	p2	poly100	sep	100000	h2_p2_v_w	3	871.758	870.908	100000:2.248554e5
H2	p2	poly100	sep	100000	h2_p2_u_n	3	1024.192	1022.276	100000:2.248554e5
H2	p2	poly100	sep	100000	h2_p2_u_w	3	962.324	961.485	100000:2.248554e5
H2	p2	poly100	sep	100000	h2_p2_t_n	3	936.044	934.427	100000:2.248554e5
H2	p2	poly100	sep	100000	h2_p2_v_n	4	923.154	921.320	100000:2.248554e5
H2	p2	poly100	sep	100000	h2_p2_v_w	4	868.338	867.514	100000:2.248554e5
H2	p2	poly100	sep	100000	h2_p2_u_n	4	1018.523	1016.582	100000:2.248554e5
H2	p2	poly100	sep	100000	h2_p2_u_w	4	959.669	958.844	100000:2.248554e5
H2	p2	poly100	sep	100000	h2_p2_t_n	4	936.629	934.967	100000:2.248554e5
H2	p2	poly100	sep	100000	h2_p2_t_w	4	910.920	910.070	100000:2.248554e5
H2	p2	poly100	sep	100000	h2_p2_v_w	5	860.536	859.692	100000:2.248554e5
H2	p2	poly100	sep	100000	h2_p2_u_n	5	1022.031	1020.145	100000:2.248554e5
H2	p2	poly100	sep	100000	h2_p2_u_w	5	958.172	957.331	100000:2.248554e5
H2	p2	poly100	sep	100000	h2_p2_t_n	5	937.240	935.609	100000:2.248554e5
H2	p2	poly100	sep	100000	h2_p2_t_w	5	901.959	901.129	100000:2.248554e5
H2	p2	poly100	sep	100000	h2_p2_v_n	5	927.052	925.163	100000:2.248554e5
H2	p2	poly100	int	100000	h2_p2_u_w	1	976.605	975.767	100000:2.248554e5
H2	p2	poly100	int	100000	h2_p2_t_n	1	965.581	963.998	100000:2.248554e5
H2	p2	poly100	int	100000	h2_p2_t_w	1	933.735	932.929	100000:2.248554e5
H2	p2	poly100	int	100000	h2_p2_v_n	1	922.944	921.023	100000:2.248554e5
H2	p2	poly100	int	100000	h2_p2_v_w	1	871.825	871.010	100000:2.248554e5
H2	p2	poly100	int	100000	h2_p2_u_n	1	1034.994	1033.050	100000:2.248554e5
H2	p2	poly100	int	100000	h2_p2_t_n	2	968.671	967.037	100000:2.248554e5
H2	p2	poly100	int	100000	h2_p2_t_w	2	941.794	941.006	100000:2.248554e5
H2	p2	poly100	int	100000	h2_p2_v_n	2	926.665	924.728	100000:2.248554e5
H2	p2	poly100	int	100000	h2_p2_v_w	2	865.499	864.713	100000:2.248554e5
H2	p2	poly100	int	100000	h2_p2_u_n	2	1034.860	1032.960	100000:2.248554e5
H2	p2	poly100	int	100000	h2_p2_u_w	2	974.645	973.793	100000:2.248554e5
H2	p2	poly100	int	100000	h2_p2_t_w	3	923.666	922.838	100000:2.248554e5
H2	p2	poly100	int	100000	h2_p2_v_n	3	925.013	923.082	100000:2.248554e5
H2	p2	poly100	int	100000	h2_p2_v_w	3	870.235	869.439	100000:2.248554e5
H2	p2	poly100	int	100000	h2_p2_u_n	3	1039.139	1037.239	100000:2.248554e5
H2	p2	poly100	int	100000	h2_p2_u_w	3	984.538	983.741	100000:2.248554e5
H2	p2	poly100	int	100000	h2_p2_t_n	3	966.704	965.017	100000:2.248554e5
H2	p2	poly100	int	100000	h2_p2_v_n	4	922.635	920.774	100000:2.248554e5
H2	p2	poly100	int	100000	h2_p2_v_w	4	862.951	862.139	100000:2.248554e5
H2	p2	poly100	int	100000	h2_p2_u_n	4	1033.513	1031.567	100000:2.248554e5
H2	p2	poly100	int	100000	h2_p2_u_w	4	979.597	978.776	100000:2.248554e5
H2	p2	poly100	int	100000	h2_p2_t_n	4	1067.852	1066.061	100000:2.248554e5
H2	p2	poly100	int	100000	h2_p2_t_w	4	931.904	931.099	100000:2.248554e5
H2	p2	poly100	int	100000	h2_p2_v_w	5	857.513	856.699	100000:2.248554e5
H2	p2	poly100	int	100000	h2_p2_u_n	5	1036.925	1035.020	100000:2.248554e5
H2	p2	poly100	int	100000	h2_p2_u_w	5	975.383	974.575	100000:2.248554e5
H2	p2	poly100	int	100000	h2_p2_t_n	5	967.644	965.960	100000:2.248554e5
H2	p2	poly100	int	100000	h2_p2_t_w	5	931.408	930.615	100000:2.248554e5
H2	p2	poly100	int	100000	h2_p2_v_n	5	922.256	920.385	100000:2.248554e5
H2	p2	poly100	wkb	100000	h2_p2_u_w	1	842.523	841.751	100000:2.248554e5
H2	p2	poly100	wkb	100000	h2_p2_t_n	1	878.600	877.026	100000:2.248554e5
H2	p2	poly100	wkb	100000	h2_p2_t_w	1	843.934	843.171	100000:2.248554e5
H2	p2	poly100	wkb	100000	h2_p2_v_n	1	903.755	901.916	100000:2.248554e5
H2	p2	poly100	wkb	100000	h2_p2_v_w	1	853.453	852.692	100000:2.248554e5
H2	p2	poly100	wkb	100000	h2_p2_u_n	1	905.191	903.314	100000:2.248554e5
H2	p2	poly100	wkb	100000	h2_p2_t_n	2	878.632	877.077	100000:2.248554e5
H2	p2	poly100	wkb	100000	h2_p2_t_w	2	851.133	850.331	100000:2.248554e5
H2	p2	poly100	wkb	100000	h2_p2_v_n	2	905.217	903.314	100000:2.248554e5
H2	p2	poly100	wkb	100000	h2_p2_v_w	2	845.817	845.040	100000:2.248554e5
H2	p2	poly100	wkb	100000	h2_p2_u_n	2	903.338	901.470	100000:2.248554e5
H2	p2	poly100	wkb	100000	h2_p2_u_w	2	848.057	847.289	100000:2.248554e5
H2	p2	poly100	wkb	100000	h2_p2_t_w	3	845.865	845.082	100000:2.248554e5
H2	p2	poly100	wkb	100000	h2_p2_v_n	3	909.395	907.448	100000:2.248554e5
H2	p2	poly100	wkb	100000	h2_p2_v_w	3	850.686	849.894	100000:2.248554e5
H2	p2	poly100	wkb	100000	h2_p2_u_n	3	906.578	904.735	100000:2.248554e5
H2	p2	poly100	wkb	100000	h2_p2_u_w	3	844.110	843.327	100000:2.248554e5
H2	p2	poly100	wkb	100000	h2_p2_t_n	3	882.065	880.482	100000:2.248554e5
H2	p2	poly100	wkb	100000	h2_p2_v_n	4	904.727	902.868	100000:2.248554e5
H2	p2	poly100	wkb	100000	h2_p2_v_w	4	849.552	848.795	100000:2.248554e5
H2	p2	poly100	wkb	100000	h2_p2_u_n	4	907.063	905.208	100000:2.248554e5
H2	p2	poly100	wkb	100000	h2_p2_u_w	4	855.775	854.996	100000:2.248554e5
H2	p2	poly100	wkb	100000	h2_p2_t_n	4	880.414	878.802	100000:2.248554e5
H2	p2	poly100	wkb	100000	h2_p2_t_w	4	857.275	856.490	100000:2.248554e5
H2	p2	poly100	wkb	100000	h2_p2_v_w	5	846.365	845.605	100000:2.248554e5
H2	p2	poly100	wkb	100000	h2_p2_u_n	5	908.689	906.741	100000:2.248554e5
H2	p2	poly100	wkb	100000	h2_p2_u_w	5	855.045	854.254	100000:2.248554e5
H2	p2	poly100	wkb	100000	h2_p2_t_n	5	879.515	877.968	100000:2.248554e5
H2	p2	poly100	wkb	100000	h2_p2_t_w	5	844.532	843.742	100000:2.248554e5
H2	p2	poly100	wkb	100000	h2_p2_v_n	5	905.714	903.827	100000:2.248554e5
H2	p2	poly1000	sep	10000	h2_p2_u_w	1	1128.032	1127.418	10000:2.204734e4
H2	p2	poly1000	sep	10000	h2_p2_t_n	1	1086.760	1085.742	10000:2.204734e4
H2	p2	poly1000	sep	10000	h2_p2_t_w	1	1073.237	1072.502	10000:2.204734e4
H2	p2	poly1000	sep	10000	h2_p2_v_n	1	1053.801	1052.737	10000:2.204734e4
H2	p2	poly1000	sep	10000	h2_p2_v_w	1	1041.481	1040.842	10000:2.204734e4
H2	p2	poly1000	sep	10000	h2_p2_u_n	1	1148.021	1146.964	10000:2.204734e4
H2	p2	poly1000	sep	10000	h2_p2_t_n	2	1087.576	1086.536	10000:2.204734e4
H2	p2	poly1000	sep	10000	h2_p2_t_w	2	1074.405	1073.793	10000:2.204734e4
H2	p2	poly1000	sep	10000	h2_p2_v_n	2	1053.201	1052.139	10000:2.204734e4
H2	p2	poly1000	sep	10000	h2_p2_v_w	2	1039.345	1038.719	10000:2.204734e4
H2	p2	poly1000	sep	10000	h2_p2_u_n	2	1145.821	1144.744	10000:2.204734e4
H2	p2	poly1000	sep	10000	h2_p2_u_w	2	1131.496	1130.881	10000:2.204734e4
H2	p2	poly1000	sep	10000	h2_p2_t_w	3	1072.931	1072.317	10000:2.204734e4
H2	p2	poly1000	sep	10000	h2_p2_v_n	3	1054.044	1052.989	10000:2.204734e4
H2	p2	poly1000	sep	10000	h2_p2_v_w	3	1042.954	1042.312	10000:2.204734e4
H2	p2	poly1000	sep	10000	h2_p2_u_n	3	1148.349	1147.280	10000:2.204734e4
H2	p2	poly1000	sep	10000	h2_p2_u_w	3	1129.421	1128.785	10000:2.204734e4
H2	p2	poly1000	sep	10000	h2_p2_t_n	3	1083.030	1082.012	10000:2.204734e4
H2	p2	poly1000	sep	10000	h2_p2_v_n	4	1057.170	1056.130	10000:2.204734e4
H2	p2	poly1000	sep	10000	h2_p2_v_w	4	1039.308	1038.674	10000:2.204734e4
H2	p2	poly1000	sep	10000	h2_p2_u_n	4	1148.978	1147.884	10000:2.204734e4
H2	p2	poly1000	sep	10000	h2_p2_u_w	4	1130.061	1129.440	10000:2.204734e4
H2	p2	poly1000	sep	10000	h2_p2_t_n	4	1082.645	1081.618	10000:2.204734e4
H2	p2	poly1000	sep	10000	h2_p2_t_w	4	1072.921	1072.297	10000:2.204734e4
H2	p2	poly1000	sep	10000	h2_p2_v_w	5	1034.841	1034.215	10000:2.204734e4
H2	p2	poly1000	sep	10000	h2_p2_u_n	5	1149.856	1148.789	10000:2.204734e4
H2	p2	poly1000	sep	10000	h2_p2_u_w	5	1128.580	1127.948	10000:2.204734e4
H2	p2	poly1000	sep	10000	h2_p2_t_n	5	1085.463	1084.443	10000:2.204734e4
H2	p2	poly1000	sep	10000	h2_p2_t_w	5	1075.121	1074.491	10000:2.204734e4
H2	p2	poly1000	sep	10000	h2_p2_v_n	5	1054.491	1053.442	10000:2.204734e4
H2	p2	poly1000	int	10000	h2_p2_u_w	1	1140.463	1139.831	10000:2.204734e4
H2	p2	poly1000	int	10000	h2_p2_t_n	1	1099.879	1098.827	10000:2.204734e4
H2	p2	poly1000	int	10000	h2_p2_t_w	1	1088.591	1087.939	10000:2.204734e4
H2	p2	poly1000	int	10000	h2_p2_v_n	1	1053.307	1052.203	10000:2.204734e4
H2	p2	poly1000	int	10000	h2_p2_v_w	1	1039.169	1038.471	10000:2.204734e4
H2	p2	poly1000	int	10000	h2_p2_u_n	1	1157.115	1156.036	10000:2.204734e4
H2	p2	poly1000	int	10000	h2_p2_t_n	2	1098.921	1097.903	10000:2.204734e4
H2	p2	poly1000	int	10000	h2_p2_t_w	2	1090.332	1089.703	10000:2.204734e4
H2	p2	poly1000	int	10000	h2_p2_v_n	2	1052.316	1051.248	10000:2.204734e4
H2	p2	poly1000	int	10000	h2_p2_v_w	2	1044.798	1044.172	10000:2.204734e4
H2	p2	poly1000	int	10000	h2_p2_u_n	2	1156.816	1155.770	10000:2.204734e4
H2	p2	poly1000	int	10000	h2_p2_u_w	2	1144.108	1143.473	10000:2.204734e4
H2	p2	poly1000	int	10000	h2_p2_t_w	3	1090.128	1089.491	10000:2.204734e4
H2	p2	poly1000	int	10000	h2_p2_v_n	3	1053.309	1052.247	10000:2.204734e4
H2	p2	poly1000	int	10000	h2_p2_v_w	3	1035.906	1035.287	10000:2.204734e4
H2	p2	poly1000	int	10000	h2_p2_u_n	3	1158.880	1157.814	10000:2.204734e4
H2	p2	poly1000	int	10000	h2_p2_u_w	3	1139.392	1138.761	10000:2.204734e4
H2	p2	poly1000	int	10000	h2_p2_t_n	3	1097.488	1096.475	10000:2.204734e4
H2	p2	poly1000	int	10000	h2_p2_v_n	4	1055.699	1054.645	10000:2.204734e4
H2	p2	poly1000	int	10000	h2_p2_v_w	4	1035.774	1035.149	10000:2.204734e4
H2	p2	poly1000	int	10000	h2_p2_u_n	4	1159.733	1158.662	10000:2.204734e4
H2	p2	poly1000	int	10000	h2_p2_u_w	4	1142.009	1141.377	10000:2.204734e4
H2	p2	poly1000	int	10000	h2_p2_t_n	4	1096.966	1095.949	10000:2.204734e4
H2	p2	poly1000	int	10000	h2_p2_t_w	4	1085.595	1084.992	10000:2.204734e4
H2	p2	poly1000	int	10000	h2_p2_v_w	5	1035.225	1034.581	10000:2.204734e4
H2	p2	poly1000	int	10000	h2_p2_u_n	5	1160.483	1159.406	10000:2.204734e4
H2	p2	poly1000	int	10000	h2_p2_u_w	5	1143.303	1142.654	10000:2.204734e4
H2	p2	poly1000	int	10000	h2_p2_t_n	5	1098.135	1097.093	10000:2.204734e4
H2	p2	poly1000	int	10000	h2_p2_t_w	5	1089.964	1089.339	10000:2.204734e4
H2	p2	poly1000	int	10000	h2_p2_v_n	5	1055.744	1054.662	10000:2.204734e4
H2	p2	poly1000	wkb	10000	h2_p2_u_w	1	1014.350	1013.750	10000:2.204734e4
H2	p2	poly1000	wkb	10000	h2_p2_t_n	1	1028.467	1027.451	10000:2.204734e4
H2	p2	poly1000	wkb	10000	h2_p2_t_w	1	1014.719	1014.129	10000:2.204734e4
H2	p2	poly1000	wkb	10000	h2_p2_v_n	1	1034.126	1033.090	10000:2.204734e4
H2	p2	poly1000	wkb	10000	h2_p2_v_w	1	1013.873	1013.269	10000:2.204734e4
H2	p2	poly1000	wkb	10000	h2_p2_u_n	1	1034.035	1032.991	10000:2.204734e4
H2	p2	poly1000	wkb	10000	h2_p2_t_n	2	1024.596	1023.573	10000:2.204734e4
H2	p2	poly1000	wkb	10000	h2_p2_t_w	2	1017.288	1016.690	10000:2.204734e4
H2	p2	poly1000	wkb	10000	h2_p2_v_n	2	1032.666	1031.601	10000:2.204734e4
H2	p2	poly1000	wkb	10000	h2_p2_v_w	2	1014.010	1013.408	10000:2.204734e4
H2	p2	poly1000	wkb	10000	h2_p2_u_n	2	1032.291	1031.257	10000:2.204734e4
H2	p2	poly1000	wkb	10000	h2_p2_u_w	2	1021.433	1020.801	10000:2.204734e4
H2	p2	poly1000	wkb	10000	h2_p2_t_w	3	1017.821	1017.195	10000:2.204734e4
H2	p2	poly1000	wkb	10000	h2_p2_v_n	3	1029.964	1028.913	10000:2.204734e4
H2	p2	poly1000	wkb	10000	h2_p2_v_w	3	1014.868	1014.242	10000:2.204734e4
H2	p2	poly1000	wkb	10000	h2_p2_u_n	3	1032.038	1030.964	10000:2.204734e4
H2	p2	poly1000	wkb	10000	h2_p2_u_w	3	1017.307	1016.706	10000:2.204734e4
H2	p2	poly1000	wkb	10000	h2_p2_t_n	3	1025.704	1024.700	10000:2.204734e4
H2	p2	poly1000	wkb	10000	h2_p2_v_n	4	1033.305	1032.267	10000:2.204734e4
H2	p2	poly1000	wkb	10000	h2_p2_v_w	4	1016.741	1016.151	10000:2.204734e4
H2	p2	poly1000	wkb	10000	h2_p2_u_n	4	1032.358	1031.299	10000:2.204734e4
H2	p2	poly1000	wkb	10000	h2_p2_u_w	4	1017.935	1017.312	10000:2.204734e4
H2	p2	poly1000	wkb	10000	h2_p2_t_n	4	1026.541	1025.531	10000:2.204734e4
H2	p2	poly1000	wkb	10000	h2_p2_t_w	4	1017.031	1016.427	10000:2.204734e4
H2	p2	poly1000	wkb	10000	h2_p2_v_w	5	1012.564	1011.947	10000:2.204734e4
H2	p2	poly1000	wkb	10000	h2_p2_u_n	5	1031.621	1030.577	10000:2.204734e4
H2	p2	poly1000	wkb	10000	h2_p2_u_w	5	1015.766	1015.158	10000:2.204734e4
H2	p2	poly1000	wkb	10000	h2_p2_t_n	5	1026.146	1025.118	10000:2.204734e4
H2	p2	poly1000	wkb	10000	h2_p2_t_w	5	1017.425	1016.823	10000:2.204734e4
H2	p2	poly1000	wkb	10000	h2_p2_v_n	5	1032.027	1030.985	10000:2.204734e4
H2	p3	points	sep	1000000	h2_p3_u_w	1	253.950	252.988	1000000:4.232361e7
H2	p3	points	sep	1000000	h2_p3_t_n	1	229.687	224.816	1000000:4.232361e7
H2	p3	points	sep	1000000	h2_p3_t_w	1	210.640	209.704	1000000:4.232361e7
H2	p3	points	sep	1000000	h2_p3_v_n	1	297.017	291.834	1000000:4.232361e7
H2	p3	points	sep	1000000	h2_p3_v_w	1	238.038	237.064	1000000:4.232361e7
H2	p3	points	sep	1000000	h2_p3_u_n	1	310.694	305.561	1000000:4.232361e7
H2	p3	points	sep	1000000	h2_p3_t_n	2	222.289	217.378	1000000:4.232361e7
H2	p3	points	sep	1000000	h2_p3_t_w	2	202.172	201.238	1000000:4.232361e7
H2	p3	points	sep	1000000	h2_p3_v_n	2	285.679	280.683	1000000:4.232361e7
H2	p3	points	sep	1000000	h2_p3_v_w	2	233.682	232.717	1000000:4.232361e7
H2	p3	points	sep	1000000	h2_p3_u_n	2	306.242	301.176	1000000:4.232361e7
H2	p3	points	sep	1000000	h2_p3_u_w	2	248.597	247.651	1000000:4.232361e7
H2	p3	points	sep	1000000	h2_p3_t_w	3	207.661	206.696	1000000:4.232361e7
H2	p3	points	sep	1000000	h2_p3_v_n	3	290.934	285.915	1000000:4.232361e7
H2	p3	points	sep	1000000	h2_p3_v_w	3	232.940	232.003	1000000:4.232361e7
H2	p3	points	sep	1000000	h2_p3_u_n	3	309.030	303.693	1000000:4.232361e7
H2	p3	points	sep	1000000	h2_p3_u_w	3	248.282	247.338	1000000:4.232361e7
H2	p3	points	sep	1000000	h2_p3_t_n	3	222.282	217.403	1000000:4.232361e7
H2	p3	points	sep	1000000	h2_p3_v_n	4	287.555	282.418	1000000:4.232361e7
H2	p3	points	sep	1000000	h2_p3_v_w	4	232.778	231.837	1000000:4.232361e7
H2	p3	points	sep	1000000	h2_p3_u_n	4	302.062	297.042	1000000:4.232361e7
H2	p3	points	sep	1000000	h2_p3_u_w	4	242.572	241.552	1000000:4.232361e7
H2	p3	points	sep	1000000	h2_p3_t_n	4	215.882	211.031	1000000:4.232361e7
H2	p3	points	sep	1000000	h2_p3_t_w	4	206.513	205.550	1000000:4.232361e7
H2	p3	points	sep	1000000	h2_p3_v_w	5	234.155	233.151	1000000:4.232361e7
H2	p3	points	sep	1000000	h2_p3_u_n	5	305.840	300.760	1000000:4.232361e7
H2	p3	points	sep	1000000	h2_p3_u_w	5	248.853	247.863	1000000:4.232361e7
H2	p3	points	sep	1000000	h2_p3_t_n	5	224.613	219.844	1000000:4.232361e7
H2	p3	points	sep	1000000	h2_p3_t_w	5	208.127	207.176	1000000:4.232361e7
H2	p3	points	sep	1000000	h2_p3_v_n	5	291.233	286.114	1000000:4.232361e7
H2	p3	points	int	1000000	h2_p3_u_w	1	249.059	248.059	1000000:4.232361e7
H2	p3	points	int	1000000	h2_p3_t_n	1	227.131	222.397	1000000:4.232361e7
H2	p3	points	int	1000000	h2_p3_t_w	1	209.373	208.441	1000000:4.232361e7
H2	p3	points	int	1000000	h2_p3_v_n	1	291.320	286.124	1000000:4.232361e7
H2	p3	points	int	1000000	h2_p3_v_w	1	234.844	233.880	1000000:4.232361e7
H2	p3	points	int	1000000	h2_p3_u_n	1	305.595	300.611	1000000:4.232361e7
H2	p3	points	int	1000000	h2_p3_t_n	2	224.316	219.514	1000000:4.232361e7
H2	p3	points	int	1000000	h2_p3_t_w	2	200.967	200.061	1000000:4.232361e7
H2	p3	points	int	1000000	h2_p3_v_n	2	284.051	278.945	1000000:4.232361e7
H2	p3	points	int	1000000	h2_p3_v_w	2	228.524	227.586	1000000:4.232361e7
H2	p3	points	int	1000000	h2_p3_u_n	2	299.837	294.878	1000000:4.232361e7
H2	p3	points	int	1000000	h2_p3_u_w	2	243.477	242.519	1000000:4.232361e7
H2	p3	points	int	1000000	h2_p3_t_w	3	201.029	200.116	1000000:4.232361e7
H2	p3	points	int	1000000	h2_p3_v_n	3	283.178	278.251	1000000:4.232361e7
H2	p3	points	int	1000000	h2_p3_v_w	3	228.362	227.440	1000000:4.232361e7
H2	p3	points	int	1000000	h2_p3_u_n	3	299.434	294.428	1000000:4.232361e7
H2	p3	points	int	1000000	h2_p3_u_w	3	243.438	242.475	1000000:4.232361e7
H2	p3	points	int	1000000	h2_p3_t_n	3	222.887	218.165	1000000:4.232361e7
H2	p3	points	int	1000000	h2_p3_v_n	4	284.097	279.050	1000000:4.232361e7
H2	p3	points	int	1000000	h2_p3_v_w	4	227.583	226.636	1000000:4.232361e7
H2	p3	points	int	1000000	h2_p3_u_n	4	300.291	295.140	1000000:4.232361e7
H2	p3	points	int	1000000	h2_p3_u_w	4	244.453	242.977	1000000:4.232361e7
H2	p3	points	int	1000000	h2_p3_t_n	4	223.109	218.233	1000000:4.232361e7
H2	p3	points	int	1000000	h2_p3_t_w	4	201.882	200.939	1000000:4.232361e7
H2	p3	points	int	1000000	h2_p3_v_w	5	227.701	226.726	1000000:4.232361e7
H2	p3	points	int	1000000	h2_p3_u_n	5	309.131	302.116	1000000:4.232361e7
H2	p3	points	int	1000000	h2_p3_u_w	5	248.975	247.973	1000000:4.232361e7
H2	p3	points	int	1000000	h2_p3_t_n	5	229.741	224.783	1000000:4.232361e7
H2	p3	points	int	1000000	h2_p3_t_w	5	206.720	205.766	1000000:4.232361e7
H2	p3	points	int	1000000	h2_p3_v_n	5	290.398	285.387	1000000:4.232361e7
H2	p3	points	wkb	1000000	h2_p3_u_w	1	232.708	231.747	1000000:4.232361e7
H2	p3	points	wkb	1000000	h2_p3_t_n	1	238.367	233.501	1000000:4.232361e7
H2	p3	points	wkb	1000000	h2_p3_t_w	1	217.471	216.541	1000000:4.232361e7
H2	p3	points	wkb	1000000	h2_p3_v_n	1	288.517	283.381	1000000:4.232361e7
H2	p3	points	wkb	1000000	h2_p3_v_w	1	231.628	230.656	1000000:4.232361e7
H2	p3	points	wkb	1000000	h2_p3_u_n	1	288.393	283.406	1000000:4.232361e7
H2	p3	points	wkb	1000000	h2_p3_t_n	2	237.638	232.802	1000000:4.232361e7
H2	p3	points	wkb	1000000	h2_p3_t_w	2	219.789	218.748	1000000:4.232361e7
H2	p3	points	wkb	1000000	h2_p3_v_n	2	289.620	284.327	1000000:4.232361e7
H2	p3	points	wkb	1000000	h2_p3_v_w	2	230.206	229.243	1000000:4.232361e7
H2	p3	points	wkb	1000000	h2_p3_u_n	2	288.974	283.835	1000000:4.232361e7
H2	p3	points	wkb	1000000	h2_p3_u_w	2	232.148	231.196	1000000:4.232361e7
H2	p3	points	wkb	1000000	h2_p3_t_w	3	217.515	216.573	1000000:4.232361e7
H2	p3	points	wkb	1000000	h2_p3_v_n	3	287.462	282.490	1000000:4.232361e7
H2	p3	points	wkb	1000000	h2_p3_v_w	3	226.591	225.643	1000000:4.232361e7
H2	p3	points	wkb	1000000	h2_p3_u_n	3	285.821	280.558	1000000:4.232361e7
H2	p3	points	wkb	1000000	h2_p3_u_w	3	226.579	225.670	1000000:4.232361e7
H2	p3	points	wkb	1000000	h2_p3_t_n	3	232.208	227.420	1000000:4.232361e7
H2	p3	points	wkb	1000000	h2_p3_v_n	4	283.625	278.660	1000000:4.232361e7
H2	p3	points	wkb	1000000	h2_p3_v_w	4	227.056	226.104	1000000:4.232361e7
H2	p3	points	wkb	1000000	h2_p3_u_n	4	288.903	283.059	1000000:4.232361e7
H2	p3	points	wkb	1000000	h2_p3_u_w	4	226.295	225.376	1000000:4.232361e7
H2	p3	points	wkb	1000000	h2_p3_t_n	4	233.280	228.501	1000000:4.232361e7
H2	p3	points	wkb	1000000	h2_p3_t_w	4	214.013	213.010	1000000:4.232361e7
H2	p3	points	wkb	1000000	h2_p3_v_w	5	225.528	224.465	1000000:4.232361e7
H2	p3	points	wkb	1000000	h2_p3_u_n	5	283.727	278.645	1000000:4.232361e7
H2	p3	points	wkb	1000000	h2_p3_u_w	5	220.692	219.762	1000000:4.232361e7
H2	p3	points	wkb	1000000	h2_p3_t_n	5	233.108	226.460	1000000:4.232361e7
H2	p3	points	wkb	1000000	h2_p3_t_w	5	212.996	212.047	1000000:4.232361e7
H2	p3	points	wkb	1000000	h2_p3_v_n	5	282.985	277.976	1000000:4.232361e7
H2	p3	poly10	sep	100000	h2_p3_u_w	1	193.701	192.975	100000:4.095599e7
H2	p3	poly10	sep	100000	h2_p3_t_n	1	185.969	184.234	100000:4.095599e7
H2	p3	poly10	sep	100000	h2_p3_t_w	1	178.674	177.921	100000:4.095599e7
H2	p3	poly10	sep	100000	h2_p3_v_n	1	195.886	194.395	100000:4.095599e7
H2	p3	poly10	sep	100000	h2_p3_v_w	1	175.633	174.923	100000:4.095599e7
H2	p3	poly10	sep	100000	h2_p3_u_n	1	210.696	209.165	100000:4.095599e7
H2	p3	poly10	sep	100000	h2_p3_t_n	2	183.474	182.006	100000:4.095599e7
H2	p3	poly10	sep	100000	h2_p3_t_w	2	178.532	177.785	100000:4.095599e7
H2	p3	poly10	sep	100000	h2_p3_v_n	2	195.685	194.188	100000:4.095599e7
H2	p3	poly10	sep	100000	h2_p3_v_w	2	178.492	177.772	100000:4.095599e7
H2	p3	poly10	sep	100000	h2_p3_u_n	2	211.546	209.995	100000:4.095599e7
H2	p3	poly10	sep	100000	h2_p3_u_w	2	197.940	197.208	100000:4.095599e7
H2	p3	poly10	sep	100000	h2_p3_t_w	3	176.904	176.148	100000:4.095599e7
H2	p3	poly10	sep	100000	h2_p3_v_n	3	196.613	195.091	100000:4.095599e7
H2	p3	poly10	sep	100000	h2_p3_v_w	3	177.045	176.299	100000:4.095599e7
H2	p3	poly10	sep	100000	h2_p3_u_n	3	211.548	210.020	100000:4.095599e7
H2	p3	poly10	sep	100000	h2_p3_u_w	3	189.863	189.154	100000:4.095599e7
H2	p3	poly10	sep	100000	h2_p3_t_n	3	185.415	183.842	100000:4.095599e7
H2	p3	poly10	sep	100000	h2_p3_v_n	4	196.421	194.886	100000:4.095599e7
H2	p3	poly10	sep	100000	h2_p3_v_w	4	175.721	174.995	100000:4.095599e7
H2	p3	poly10	sep	100000	h2_p3_u_n	4	211.020	209.382	100000:4.095599e7
H2	p3	poly10	sep	100000	h2_p3_u_w	4	191.174	190.453	100000:4.095599e7
H2	p3	poly10	sep	100000	h2_p3_t_n	4	185.249	183.728	100000:4.095599e7
H2	p3	poly10	sep	100000	h2_p3_t_w	4	177.425	176.681	100000:4.095599e7
H2	p3	poly10	sep	100000	h2_p3_v_w	5	176.211	175.497	100000:4.095599e7
H2	p3	poly10	sep	100000	h2_p3_u_n	5	211.189	209.599	100000:4.095599e7
H2	p3	poly10	sep	100000	h2_p3_u_w	5	190.674	189.954	100000:4.095599e7
H2	p3	poly10	sep	100000	h2_p3_t_n	5	186.137	184.619	100000:4.095599e7
H2	p3	poly10	sep	100000	h2_p3_t_w	5	177.495	176.788	100000:4.095599e7
H2	p3	poly10	sep	100000	h2_p3_v_n	5	194.833	193.338	100000:4.095599e7
H2	p3	poly10	int	100000	h2_p3_u_w	1	190.149	189.437	100000:4.095599e7
H2	p3	poly10	int	100000	h2_p3_t_n	1	185.671	184.211	100000:4.095599e7
H2	p3	poly10	int	100000	h2_p3_t_w	1	179.153	178.416	100000:4.095599e7
H2	p3	poly10	int	100000	h2_p3_v_n	1	195.586	194.068	100000:4.095599e7
H2	p3	poly10	int	100000	h2_p3_v_w	1	174.129	173.419	100000:4.095599e7
H2	p3	poly10	int	100000	h2_p3_u_n	1	212.819	211.220	100000:4.095599e7
H2	p3	poly10	int	100000	h2_p3_t_n	2	186.620	185.180	100000:4.095599e7
H2	p3	poly10	int	100000	h2_p3_t_w	2	176.596	175.861	100000:4.095599e7
H2	p3	poly10	int	100000	h2_p3_v_n	2	197.397	195.809	100000:4.095599e7
H2	p3	poly10	int	100000	h2_p3_v_w	2	172.737	172.008	100000:4.095599e7
H2	p3	poly10	int	100000	h2_p3_u_n	2	211.031	209.415	100000:4.095599e7
H2	p3	poly10	int	100000	h2_p3_u_w	2	189.219	188.507	100000:4.095599e7
H2	p3	poly10	int	100000	h2_p3_t_w	3	178.147	177.409	100000:4.095599e7
H2	p3	poly10	int	100000	h2_p3_v_n	3	198.748	196.136	100000:4.095599e7
H2	p3	poly10	int	100000	h2_p3_v_w	3	175.722	175.014	100000:4.095599e7
H2	p3	poly10	int	100000	h2_p3_u_n	3	212.548	210.944	100000:4.095599e7
H2	p3	poly10	int	100000	h2_p3_u_w	3	189.508	188.805	100000:4.095599e7
H2	p3	poly10	int	100000	h2_p3_t_n	3	187.948	186.449	100000:4.095599e7
H2	p3	poly10	int	100000	h2_p3_v_n	4	201.563	199.881	100000:4.095599e7
H2	p3	poly10	int	100000	h2_p3_v_w	4	174.513	173.783	100000:4.095599e7
H2	p3	poly10	int	100000	h2_p3_u_n	4	211.633	210.027	100000:4.095599e7
H2	p3	poly10	int	100000	h2_p3_u_w	4	189.726	189.028	100000:4.095599e7
H2	p3	poly10	int	100000	h2_p3_t_n	4	186.341	184.848	100000:4.095599e7
H2	p3	poly10	int	100000	h2_p3_t_w	4	178.062	177.368	100000:4.095599e7
H2	p3	poly10	int	100000	h2_p3_v_w	5	176.118	175.393	100000:4.095599e7
H2	p3	poly10	int	100000	h2_p3_u_n	5	214.099	212.462	100000:4.095599e7
H2	p3	poly10	int	100000	h2_p3_u_w	5	190.346	189.636	100000:4.095599e7
H2	p3	poly10	int	100000	h2_p3_t_n	5	188.706	187.235	100000:4.095599e7
H2	p3	poly10	int	100000	h2_p3_t_w	5	177.635	176.879	100000:4.095599e7
H2	p3	poly10	int	100000	h2_p3_v_n	5	197.049	195.407	100000:4.095599e7
H2	p3	poly10	wkb	100000	h2_p3_u_w	1	172.911	172.196	100000:4.095599e7
H2	p3	poly10	wkb	100000	h2_p3_t_n	1	181.496	179.944	100000:4.095599e7
H2	p3	poly10	wkb	100000	h2_p3_t_w	1	173.422	172.726	100000:4.095599e7
H2	p3	poly10	wkb	100000	h2_p3_v_n	1	194.814	193.256	100000:4.095599e7
H2	p3	poly10	wkb	100000	h2_p3_v_w	1	171.973	171.291	100000:4.095599e7
H2	p3	poly10	wkb	100000	h2_p3_u_n	1	194.366	192.831	100000:4.095599e7
H2	p3	poly10	wkb	100000	h2_p3_t_n	2	180.449	179.043	100000:4.095599e7
H2	p3	poly10	wkb	100000	h2_p3_t_w	2	171.357	170.676	100000:4.095599e7
H2	p3	poly10	wkb	100000	h2_p3_v_n	2	194.826	193.226	100000:4.095599e7
H2	p3	poly10	wkb	100000	h2_p3_v_w	2	172.325	171.633	100000:4.095599e7
H2	p3	poly10	wkb	100000	h2_p3_u_n	2	196.003	194.207	100000:4.095599e7
H2	p3	poly10	wkb	100000	h2_p3_u_w	2	171.716	171.048	100000:4.095599e7
H2	p3	poly10	wkb	100000	h2_p3_t_w	3	169.696	168.999	100000:4.095599e7
H2	p3	poly10	wkb	100000	h2_p3_v_n	3	195.238	193.529	100000:4.095599e7
H2	p3	poly10	wkb	100000	h2_p3_v_w	3	171.074	170.378	100000:4.095599e7
H2	p3	poly10	wkb	100000	h2_p3_u_n	3	195.388	193.700	100000:4.095599e7
H2	p3	poly10	wkb	100000	h2_p3_u_w	3	171.056	170.370	100000:4.095599e7
H2	p3	poly10	wkb	100000	h2_p3_t_n	3	180.288	178.826	100000:4.095599e7
H2	p3	poly10	wkb	100000	h2_p3_v_n	4	194.967	193.380	100000:4.095599e7
H2	p3	poly10	wkb	100000	h2_p3_v_w	4	172.475	171.776	100000:4.095599e7
H2	p3	poly10	wkb	100000	h2_p3_u_n	4	195.261	193.689	100000:4.095599e7
H2	p3	poly10	wkb	100000	h2_p3_u_w	4	171.151	170.411	100000:4.095599e7
H2	p3	poly10	wkb	100000	h2_p3_t_n	4	179.179	177.707	100000:4.095599e7
H2	p3	poly10	wkb	100000	h2_p3_t_w	4	170.837	170.147	100000:4.095599e7
H2	p3	poly10	wkb	100000	h2_p3_v_w	5	171.925	171.221	100000:4.095599e7
H2	p3	poly10	wkb	100000	h2_p3_u_n	5	194.955	193.358	100000:4.095599e7
H2	p3	poly10	wkb	100000	h2_p3_u_w	5	171.885	171.200	100000:4.095599e7
H2	p3	poly10	wkb	100000	h2_p3_t_n	5	179.709	178.216	100000:4.095599e7
H2	p3	poly10	wkb	100000	h2_p3_t_w	5	171.501	170.822	100000:4.095599e7
H2	p3	poly10	wkb	100000	h2_p3_v_n	5	194.784	193.185	100000:4.095599e7
H2	p3	poly100	sep	100000	h2_p3_u_w	1	1549.207	1541.238	100000:3.678863e8
H2	p3	poly100	sep	100000	h2_p3_t_n	1	1535.901	1528.032	100000:3.678863e8
H2	p3	poly100	sep	100000	h2_p3_t_w	1	1463.083	1457.344	100000:3.678863e8
H2	p3	poly100	sep	100000	h2_p3_v_n	1	1593.828	1581.724	100000:3.678863e8
H2	p3	poly100	sep	100000	h2_p3_v_w	1	1447.274	1438.542	100000:3.678863e8
H2	p3	poly100	sep	100000	h2_p3_u_n	1	1691.926	1680.240	100000:3.678863e8
H2	p3	poly100	sep	100000	h2_p3_t_n	2	1536.518	1528.220	100000:3.678863e8
H2	p3	poly100	sep	100000	h2_p3_t_w	2	1464.934	1459.066	100000:3.678863e8
H2	p3	poly100	sep	100000	h2_p3_v_n	2	1596.311	1584.606	100000:3.678863e8
H2	p3	poly100	sep	100000	h2_p3_v_w	2	1445.763	1437.771	100000:3.678863e8
H2	p3	poly100	sep	100000	h2_p3_u_n	2	1694.280	1682.518	100000:3.678863e8
H2	p3	poly100	sep	100000	h2_p3_u_w	2	1541.682	1533.670	100000:3.678863e8
H2	p3	poly100	sep	100000	h2_p3_t_w	3	1474.091	1467.556	100000:3.678863e8
H2	p3	poly100	sep	100000	h2_p3_v_n	3	1604.073	1591.693	100000:3.678863e8
H2	p3	poly100	sep	100000	h2_p3_v_w	3	1445.805	1437.613	100000:3.678863e8
H2	p3	poly100	sep	100000	h2_p3_u_n	3	1691.675	1679.745	100000:3.678863e8
H2	p3	poly100	sep	100000	h2_p3_u_w	3	1544.530	1536.078	100000:3.678863e8
H2	p3	poly100	sep	100000	h2_p3_t_n	3	1540.586	1533.015	100000:3.678863e8
H2	p3	poly100	sep	100000	h2_p3_v_n	4	1600.890	1589.214	100000:3.678863e8
H2	p3	poly100	sep	100000	h2_p3_v_w	4	1446.300	1438.177	100000:3.678863e8
H2	p3	poly100	sep	100000	h2_p3_u_n	4	1695.358	1683.445	100000:3.678863e8
H2	p3	poly100	sep	100000	h2_p3_u_w	4	1540.805	1532.858	100000:3.678863e8
H2	p3	poly100	sep	100000	h2_p3_t_n	4	1536.722	1529.050	100000:3.678863e8
H2	p3	poly100	sep	100000	h2_p3_t_w	4	1464.991	1459.247	100000:3.678863e8
H2	p3	poly100	sep	100000	h2_p3_v_w	5	1445.502	1437.506	100000:3.678863e8
H2	p3	poly100	sep	100000	h2_p3_u_n	5	1701.931	1690.219	100000:3.678863e8
H2	p3	poly100	sep	100000	h2_p3_u_w	5	1541.219	1533.235	100000:3.678863e8
H2	p3	poly100	sep	100000	h2_p3_t_n	5	1537.625	1529.881	100000:3.678863e8
H2	p3	poly100	sep	100000	h2_p3_t_w	5	1463.116	1457.270	100000:3.678863e8
H2	p3	poly100	sep	100000	h2_p3_v_n	5	1594.890	1583.266	100000:3.678863e8
H2	p3	poly100	int	100000	h2_p3_u_w	1	1595.153	1585.709	100000:3.678863e8
H2	p3	poly100	int	100000	h2_p3_t_n	1	1583.139	1573.204	100000:3.678863e8
H2	p3	poly100	int	100000	h2_p3_t_w	1	1491.727	1485.377	100000:3.678863e8
H2	p3	poly100	int	100000	h2_p3_v_n	1	1601.368	1590.352	100000:3.678863e8
H2	p3	poly100	int	100000	h2_p3_v_w	1	1467.491	1457.278	100000:3.678863e8
H2	p3	poly100	int	100000	h2_p3_u_n	1	1716.495	1704.490	100000:3.678863e8
H2	p3	poly100	int	100000	h2_p3_t_n	2	1575.515	1565.472	100000:3.678863e8
H2	p3	poly100	int	100000	h2_p3_t_w	2	1496.176	1489.709	100000:3.678863e8
H2	p3	poly100	int	100000	h2_p3_v_n	2	1606.266	1595.086	100000:3.678863e8
H2	p3	poly100	int	100000	h2_p3_v_w	2	1477.579	1468.080	100000:3.678863e8
H2	p3	poly100	int	100000	h2_p3_u_n	2	1710.528	1699.587	100000:3.678863e8
H2	p3	poly100	int	100000	h2_p3_u_w	2	1585.384	1575.924	100000:3.678863e8
H2	p3	poly100	int	100000	h2_p3_t_w	3	1513.218	1506.830	100000:3.678863e8
H2	p3	poly100	int	100000	h2_p3_v_n	3	1610.095	1598.664	100000:3.678863e8
H2	p3	poly100	int	100000	h2_p3_v_w	3	1465.868	1456.360	100000:3.678863e8
H2	p3	poly100	int	100000	h2_p3_u_n	3	1716.719	1705.215	100000:3.678863e8
H2	p3	poly100	int	100000	h2_p3_u_w	3	1581.142	1571.619	100000:3.678863e8
H2	p3	poly100	int	100000	h2_p3_t_n	3	1572.204	1562.273	100000:3.678863e8
H2	p3	poly100	int	100000	h2_p3_v_n	4	1612.921	1601.884	100000:3.678863e8
H2	p3	poly100	int	100000	h2_p3_v_w	4	1467.453	1457.964	100000:3.678863e8
H2	p3	poly100	int	100000	h2_p3_u_n	4	1713.828	1702.399	100000:3.678863e8
H2	p3	poly100	int	100000	h2_p3_u_w	4	1578.529	1568.961	100000:3.678863e8
H2	p3	poly100	int	100000	h2_p3_t_n	4	1579.452	1568.892	100000:3.678863e8
H2	p3	poly100	int	100000	h2_p3_t_w	4	1507.394	1500.545	100000:3.678863e8
H2	p3	poly100	int	100000	h2_p3_v_w	5	1484.799	1475.337	100000:3.678863e8
H2	p3	poly100	int	100000	h2_p3_u_n	5	1722.538	1711.355	100000:3.678863e8
H2	p3	poly100	int	100000	h2_p3_u_w	5	1575.231	1565.182	100000:3.678863e8
H2	p3	poly100	int	100000	h2_p3_t_n	5	1581.335	1571.137	100000:3.678863e8
H2	p3	poly100	int	100000	h2_p3_t_w	5	1499.967	1493.446	100000:3.678863e8
H2	p3	poly100	int	100000	h2_p3_v_n	5	1606.970	1595.448	100000:3.678863e8
H2	p3	poly100	wkb	100000	h2_p3_u_w	1	1407.186	1403.265	100000:3.678863e8
H2	p3	poly100	wkb	100000	h2_p3_t_n	1	1477.941	1472.702	100000:3.678863e8
H2	p3	poly100	wkb	100000	h2_p3_t_w	1	1417.316	1413.462	100000:3.678863e8
H2	p3	poly100	wkb	100000	h2_p3_v_n	1	1561.429	1559.049	100000:3.678863e8
H2	p3	poly100	wkb	100000	h2_p3_v_w	1	1423.283	1418.537	100000:3.678863e8
H2	p3	poly100	wkb	100000	h2_p3_u_n	1	1563.072	1560.631	100000:3.678863e8
H2	p3	poly100	wkb	100000	h2_p3_t_n	2	1474.447	1469.031	100000:3.678863e8
H2	p3	poly100	wkb	100000	h2_p3_t_w	2	1411.168	1407.087	100000:3.678863e8
H2	p3	poly100	wkb	100000	h2_p3_v_n	2	1565.918	1563.502	100000:3.678863e8
H2	p3	poly100	wkb	100000	h2_p3_v_w	2	1412.395	1408.308	100000:3.678863e8
H2	p3	poly100	wkb	100000	h2_p3_u_n	2	1563.120	1560.717	100000:3.678863e8
H2	p3	poly100	wkb	100000	h2_p3_u_w	2	1413.997	1409.737	100000:3.678863e8
H2	p3	poly100	wkb	100000	h2_p3_t_w	3	1417.800	1413.864	100000:3.678863e8
H2	p3	poly100	wkb	100000	h2_p3_v_n	3	1562.327	1559.917	100000:3.678863e8
H2	p3	poly100	wkb	100000	h2_p3_v_w	3	1413.399	1409.329	100000:3.678863e8
H2	p3	poly100	wkb	100000	h2_p3_u_n	3	1558.091	1555.703	100000:3.678863e8
H2	p3	poly100	wkb	100000	h2_p3_u_w	3	1407.289	1403.185	100000:3.678863e8
H2	p3	poly100	wkb	100000	h2_p3_t_n	3	1474.041	1468.671	100000:3.678863e8
H2	p3	poly100	wkb	100000	h2_p3_v_n	4	1561.412	1558.986	100000:3.678863e8
H2	p3	poly100	wkb	100000	h2_p3_v_w	4	1408.296	1404.210	100000:3.678863e8
H2	p3	poly100	wkb	100000	h2_p3_u_n	4	1554.711	1552.279	100000:3.678863e8
H2	p3	poly100	wkb	100000	h2_p3_u_w	4	1410.185	1406.066	100000:3.678863e8
H2	p3	poly100	wkb	100000	h2_p3_t_n	4	1472.429	1466.975	100000:3.678863e8
H2	p3	poly100	wkb	100000	h2_p3_t_w	4	1404.511	1400.613	100000:3.678863e8
H2	p3	poly100	wkb	100000	h2_p3_v_w	5	1415.590	1411.707	100000:3.678863e8
H2	p3	poly100	wkb	100000	h2_p3_u_n	5	1558.218	1555.773	100000:3.678863e8
H2	p3	poly100	wkb	100000	h2_p3_u_w	5	1411.271	1407.223	100000:3.678863e8
H2	p3	poly100	wkb	100000	h2_p3_t_n	5	1477.126	1471.864	100000:3.678863e8
H2	p3	poly100	wkb	100000	h2_p3_t_w	5	1409.163	1404.813	100000:3.678863e8
H2	p3	poly100	wkb	100000	h2_p3_v_n	5	1561.833	1559.434	100000:3.678863e8
H2	p3	poly1000	sep	10000	h2_p3_u_w	1	1439.636	1438.489	10000:3.637269e8
H2	p3	poly1000	sep	10000	h2_p3_t_n	1	1458.586	1456.767	10000:3.637269e8
H2	p3	poly1000	sep	10000	h2_p3_t_w	1	1388.294	1387.155	10000:3.637269e8
H2	p3	poly1000	sep	10000	h2_p3_v_n	1	1485.931	1484.337	10000:3.637269e8
H2	p3	poly1000	sep	10000	h2_p3_v_w	1	1360.105	1359.010	10000:3.637269e8
H2	p3	poly1000	sep	10000	h2_p3_u_n	1	1578.398	1576.846	10000:3.637269e8
H2	p3	poly1000	sep	10000	h2_p3_t_n	2	1460.426	1458.600	10000:3.637269e8
H2	p3	poly1000	sep	10000	h2_p3_t_w	2	1393.187	1392.064	10000:3.637269e8
H2	p3	poly1000	sep	10000	h2_p3_v_n	2	1490.198	1488.466	10000:3.637269e8
H2	p3	poly1000	sep	10000	h2_p3_v_w	2	1352.481	1351.415	10000:3.637269e8
H2	p3	poly1000	sep	10000	h2_p3_u_n	2	1575.509	1573.942	10000:3.637269e8
H2	p3	poly1000	sep	10000	h2_p3_u_w	2	1441.001	1439.936	10000:3.637269e8
H2	p3	poly1000	sep	10000	h2_p3_t_w	3	1386.408	1385.082	10000:3.637269e8
H2	p3	poly1000	sep	10000	h2_p3_v_n	3	1482.124	1480.566	10000:3.637269e8
H2	p3	poly1000	sep	10000	h2_p3_v_w	3	1350.372	1349.300	10000:3.637269e8
H2	p3	poly1000	sep	10000	h2_p3_u_n	3	1578.180	1576.621	10000:3.637269e8
H2	p3	poly1000	sep	10000	h2_p3_u_w	3	1440.530	1439.461	10000:3.637269e8
H2	p3	poly1000	sep	10000	h2_p3_t_n	3	1466.970	1465.161	10000:3.637269e8
H2	p3	poly1000	sep	10000	h2_p3_v_n	4	1489.447	1487.554	10000:3.637269e8
H2	p3	poly1000	sep	10000	h2_p3_v_w	4	1348.121	1347.066	10000:3.637269e8
H2	p3	poly1000	sep	10000	h2_p3_u_n	4	1579.998	1578.268	10000:3.637269e8
H2	p3	poly1000	sep	10000	h2_p3_u_w	4	1442.203	1441.137	10000:3.637269e8
H2	p3	poly1000	sep	10000	h2_p3_t_n	4	1468.156	1466.489	10000:3.637269e8
H2	p3	poly1000	sep	10000	h2_p3_t_w	4	1388.871	1387.746	10000:3.637269e8
H2	p3	poly1000	sep	10000	h2_p3_v_w	5	1355.715	1354.645	10000:3.637269e8
H2	p3	poly1000	sep	10000	h2_p3_u_n	5	1577.928	1576.368	10000:3.637269e8
H2	p3	poly1000	sep	10000	h2_p3_u_w	5	1454.398	1453.258	10000:3.637269e8
H2	p3	poly1000	sep	10000	h2_p3_t_n	5	1458.662	1456.810	10000:3.637269e8
H2	p3	poly1000	sep	10000	h2_p3_t_w	5	1390.004	1388.877	10000:3.637269e8
H2	p3	poly1000	sep	10000	h2_p3_v_n	5	1487.964	1486.383	10000:3.637269e8
H2	p3	poly1000	int	10000	h2_p3_u_w	1	1462.009	1460.942	10000:3.637269e8
H2	p3	poly1000	int	10000	h2_p3_t_n	1	1481.245	1479.439	10000:3.637269e8
H2	p3	poly1000	int	10000	h2_p3_t_w	1	1423.651	1422.510	10000:3.637269e8
H2	p3	poly1000	int	10000	h2_p3_v_n	1	1504.056	1502.306	10000:3.637269e8
H2	p3	poly1000	int	10000	h2_p3_v_w	1	1349.791	1348.702	10000:3.637269e8
H2	p3	poly1000	int	10000	h2_p3_u_n	1	1606.420	1604.701	10000:3.637269e8
H2	p3	poly1000	int	10000	h2_p3_t_n	2	1486.656	1484.805	10000:3.637269e8
H2	p3	poly1000	int	10000	h2_p3_t_w	2	1414.813	1413.672	10000:3.637269e8
H2	p3	poly1000	int	10000	h2_p3_v_n	2	1500.658	1498.919	10000:3.637269e8
H2	p3	poly1000	int	10000	h2_p3_v_w	2	1359.071	1358.009	10000:3.637269e8
H2	p3	poly1000	int	10000	h2_p3_u_n	2	1604.318	1602.487	10000:3.637269e8
H2	p3	poly1000	int	10000	h2_p3_u_w	2	1449.801	1448.586	10000:3.637269e8
H2	p3	poly1000	int	10000	h2_p3_t_w	3	1403.097	1401.718	10000:3.637269e8
H2	p3	poly1000	int	10000	h2_p3_v_n	3	1503.517	1501.708	10000:3.637269e8
H2	p3	poly1000	int	10000	h2_p3_v_w	3	1352.656	1351.507	10000:3.637269e8
H2	p3	poly1000	int	10000	h2_p3_u_n	3	1606.738	1605.001	10000:3.637269e8
H2	p3	poly1000	int	10000	h2_p3_u_w	3	1457.927	1456.858	10000:3.637269e8
H2	p3	poly1000	int	10000	h2_p3_t_n	3	1559.202	1557.395	10000:3.637269e8
H2	p3	poly1000	int	10000	h2_p3_v_n	4	1500.057	1498.319	10000:3.637269e8
H2	p3	poly1000	int	10000	h2_p3_v_w	4	1357.219	1356.160	10000:3.637269e8
H2	p3	poly1000	int	10000	h2_p3_u_n	4	1605.056	1603.505	10000:3.637269e8
H2	p3	poly1000	int	10000	h2_p3_u_w	4	1456.194	1455.139	10000:3.637269e8
H2	p3	poly1000	int	10000	h2_p3_t_n	4	1486.720	1484.911	10000:3.637269e8
H2	p3	poly1000	int	10000	h2_p3_t_w	4	1413.760	1412.640	10000:3.637269e8
H2	p3	poly1000	int	10000	h2_p3_v_w	5	1360.832	1359.782	10000:3.637269e8
H2	p3	poly1000	int	10000	h2_p3_u_n	5	1628.916	1627.346	10000:3.637269e8
H2	p3	poly1000	int	10000	h2_p3_u_w	5	1462.631	1461.577	10000:3.637269e8
H2	p3	poly1000	int	10000	h2_p3_t_n	5	1484.215	1482.404	10000:3.637269e8
H2	p3	poly1000	int	10000	h2_p3_t_w	5	1520.608	1519.420	10000:3.637269e8
H2	p3	poly1000	int	10000	h2_p3_v_n	5	1506.873	1505.268	10000:3.637269e8
H2	p3	poly1000	wkb	10000	h2_p3_u_w	1	1352.762	1351.658	10000:3.637269e8
H2	p3	poly1000	wkb	10000	h2_p3_t_n	1	1395.807	1394.112	10000:3.637269e8
H2	p3	poly1000	wkb	10000	h2_p3_t_w	1	1343.176	1341.961	10000:3.637269e8
H2	p3	poly1000	wkb	10000	h2_p3_v_n	1	1477.714	1476.029	10000:3.637269e8
H2	p3	poly1000	wkb	10000	h2_p3_v_w	1	1337.291	1336.045	10000:3.637269e8
H2	p3	poly1000	wkb	10000	h2_p3_u_n	1	1465.241	1463.546	10000:3.637269e8
H2	p3	poly1000	wkb	10000	h2_p3_t_n	2	1494.067	1492.158	10000:3.637269e8
H2	p3	poly1000	wkb	10000	h2_p3_t_w	2	1348.080	1346.938	10000:3.637269e8
H2	p3	poly1000	wkb	10000	h2_p3_v_n	2	1465.256	1463.583	10000:3.637269e8
H2	p3	poly1000	wkb	10000	h2_p3_v_w	2	1352.242	1351.128	10000:3.637269e8
H2	p3	poly1000	wkb	10000	h2_p3_u_n	2	1468.054	1466.390	10000:3.637269e8
H2	p3	poly1000	wkb	10000	h2_p3_u_w	2	1339.649	1338.509	10000:3.637269e8
H2	p3	poly1000	wkb	10000	h2_p3_t_w	3	1347.532	1346.426	10000:3.637269e8
H2	p3	poly1000	wkb	10000	h2_p3_v_n	3	1589.263	1587.577	10000:3.637269e8
H2	p3	poly1000	wkb	10000	h2_p3_v_w	3	1334.430	1333.337	10000:3.637269e8
H2	p3	poly1000	wkb	10000	h2_p3_u_n	3	1466.279	1464.645	10000:3.637269e8
H2	p3	poly1000	wkb	10000	h2_p3_u_w	3	1347.295	1346.150	10000:3.637269e8
H2	p3	poly1000	wkb	10000	h2_p3_t_n	3	1417.615	1416.071	10000:3.637269e8
H2	p3	poly1000	wkb	10000	h2_p3_v_n	4	1469.711	1468.062	10000:3.637269e8
H2	p3	poly1000	wkb	10000	h2_p3_v_w	4	1459.557	1458.448	10000:3.637269e8
H2	p3	poly1000	wkb	10000	h2_p3_u_n	4	1470.975	1469.331	10000:3.637269e8
H2	p3	poly1000	wkb	10000	h2_p3_u_w	4	1334.576	1333.484	10000:3.637269e8
H2	p3	poly1000	wkb	10000	h2_p3_t_n	4	1416.311	1414.773	10000:3.637269e8
H2	p3	poly1000	wkb	10000	h2_p3_t_w	4	1373.084	1371.973	10000:3.637269e8
H2	p3	poly1000	wkb	10000	h2_p3_v_w	5	1352.678	1351.551	10000:3.637269e8
H2	p3	poly1000	wkb	10000	h2_p3_u_n	5	1488.092	1486.544	10000:3.637269e8
H2	p3	poly1000	wkb	10000	h2_p3_u_w	5	1344.802	1343.711	10000:3.637269e8
H2	p3	poly1000	wkb	10000	h2_p3_t_n	5	1423.922	1422.395	10000:3.637269e8
H2	p3	poly1000	wkb	10000	h2_p3_t_w	5	1331.407	1330.313	10000:3.637269e8
H2	p3	poly1000	wkb	10000	h2_p3_v_n	5	1489.576	1488.026	10000:3.637269e8
H2	p4	points	sep	100000	h2_p4_u_w	1	692.177	690.971	100000:2.489400e4
H2	p4	points	sep	100000	h2_p4_t_n	1	723.791	721.731	100000:2.489400e4
H2	p4	points	sep	100000	h2_p4_t_w	1	677.987	676.828	100000:2.489400e4
H2	p4	points	sep	100000	h2_p4_v_n	1	776.393	769.719	100000:2.489400e4
H2	p4	points	sep	100000	h2_p4_v_w	1	683.323	682.184	100000:2.489400e4
H2	p4	points	sep	100000	h2_p4_u_n	1	781.443	774.689	100000:2.489400e4
H2	p4	points	sep	100000	h2_p4_t_n	2	723.763	721.605	100000:2.489400e4
H2	p4	points	sep	100000	h2_p4_t_w	2	682.839	681.679	100000:2.489400e4
H2	p4	points	sep	100000	h2_p4_v_n	2	800.437	793.130	100000:2.489400e4
H2	p4	points	sep	100000	h2_p4_v_w	2	682.514	681.310	100000:2.489400e4
H2	p4	points	sep	100000	h2_p4_u_n	2	785.169	778.375	100000:2.489400e4
H2	p4	points	sep	100000	h2_p4_u_w	2	686.320	685.127	100000:2.489400e4
H2	p4	points	sep	100000	h2_p4_t_w	3	681.791	680.634	100000:2.489400e4
H2	p4	points	sep	100000	h2_p4_v_n	3	776.003	769.339	100000:2.489400e4
H2	p4	points	sep	100000	h2_p4_v_w	3	686.098	684.924	100000:2.489400e4
H2	p4	points	sep	100000	h2_p4_u_n	3	782.341	775.231	100000:2.489400e4
H2	p4	points	sep	100000	h2_p4_u_w	3	692.822	691.570	100000:2.489400e4
H2	p4	points	sep	100000	h2_p4_t_n	3	723.346	721.266	100000:2.489400e4
H2	p4	points	sep	100000	h2_p4_v_n	4	779.593	772.952	100000:2.489400e4
H2	p4	points	sep	100000	h2_p4_v_w	4	684.556	683.374	100000:2.489400e4
H2	p4	points	sep	100000	h2_p4_u_n	4	774.181	767.715	100000:2.489400e4
H2	p4	points	sep	100000	h2_p4_u_w	4	681.805	680.634	100000:2.489400e4
H2	p4	points	sep	100000	h2_p4_t_n	4	724.165	722.095	100000:2.489400e4
H2	p4	points	sep	100000	h2_p4_t_w	4	675.986	674.831	100000:2.489400e4
H2	p4	points	sep	100000	h2_p4_v_w	5	680.333	679.181	100000:2.489400e4
H2	p4	points	sep	100000	h2_p4_u_n	5	777.890	771.171	100000:2.489400e4
H2	p4	points	sep	100000	h2_p4_u_w	5	682.977	681.805	100000:2.489400e4
H2	p4	points	sep	100000	h2_p4_t_n	5	729.092	726.990	100000:2.489400e4
H2	p4	points	sep	100000	h2_p4_t_w	5	686.574	685.431	100000:2.489400e4
H2	p4	points	sep	100000	h2_p4_v_n	5	773.658	766.980	100000:2.489400e4
H2	p4	points	int	100000	h2_p4_u_w	1	689.247	688.088	100000:2.489400e4
H2	p4	points	int	100000	h2_p4_t_n	1	727.786	725.733	100000:2.489400e4
H2	p4	points	int	100000	h2_p4_t_w	1	677.409	676.290	100000:2.489400e4
H2	p4	points	int	100000	h2_p4_v_n	1	773.035	768.308	100000:2.489400e4
H2	p4	points	int	100000	h2_p4_v_w	1	688.089	686.923	100000:2.489400e4
H2	p4	points	int	100000	h2_p4_u_n	1	776.750	772.165	100000:2.489400e4
H2	p4	points	int	100000	h2_p4_t_n	2	722.034	720.023	100000:2.489400e4
H2	p4	points	int	100000	h2_p4_t_w	2	677.984	676.849	100000:2.489400e4
H2	p4	points	int	100000	h2_p4_v_n	2	771.072	766.408	100000:2.489400e4
H2	p4	points	int	100000	h2_p4_v_w	2	686.523	685.347	100000:2.489400e4
H2	p4	points	int	100000	h2_p4_u_n	2	776.219	771.290	100000:2.489400e4
H2	p4	points	int	100000	h2_p4_u_w	2	699.808	698.612	100000:2.489400e4
H2	p4	points	int	100000	h2_p4_t_w	3	684.355	683.194	100000:2.489400e4
H2	p4	points	int	100000	h2_p4_v_n	3	786.063	781.119	100000:2.489400e4
H2	p4	points	int	100000	h2_p4_v_w	3	825.014	823.341	100000:2.489400e4
H2	p4	points	int	100000	h2_p4_u_n	3	824.118	818.738	100000:2.489400e4
H2	p4	points	int	100000	h2_p4_u_w	3	705.266	704.019	100000:2.489400e4
H2	p4	points	int	100000	h2_p4_t_n	3	730.784	728.731	100000:2.489400e4
H2	p4	points	int	100000	h2_p4_v_n	4	771.893	767.205	100000:2.489400e4
H2	p4	points	int	100000	h2_p4_v_w	4	691.336	690.138	100000:2.489400e4
H2	p4	points	int	100000	h2_p4_u_n	4	776.626	771.729	100000:2.489400e4
H2	p4	points	int	100000	h2_p4_u_w	4	702.631	701.379	100000:2.489400e4
H2	p4	points	int	100000	h2_p4_t_n	4	729.170	727.055	100000:2.489400e4
H2	p4	points	int	100000	h2_p4_t_w	4	682.918	681.782	100000:2.489400e4
H2	p4	points	int	100000	h2_p4_v_w	5	687.100	685.902	100000:2.489400e4
H2	p4	points	int	100000	h2_p4_u_n	5	780.240	775.367	100000:2.489400e4
H2	p4	points	int	100000	h2_p4_u_w	5	689.522	688.342	100000:2.489400e4
H2	p4	points	int	100000	h2_p4_t_n	5	729.211	727.103	100000:2.489400e4
H2	p4	points	int	100000	h2_p4_t_w	5	680.201	679.057	100000:2.489400e4
H2	p4	points	int	100000	h2_p4_v_n	5	780.696	775.780	100000:2.489400e4
H2	p4	points	wkb	100000	h2_p4_u_w	1	690.867	689.692	100000:2.489400e4
H2	p4	points	wkb	100000	h2_p4_t_n	1	736.308	734.292	100000:2.489400e4
H2	p4	points	wkb	100000	h2_p4_t_w	1	690.076	688.904	100000:2.489400e4
H2	p4	points	wkb	100000	h2_p4_v_n	1	776.111	770.361	100000:2.489400e4
H2	p4	points	wkb	100000	h2_p4_v_w	1	682.166	681.025	100000:2.489400e4
H2	p4	points	wkb	100000	h2_p4_u_n	1	786.264	780.198	100000:2.489400e4
H2	p4	points	wkb	100000	h2_p4_t_n	2	737.237	735.198	100000:2.489400e4
H2	p4	points	wkb	100000	h2_p4_t_w	2	687.552	686.415	100000:2.489400e4
H2	p4	points	wkb	100000	h2_p4_v_n	2	785.142	778.815	100000:2.489400e4
H2	p4	points	wkb	100000	h2_p4_v_w	2	686.609	685.313	100000:2.489400e4
H2	p4	points	wkb	100000	h2_p4_u_n	2	796.022	788.789	100000:2.489400e4
H2	p4	points	wkb	100000	h2_p4_u_w	2	739.995	738.675	100000:2.489400e4
H2	p4	points	wkb	100000	h2_p4_t_w	3	704.644	703.359	100000:2.489400e4
H2	p4	points	wkb	100000	h2_p4_v_n	3	788.032	781.645	100000:2.489400e4
H2	p4	points	wkb	100000	h2_p4_v_w	3	685.171	683.992	100000:2.489400e4
H2	p4	points	wkb	100000	h2_p4_u_n	3	786.007	779.738	100000:2.489400e4
H2	p4	points	wkb	100000	h2_p4_u_w	3	693.297	692.093	100000:2.489400e4
H2	p4	points	wkb	100000	h2_p4_t_n	3	733.732	731.656	100000:2.489400e4
H2	p4	points	wkb	100000	h2_p4_v_n	4	777.398	771.644	100000:2.489400e4
H2	p4	points	wkb	100000	h2_p4_v_w	4	688.906	687.734	100000:2.489400e4
H2	p4	points	wkb	100000	h2_p4_u_n	4	794.822	786.666	100000:2.489400e4
H2	p4	points	wkb	100000	h2_p4_u_w	4	686.989	685.824	100000:2.489400e4
H2	p4	points	wkb	100000	h2_p4_t_n	4	775.345	767.116	100000:2.489400e4
H2	p4	points	wkb	100000	h2_p4_t_w	4	683.381	682.234	100000:2.489400e4
H2	p4	points	wkb	100000	h2_p4_v_w	5	684.702	683.516	100000:2.489400e4
H2	p4	points	wkb	100000	h2_p4_u_n	5	781.133	775.232	100000:2.489400e4
H2	p4	points	wkb	100000	h2_p4_u_w	5	696.161	694.931	100000:2.489400e4
H2	p4	points	wkb	100000	h2_p4_t_n	5	737.771	735.578	100000:2.489400e4
H2	p4	points	wkb	100000	h2_p4_t_w	5	683.213	682.031	100000:2.489400e4
H2	p4	points	wkb	100000	h2_p4_v_n	5	782.231	775.938	100000:2.489400e4
H2	p4	poly10	sep	10000	h2_p4_u_w	1	110.846	109.849	10000:2.441000e3
H2	p4	poly10	sep	10000	h2_p4_t_n	1	119.243	117.306	10000:2.441000e3
H2	p4	poly10	sep	10000	h2_p4_t_w	1	111.995	111.008	10000:2.441000e3
H2	p4	poly10	sep	10000	h2_p4_v_n	1	120.219	118.350	10000:2.441000e3
H2	p4	poly10	sep	10000	h2_p4_v_w	1	110.011	109.012	10000:2.441000e3
H2	p4	poly10	sep	10000	h2_p4_u_n	1	122.313	120.142	10000:2.441000e3
H2	p4	poly10	sep	10000	h2_p4_t_n	2	121.089	119.023	10000:2.441000e3
H2	p4	poly10	sep	10000	h2_p4_t_w	2	111.084	110.084	10000:2.441000e3
H2	p4	poly10	sep	10000	h2_p4_v_n	2	120.688	118.737	10000:2.441000e3
H2	p4	poly10	sep	10000	h2_p4_v_w	2	110.212	109.221	10000:2.441000e3
H2	p4	poly10	sep	10000	h2_p4_u_n	2	122.882	120.907	10000:2.441000e3
H2	p4	poly10	sep	10000	h2_p4_u_w	2	111.878	110.879	10000:2.441000e3
H2	p4	poly10	sep	10000	h2_p4_t_w	3	112.527	111.526	10000:2.441000e3
H2	p4	poly10	sep	10000	h2_p4_v_n	3	121.260	119.231	10000:2.441000e3
H2	p4	poly10	sep	10000	h2_p4_v_w	3	111.044	110.038	10000:2.441000e3
H2	p4	poly10	sep	10000	h2_p4_u_n	3	123.968	121.979	10000:2.441000e3
H2	p4	poly10	sep	10000	h2_p4_u_w	3	111.876	110.886	10000:2.441000e3
H2	p4	poly10	sep	10000	h2_p4_t_n	3	118.089	116.693	10000:2.441000e3
H2	p4	poly10	sep	10000	h2_p4_v_n	4	121.792	119.629	10000:2.441000e3
H2	p4	poly10	sep	10000	h2_p4_v_w	4	110.623	109.619	10000:2.441000e3
H2	p4	poly10	sep	10000	h2_p4_u_n	4	123.076	121.035	10000:2.441000e3
H2	p4	poly10	sep	10000	h2_p4_u_w	4	111.267	110.275	10000:2.441000e3
H2	p4	poly10	sep	10000	h2_p4_t_n	4	118.657	117.281	10000:2.441000e3
H2	p4	poly10	sep	10000	h2_p4_t_w	4	109.598	108.608	10000:2.441000e3
H2	p4	poly10	sep	10000	h2_p4_v_w	5	110.486	109.490	10000:2.441000e3
H2	p4	poly10	sep	10000	h2_p4_u_n	5	125.087	122.800	10000:2.441000e3
H2	p4	poly10	sep	10000	h2_p4_u_w	5	112.279	111.259	10000:2.441000e3
H2	p4	poly10	sep	10000	h2_p4_t_n	5	117.371	115.956	10000:2.441000e3
H2	p4	poly10	sep	10000	h2_p4_t_w	5	110.522	109.519	10000:2.441000e3
H2	p4	poly10	sep	10000	h2_p4_v_n	5	123.215	120.996	10000:2.441000e3
H2	p4	poly10	int	10000	h2_p4_u_w	1	110.205	109.175	10000:2.441000e3
H2	p4	poly10	int	10000	h2_p4_t_n	1	116.435	115.023	10000:2.441000e3
H2	p4	poly10	int	10000	h2_p4_t_w	1	108.767	107.781	10000:2.441000e3
H2	p4	poly10	int	10000	h2_p4_v_n	1	121.097	119.102	10000:2.441000e3
H2	p4	poly10	int	10000	h2_p4_v_w	1	112.259	111.256	10000:2.441000e3
H2	p4	poly10	int	10000	h2_p4_u_n	1	122.099	120.069	10000:2.441000e3
H2	p4	poly10	int	10000	h2_p4_t_n	2	117.810	116.371	10000:2.441000e3
H2	p4	poly10	int	10000	h2_p4_t_w	2	115.925	114.660	10000:2.441000e3
H2	p4	poly10	int	10000	h2_p4_v_n	2	122.259	119.957	10000:2.441000e3
H2	p4	poly10	int	10000	h2_p4_v_w	2	110.932	109.938	10000:2.441000e3
H2	p4	poly10	int	10000	h2_p4_u_n	2	123.581	121.676	10000:2.441000e3
H2	p4	poly10	int	10000	h2_p4_u_w	2	111.088	110.096	10000:2.441000e3
H2	p4	poly10	int	10000	h2_p4_t_w	3	109.267	108.269	10000:2.441000e3
H2	p4	poly10	int	10000	h2_p4_v_n	3	122.058	119.869	10000:2.441000e3
H2	p4	poly10	int	10000	h2_p4_v_w	3	110.667	109.651	10000:2.441000e3
H2	p4	poly10	int	10000	h2_p4_u_n	3	125.087	122.962	10000:2.441000e3
H2	p4	poly10	int	10000	h2_p4_u_w	3	111.447	110.432	10000:2.441000e3
H2	p4	poly10	int	10000	h2_p4_t_n	3	116.842	115.471	10000:2.441000e3
H2	p4	poly10	int	10000	h2_p4_v_n	4	125.577	123.511	10000:2.441000e3
H2	p4	poly10	int	10000	h2_p4_v_w	4	110.312	109.296	10000:2.441000e3
H2	p4	poly10	int	10000	h2_p4_u_n	4	122.781	120.690	10000:2.441000e3
H2	p4	poly10	int	10000	h2_p4_u_w	4	112.349	111.344	10000:2.441000e3
H2	p4	poly10	int	10000	h2_p4_t_n	4	116.215	114.795	10000:2.441000e3
H2	p4	poly10	int	10000	h2_p4_t_w	4	108.997	108.001	10000:2.441000e3
H2	p4	poly10	int	10000	h2_p4_v_w	5	110.973	109.952	10000:2.441000e3
H2	p4	poly10	int	10000	h2_p4_u_n	5	123.299	121.167	10000:2.441000e3
H2	p4	poly10	int	10000	h2_p4_u_w	5	114.025	113.013	10000:2.441000e3
H2	p4	poly10	int	10000	h2_p4_t_n	5	117.932	116.549	10000:2.441000e3
H2	p4	poly10	int	10000	h2_p4_t_w	5	109.763	108.770	10000:2.441000e3
H2	p4	poly10	int	10000	h2_p4_v_n	5	123.272	120.887	10000:2.441000e3
H2	p4	poly10	wkb	10000	h2_p4_u_w	1	108.333	107.370	10000:2.441000e3
H2	p4	poly10	wkb	10000	h2_p4_t_n	1	113.269	111.898	10000:2.441000e3
H2	p4	poly10	wkb	10000	h2_p4_t_w	1	107.274	106.308	10000:2.441000e3
H2	p4	poly10	wkb	10000	h2_p4_v_n	1	124.042	121.883	10000:2.441000e3
H2	p4	poly10	wkb	10000	h2_p4_v_w	1	110.425	109.440	10000:2.441000e3
H2	p4	poly10	wkb	10000	h2_p4_u_n	1	121.138	118.978	10000:2.441000e3
H2	p4	poly10	wkb	10000	h2_p4_t_n	2	117.286	115.839	10000:2.441000e3
H2	p4	poly10	wkb	10000	h2_p4_t_w	2	111.129	110.097	10000:2.441000e3
H2	p4	poly10	wkb	10000	h2_p4_v_n	2	122.632	120.402	10000:2.441000e3
H2	p4	poly10	wkb	10000	h2_p4_v_w	2	113.128	112.102	10000:2.441000e3
H2	p4	poly10	wkb	10000	h2_p4_u_n	2	121.962	119.794	10000:2.441000e3
H2	p4	poly10	wkb	10000	h2_p4_u_w	2	113.806	112.700	10000:2.441000e3
H2	p4	poly10	wkb	10000	h2_p4_t_w	3	108.547	107.573	10000:2.441000e3
H2	p4	poly10	wkb	10000	h2_p4_v_n	3	126.383	124.251	10000:2.441000e3
H2	p4	poly10	wkb	10000	h2_p4_v_w	3	110.275	109.298	10000:2.441000e3
H2	p4	poly10	wkb	10000	h2_p4_u_n	3	124.641	122.221	10000:2.441000e3
H2	p4	poly10	wkb	10000	h2_p4_u_w	3	111.570	110.568	10000:2.441000e3
H2	p4	poly10	wkb	10000	h2_p4_t_n	3	114.715	113.345	10000:2.441000e3
H2	p4	poly10	wkb	10000	h2_p4_v_n	4	122.282	120.184	10000:2.441000e3
H2	p4	poly10	wkb	10000	h2_p4_v_w	4	111.256	110.272	10000:2.441000e3
H2	p4	poly10	wkb	10000	h2_p4_u_n	4	123.029	120.871	10000:2.441000e3
H2	p4	poly10	wkb	10000	h2_p4_u_w	4	110.496	109.507	10000:2.441000e3
H2	p4	poly10	wkb	10000	h2_p4_t_n	4	115.447	114.040	10000:2.441000e3
H2	p4	poly10	wkb	10000	h2_p4_t_w	4	107.450	106.476	10000:2.441000e3
H2	p4	poly10	wkb	10000	h2_p4_v_w	5	109.767	108.772	10000:2.441000e3
H2	p4	poly10	wkb	10000	h2_p4_u_n	5	121.977	119.779	10000:2.441000e3
H2	p4	poly10	wkb	10000	h2_p4_u_w	5	110.720	109.733	10000:2.441000e3
H2	p4	poly10	wkb	10000	h2_p4_t_n	5	113.508	112.153	10000:2.441000e3
H2	p4	poly10	wkb	10000	h2_p4_t_w	5	107.837	106.857	10000:2.441000e3
H2	p4	poly10	wkb	10000	h2_p4_v_n	5	123.119	120.581	10000:2.441000e3
H2	p4	poly100	sep	2000	h2_p4_u_w	1	511.499	510.511	2000:5.100000e2
H2	p4	poly100	sep	2000	h2_p4_t_n	1	527.009	525.669	2000:5.100000e2
H2	p4	poly100	sep	2000	h2_p4_t_w	1	515.785	514.781	2000:5.100000e2
H2	p4	poly100	sep	2000	h2_p4_v_n	1	524.578	522.570	2000:5.100000e2
H2	p4	poly100	sep	2000	h2_p4_v_w	1	509.202	508.204	2000:5.100000e2
H2	p4	poly100	sep	2000	h2_p4_u_n	1	524.931	523.119	2000:5.100000e2
H2	p4	poly100	sep	2000	h2_p4_t_n	2	525.445	524.062	2000:5.100000e2
H2	p4	poly100	sep	2000	h2_p4_t_w	2	516.036	515.046	2000:5.100000e2
H2	p4	poly100	sep	2000	h2_p4_v_n	2	526.918	525.013	2000:5.100000e2
H2	p4	poly100	sep	2000	h2_p4_v_w	2	510.193	509.187	2000:5.100000e2
H2	p4	poly100	sep	2000	h2_p4_u_n	2	535.711	533.837	2000:5.100000e2
H2	p4	poly100	sep	2000	h2_p4_u_w	2	512.507	511.517	2000:5.100000e2
H2	p4	poly100	sep	2000	h2_p4_t_w	3	515.421	514.434	2000:5.100000e2
H2	p4	poly100	sep	2000	h2_p4_v_n	3	525.520	523.597	2000:5.100000e2
H2	p4	poly100	sep	2000	h2_p4_v_w	3	508.803	507.758	2000:5.100000e2
H2	p4	poly100	sep	2000	h2_p4_u_n	3	530.243	528.364	2000:5.100000e2
H2	p4	poly100	sep	2000	h2_p4_u_w	3	510.847	509.847	2000:5.100000e2
H2	p4	poly100	sep	2000	h2_p4_t_n	3	525.643	524.308	2000:5.100000e2
H2	p4	poly100	sep	2000	h2_p4_v_n	4	531.024	529.094	2000:5.100000e2
H2	p4	poly100	sep	2000	h2_p4_v_w	4	514.539	513.508	2000:5.100000e2
H2	p4	poly100	sep	2000	h2_p4_u_n	4	527.964	526.065	2000:5.100000e2
H2	p4	poly100	sep	2000	h2_p4_u_w	4	513.140	512.123	2000:5.100000e2
H2	p4	poly100	sep	2000	h2_p4_t_n	4	534.459	533.114	2000:5.100000e2
H2	p4	poly100	sep	2000	h2_p4_t_w	4	519.759	518.776	2000:5.100000e2
H2	p4	poly100	sep	2000	h2_p4_v_w	5	511.846	510.848	2000:5.100000e2
H2	p4	poly100	sep	2000	h2_p4_u_n	5	525.112	523.127	2000:5.100000e2
H2	p4	poly100	sep	2000	h2_p4_u_w	5	512.721	511.726	2000:5.100000e2
H2	p4	poly100	sep	2000	h2_p4_t_n	5	524.784	523.413	2000:5.100000e2
H2	p4	poly100	sep	2000	h2_p4_t_w	5	516.859	515.864	2000:5.100000e2
H2	p4	poly100	sep	2000	h2_p4_v_n	5	527.335	525.515	2000:5.100000e2
H2	p4	poly100	int	2000	h2_p4_u_w	1	509.192	508.200	2000:5.100000e2
H2	p4	poly100	int	2000	h2_p4_t_n	1	526.852	525.145	2000:5.100000e2
H2	p4	poly100	int	2000	h2_p4_t_w	1	515.803	514.793	2000:5.100000e2
H2	p4	poly100	int	2000	h2_p4_v_n	1	523.637	521.761	2000:5.100000e2
H2	p4	poly100	int	2000	h2_p4_v_w	1	506.821	505.772	2000:5.100000e2
H2	p4	poly100	int	2000	h2_p4_u_n	1	525.216	523.373	2000:5.100000e2
H2	p4	poly100	int	2000	h2_p4_t_n	2	526.540	525.164	2000:5.100000e2
H2	p4	poly100	int	2000	h2_p4_t_w	2	515.864	514.870	2000:5.100000e2
H2	p4	poly100	int	2000	h2_p4_v_n	2	521.610	519.630	2000:5.100000e2
H2	p4	poly100	int	2000	h2_p4_v_w	2	509.940	508.876	2000:5.100000e2
H2	p4	poly100	int	2000	h2_p4_u_n	2	526.184	524.359	2000:5.100000e2
H2	p4	poly100	int	2000	h2_p4_u_w	2	512.641	511.602	2000:5.100000e2
H2	p4	poly100	int	2000	h2_p4_t_w	3	514.579	513.576	2000:5.100000e2
H2	p4	poly100	int	2000	h2_p4_v_n	3	523.489	521.580	2000:5.100000e2
H2	p4	poly100	int	2000	h2_p4_v_w	3	508.205	507.195	2000:5.100000e2
H2	p4	poly100	int	2000	h2_p4_u_n	3	523.192	521.337	2000:5.100000e2
H2	p4	poly100	int	2000	h2_p4_u_w	3	507.675	506.642	2000:5.100000e2
H2	p4	poly100	int	2000	h2_p4_t_n	3	525.511	524.151	2000:5.100000e2
H2	p4	poly100	int	2000	h2_p4_v_n	4	519.818	518.057	2000:5.100000e2
H2	p4	poly100	int	2000	h2_p4_v_w	4	505.820	504.781	2000:5.100000e2
H2	p4	poly100	int	2000	h2_p4_u_n	4	529.095	527.291	2000:5.100000e2
H2	p4	poly100	int	2000	h2_p4_u_w	4	510.450	509.436	2000:5.100000e2
H2	p4	poly100	int	2000	h2_p4_t_n	4	522.534	521.169	2000:5.100000e2
H2	p4	poly100	int	2000	h2_p4_t_w	4	519.673	518.673	2000:5.100000e2
H2	p4	poly100	int	2000	h2_p4_v_w	5	509.367	508.364	2000:5.100000e2
H2	p4	poly100	int	2000	h2_p4_u_n	5	525.449	523.560	2000:5.100000e2
H2	p4	poly100	int	2000	h2_p4_u_w	5	510.564	509.555	2000:5.100000e2
H2	p4	poly100	int	2000	h2_p4_t_n	5	523.253	521.873	2000:5.100000e2
H2	p4	poly100	int	2000	h2_p4_t_w	5	514.933	513.930	2000:5.100000e2
H2	p4	poly100	int	2000	h2_p4_v_n	5	525.374	523.639	2000:5.100000e2
H2	p4	poly100	wkb	2000	h2_p4_u_w	1	507.218	506.242	2000:5.100000e2
H2	p4	poly100	wkb	2000	h2_p4_t_n	1	521.851	520.470	2000:5.100000e2
H2	p4	poly100	wkb	2000	h2_p4_t_w	1	513.902	512.927	2000:5.100000e2
H2	p4	poly100	wkb	2000	h2_p4_v_n	1	525.787	523.500	2000:5.100000e2
H2	p4	poly100	wkb	2000	h2_p4_v_w	1	508.103	507.100	2000:5.100000e2
H2	p4	poly100	wkb	2000	h2_p4_u_n	1	523.327	521.197	2000:5.100000e2
H2	p4	poly100	wkb	2000	h2_p4_t_n	2	525.026	523.646	2000:5.100000e2
H2	p4	poly100	wkb	2000	h2_p4_t_w	2	512.849	511.877	2000:5.100000e2
H2	p4	poly100	wkb	2000	h2_p4_v_n	2	523.419	521.225	2000:5.100000e2
H2	p4	poly100	wkb	2000	h2_p4_v_w	2	531.823	530.802	2000:5.100000e2
H2	p4	poly100	wkb	2000	h2_p4_u_n	2	525.686	523.540	2000:5.100000e2
H2	p4	poly100	wkb	2000	h2_p4_u_w	2	510.432	509.416	2000:5.100000e2
H2	p4	poly100	wkb	2000	h2_p4_t_w	3	516.869	515.866	2000:5.100000e2
H2	p4	poly100	wkb	2000	h2_p4_v_n	3	526.876	524.840	2000:5.100000e2
H2	p4	poly100	wkb	2000	h2_p4_v_w	3	507.935	506.916	2000:5.100000e2
H2	p4	poly100	wkb	2000	h2_p4_u_n	3	523.307	521.257	2000:5.100000e2
H2	p4	poly100	wkb	2000	h2_p4_u_w	3	508.086	507.067	2000:5.100000e2
H2	p4	poly100	wkb	2000	h2_p4_t_n	3	524.346	522.985	2000:5.100000e2
H2	p4	poly100	wkb	2000	h2_p4_v_n	4	523.633	521.654	2000:5.100000e2
H2	p4	poly100	wkb	2000	h2_p4_v_w	4	512.656	511.633	2000:5.100000e2
H2	p4	poly100	wkb	2000	h2_p4_u_n	4	524.440	522.305	2000:5.100000e2
H2	p4	poly100	wkb	2000	h2_p4_u_w	4	511.181	510.143	2000:5.100000e2
H2	p4	poly100	wkb	2000	h2_p4_t_n	4	524.011	522.661	2000:5.100000e2
H2	p4	poly100	wkb	2000	h2_p4_t_w	4	517.448	516.466	2000:5.100000e2
H2	p4	poly100	wkb	2000	h2_p4_v_w	5	507.177	506.186	2000:5.100000e2
H2	p4	poly100	wkb	2000	h2_p4_u_n	5	523.856	521.693	2000:5.100000e2
H2	p4	poly100	wkb	2000	h2_p4_u_w	5	508.025	507.022	2000:5.100000e2
H2	p4	poly100	wkb	2000	h2_p4_t_n	5	527.545	526.178	2000:5.100000e2
H2	p4	poly100	wkb	2000	h2_p4_t_w	5	515.044	514.068	2000:5.100000e2
H2	p4	poly100	wkb	2000	h2_p4_v_n	5	525.749	523.771	2000:5.100000e2
H2	p4	poly1000	sep	200	h2_p4_u_w	1	5384.917	5383.914	200:4.800000e1
H2	p4	poly1000	sep	200	h2_p4_t_n	1	5367.590	5366.231	200:4.800000e1
H2	p4	poly1000	sep	200	h2_p4_t_w	1	5360.875	5359.824	200:4.800000e1
H2	p4	poly1000	sep	200	h2_p4_v_n	1	5367.544	5366.153	200:4.800000e1
H2	p4	poly1000	sep	200	h2_p4_v_w	1	5356.546	5355.522	200:4.800000e1
H2	p4	poly1000	sep	200	h2_p4_u_n	1	5356.524	5355.139	200:4.800000e1
H2	p4	poly1000	sep	200	h2_p4_t_n	2	5395.391	5394.051	200:4.800000e1
H2	p4	poly1000	sep	200	h2_p4_t_w	2	5354.326	5353.323	200:4.800000e1
H2	p4	poly1000	sep	200	h2_p4_v_n	2	5385.360	5384.009	200:4.800000e1
H2	p4	poly1000	sep	200	h2_p4_v_w	2	5344.796	5343.801	200:4.800000e1
H2	p4	poly1000	sep	200	h2_p4_u_n	2	5388.701	5387.340	200:4.800000e1
H2	p4	poly1000	sep	200	h2_p4_u_w	2	5402.445	5401.435	200:4.800000e1
H2	p4	poly1000	sep	200	h2_p4_t_w	3	5350.303	5349.277	200:4.800000e1
H2	p4	poly1000	sep	200	h2_p4_v_n	3	5340.266	5338.901	200:4.800000e1
H2	p4	poly1000	sep	200	h2_p4_v_w	3	5335.249	5334.251	200:4.800000e1
H2	p4	poly1000	sep	200	h2_p4_u_n	3	5334.876	5333.515	200:4.800000e1
H2	p4	poly1000	sep	200	h2_p4_u_w	3	5350.124	5349.104	200:4.800000e1
H2	p4	poly1000	sep	200	h2_p4_t_n	3	5372.660	5371.307	200:4.800000e1
H2	p4	poly1000	sep	200	h2_p4_v_n	4	5335.290	5333.937	200:4.800000e1
H2	p4	poly1000	sep	200	h2_p4_v_w	4	5309.732	5308.699	200:4.800000e1
H2	p4	poly1000	sep	200	h2_p4_u_n	4	5306.071	5304.665	200:4.800000e1
H2	p4	poly1000	sep	200	h2_p4_u_w	4	5295.613	5294.614	200:4.800000e1
H2	p4	poly1000	sep	200	h2_p4_t_n	4	5358.057	5356.725	200:4.800000e1
H2	p4	poly1000	sep	200	h2_p4_t_w	4	5357.051	5356.059	200:4.800000e1
H2	p4	poly1000	sep	200	h2_p4_v_w	5	5332.131	5331.095	200:4.800000e1
H2	p4	poly1000	sep	200	h2_p4_u_n	5	5364.480	5363.107	200:4.800000e1
H2	p4	poly1000	sep	200	h2_p4_u_w	5	5352.931	5351.943	200:4.800000e1
H2	p4	poly1000	sep	200	h2_p4_t_n	5	5345.133	5343.749	200:4.800000e1
H2	p4	poly1000	sep	200	h2_p4_t_w	5	5375.181	5374.189	200:4.800000e1
H2	p4	poly1000	sep	200	h2_p4_v_n	5	5327.272	5325.899	200:4.800000e1
H2	p4	poly1000	int	200	h2_p4_u_w	1	5358.446	5356.791	200:4.800000e1
H2	p4	poly1000	int	200	h2_p4_t_n	1	5337.011	5335.655	200:4.800000e1
H2	p4	poly1000	int	200	h2_p4_t_w	1	5307.848	5306.870	200:4.800000e1
H2	p4	poly1000	int	200	h2_p4_v_n	1	5416.623	5415.292	200:4.800000e1
H2	p4	poly1000	int	200	h2_p4_v_w	1	5374.868	5373.885	200:4.800000e1
H2	p4	poly1000	int	200	h2_p4_u_n	1	5426.023	5424.664	200:4.800000e1
H2	p4	poly1000	int	200	h2_p4_t_n	2	5330.372	5329.031	200:4.800000e1
H2	p4	poly1000	int	200	h2_p4_t_w	2	5329.227	5328.235	200:4.800000e1
H2	p4	poly1000	int	200	h2_p4_v_n	2	5424.052	5422.705	200:4.800000e1
H2	p4	poly1000	int	200	h2_p4_v_w	2	5365.889	5364.402	200:4.800000e1
H2	p4	poly1000	int	200	h2_p4_u_n	2	5401.769	5400.402	200:4.800000e1
H2	p4	poly1000	int	200	h2_p4_u_w	2	5334.668	5333.056	200:4.800000e1
H2	p4	poly1000	int	200	h2_p4_t_w	3	5323.428	5322.412	200:4.800000e1
H2	p4	poly1000	int	200	h2_p4_v_n	3	5407.145	5405.790	200:4.800000e1
H2	p4	poly1000	int	200	h2_p4_v_w	3	5318.927	5317.930	200:4.800000e1
H2	p4	poly1000	int	200	h2_p4_u_n	3	5332.614	5331.246	200:4.800000e1
H2	p4	poly1000	int	200	h2_p4_u_w	3	5359.360	5358.364	200:4.800000e1
H2	p4	poly1000	int	200	h2_p4_t_n	3	5312.843	5311.493	200:4.800000e1
H2	p4	poly1000	int	200	h2_p4_v_n	4	5310.289	5308.958	200:4.800000e1
H2	p4	poly1000	int	200	h2_p4_v_w	4	5322.735	5321.730	200:4.800000e1
H2	p4	poly1000	int	200	h2_p4_u_n	4	5347.610	5346.251	200:4.800000e1
H2	p4	poly1000	int	200	h2_p4_u_w	4	5338.475	5337.478	200:4.800000e1
H2	p4	poly1000	int	200	h2_p4_t_n	4	5312.799	5311.417	200:4.800000e1
H2	p4	poly1000	int	200	h2_p4_t_w	4	5338.569	5337.568	200:4.800000e1
H2	p4	poly1000	int	200	h2_p4_v_w	5	5358.664	5357.219	200:4.800000e1
H2	p4	poly1000	int	200	h2_p4_u_n	5	5338.798	5337.427	200:4.800000e1
H2	p4	poly1000	int	200	h2_p4_u_w	5	5336.627	5335.632	200:4.800000e1
H2	p4	poly1000	int	200	h2_p4_t_n	5	5333.163	5331.828	200:4.800000e1
H2	p4	poly1000	int	200	h2_p4_t_w	5	5327.857	5326.853	200:4.800000e1
H2	p4	poly1000	int	200	h2_p4_v_n	5	5342.657	5341.292	200:4.800000e1
H2	p4	poly1000	wkb	200	h2_p4_u_w	1	5342.114	5340.808	200:4.800000e1
H2	p4	poly1000	wkb	200	h2_p4_t_n	1	5359.266	5357.937	200:4.800000e1
H2	p4	poly1000	wkb	200	h2_p4_t_w	1	5328.924	5327.934	200:4.800000e1
H2	p4	poly1000	wkb	200	h2_p4_v_n	1	5425.096	5423.699	200:4.800000e1
H2	p4	poly1000	wkb	200	h2_p4_v_w	1	5325.744	5324.438	200:4.800000e1
H2	p4	poly1000	wkb	200	h2_p4_u_n	1	5430.112	5428.760	200:4.800000e1
H2	p4	poly1000	wkb	200	h2_p4_t_n	2	5334.814	5333.468	200:4.800000e1
H2	p4	poly1000	wkb	200	h2_p4_t_w	2	5334.448	5333.455	200:4.800000e1
H2	p4	poly1000	wkb	200	h2_p4_v_n	2	5409.422	5408.070	200:4.800000e1
H2	p4	poly1000	wkb	200	h2_p4_v_w	2	5336.791	5335.485	200:4.800000e1
H2	p4	poly1000	wkb	200	h2_p4_u_n	2	5414.478	5413.127	200:4.800000e1
H2	p4	poly1000	wkb	200	h2_p4_u_w	2	5424.705	5423.718	200:4.800000e1
H2	p4	poly1000	wkb	200	h2_p4_t_w	3	5330.762	5329.777	200:4.800000e1
H2	p4	poly1000	wkb	200	h2_p4_v_n	3	5426.632	5425.283	200:4.800000e1
H2	p4	poly1000	wkb	200	h2_p4_v_w	3	5394.144	5392.782	200:4.800000e1
H2	p4	poly1000	wkb	200	h2_p4_u_n	3	5405.186	5403.777	200:4.800000e1
H2	p4	poly1000	wkb	200	h2_p4_u_w	3	5374.214	5372.877	200:4.800000e1
H2	p4	poly1000	wkb	200	h2_p4_t_n	3	5309.206	5307.842	200:4.800000e1
H2	p4	poly1000	wkb	200	h2_p4_v_n	4	5386.848	5385.489	200:4.800000e1
H2	p4	poly1000	wkb	200	h2_p4_v_w	4	5339.562	5338.251	200:4.800000e1
H2	p4	poly1000	wkb	200	h2_p4_u_n	4	5406.981	5405.643	200:4.800000e1
H2	p4	poly1000	wkb	200	h2_p4_u_w	4	5408.052	5407.067	200:4.800000e1
H2	p4	poly1000	wkb	200	h2_p4_t_n	4	5326.573	5325.239	200:4.800000e1
H2	p4	poly1000	wkb	200	h2_p4_t_w	4	5338.357	5337.368	200:4.800000e1
H2	p4	poly1000	wkb	200	h2_p4_v_w	5	5354.094	5352.812	200:4.800000e1
H2	p4	poly1000	wkb	200	h2_p4_u_n	5	5415.314	5413.952	200:4.800000e1
H2	p4	poly1000	wkb	200	h2_p4_u_w	5	5361.238	5359.912	200:4.800000e1
H2	p4	poly1000	wkb	200	h2_p4_t_n	5	5378.872	5377.528	200:4.800000e1
H2	p4	poly1000	wkb	200	h2_p4_t_w	5	5373.432	5372.309	200:4.800000e1
H2	p4	poly1000	wkb	200	h2_p4_v_n	5	5406.548	5405.187	200:4.800000e1
H6	area	points	sep	1000000	u_area	1	68.464	67.725	1000000:0.000000e0
H6	area	points	sep	1000000	g_area	1	0.849	0.000	1000000:0.000000e0
H6	area	points	sep	1000000	g_area	2	2.001	0.000	1000000:0.000000e0
H6	area	points	sep	1000000	u_area	2	61.582	61.053	1000000:0.000000e0
H6	area	points	sep	1000000	u_area	3	60.442	59.728	1000000:0.000000e0
H6	area	points	sep	1000000	g_area	3	0.883	0.000	1000000:0.000000e0
H6	area	points	sep	1000000	g_area	4	0.503	0.000	1000000:0.000000e0
H6	area	points	sep	1000000	u_area	4	60.299	59.894	1000000:0.000000e0
H6	area	points	sep	1000000	u_area	5	60.426	59.747	1000000:0.000000e0
H6	area	points	sep	1000000	g_area	5	0.834	0.000	1000000:0.000000e0
H6	area	points	int	1000000	u_area	1	69.691	68.999	1000000:0.000000e0
H6	area	points	int	1000000	g_area	1	2.347	0.000	1000000:0.000000e0
H6	area	points	int	1000000	g_area	2	1.976	0.000	1000000:0.000000e0
H6	area	points	int	1000000	u_area	2	69.294	68.888	1000000:0.000000e0
H6	area	points	int	1000000	u_area	3	70.700	70.000	1000000:0.000000e0
H6	area	points	int	1000000	g_area	3	2.304	0.000	1000000:0.000000e0
H6	area	points	int	1000000	g_area	4	1.268	0.000	1000000:0.000000e0
H6	area	points	int	1000000	u_area	4	61.704	61.288	1000000:0.000000e0
H6	area	points	int	1000000	u_area	5	61.872	61.186	1000000:0.000000e0
H6	area	points	int	1000000	g_area	5	0.792	0.000	1000000:0.000000e0
H6	area	points	wkb	1000000	u_area	1	42.177	41.538	1000000:0.000000e0
H6	area	points	wkb	1000000	g_area	1	36.005	0.000	1000000:0.000000e0
H6	area	points	wkb	1000000	g_area	2	35.992	0.000	1000000:0.000000e0
H6	area	points	wkb	1000000	u_area	2	42.021	41.576	1000000:0.000000e0
H6	area	points	wkb	1000000	u_area	3	42.097	41.609	1000000:0.000000e0
H6	area	points	wkb	1000000	g_area	3	35.929	0.000	1000000:0.000000e0
H6	area	points	wkb	1000000	g_area	4	36.044	0.000	1000000:0.000000e0
H6	area	points	wkb	1000000	u_area	4	42.332	41.800	1000000:0.000000e0
H6	area	points	wkb	1000000	u_area	5	43.193	42.536	1000000:0.000000e0
H6	area	points	wkb	1000000	g_area	5	35.954	0.000	1000000:0.000000e0
H6	area	poly10	sep	100000	u_area	1	30.056	29.548	100000:2.078528e5
H6	area	poly10	sep	100000	g_area	1	17.884	0.000	100000:2.078528e5
H6	area	poly10	sep	100000	g_area	2	17.780	0.000	100000:2.078528e5
H6	area	poly10	sep	100000	u_area	2	29.818	29.531	100000:2.078528e5
H6	area	poly10	sep	100000	u_area	3	29.856	29.545	100000:2.078528e5
H6	area	poly10	sep	100000	g_area	3	18.498	0.000	100000:2.078528e5
H6	area	poly10	sep	100000	g_area	4	17.791	0.000	100000:2.078528e5
H6	area	poly10	sep	100000	u_area	4	29.712	29.416	100000:2.078528e5
H6	area	poly10	sep	100000	u_area	5	29.824	29.443	100000:2.078528e5
H6	area	poly10	sep	100000	g_area	5	17.799	0.000	100000:2.078528e5
H6	area	poly10	int	100000	u_area	1	31.659	31.167	100000:2.078528e5
H6	area	poly10	int	100000	g_area	1	19.260	0.000	100000:2.078528e5
H6	area	poly10	int	100000	g_area	2	19.390	0.000	100000:2.078528e5
H6	area	poly10	int	100000	u_area	2	31.862	31.292	100000:2.078528e5
H6	area	poly10	int	100000	u_area	3	31.545	31.099	100000:2.078528e5
H6	area	poly10	int	100000	g_area	3	19.372	0.000	100000:2.078528e5
H6	area	poly10	int	100000	g_area	4	19.273	0.000	100000:2.078528e5
H6	area	poly10	int	100000	u_area	4	31.446	31.152	100000:2.078528e5
H6	area	poly10	int	100000	u_area	5	31.500	31.131	100000:2.078528e5
H6	area	poly10	int	100000	g_area	5	19.383	0.000	100000:2.078528e5
H6	area	poly10	wkb	100000	u_area	1	13.842	13.564	100000:2.078528e5
H6	area	poly10	wkb	100000	g_area	1	12.913	0.000	100000:2.078528e5
H6	area	poly10	wkb	100000	g_area	2	13.077	0.000	100000:2.078528e5
H6	area	poly10	wkb	100000	u_area	2	13.798	13.440	100000:2.078528e5
H6	area	poly10	wkb	100000	u_area	3	13.732	13.475	100000:2.078528e5
H6	area	poly10	wkb	100000	g_area	3	12.889	0.000	100000:2.078528e5
H6	area	poly10	wkb	100000	g_area	4	12.816	0.000	100000:2.078528e5
H6	area	poly10	wkb	100000	u_area	4	13.684	13.431	100000:2.078528e5
H6	area	poly10	wkb	100000	u_area	5	13.686	13.447	100000:2.078528e5
H6	area	poly10	wkb	100000	g_area	5	12.896	0.000	100000:2.078528e5
H6	area	poly100	sep	100000	u_area	1	181.692	181.015	100000:2.267650e5
H6	area	poly100	sep	100000	g_area	1	123.348	0.000	100000:2.267650e5
H6	area	poly100	sep	100000	g_area	2	124.671	0.000	100000:2.267650e5
H6	area	poly100	sep	100000	u_area	2	180.159	179.518	100000:2.267650e5
H6	area	poly100	sep	100000	u_area	3	181.091	180.416	100000:2.267650e5
H6	area	poly100	sep	100000	g_area	3	124.246	0.000	100000:2.267650e5
H6	area	poly100	sep	100000	g_area	4	124.886	0.000	100000:2.267650e5
H6	area	poly100	sep	100000	u_area	4	180.659	180.006	100000:2.267650e5
H6	area	poly100	sep	100000	u_area	5	179.901	179.253	100000:2.267650e5
H6	area	poly100	sep	100000	g_area	5	124.487	0.000	100000:2.267650e5
H6	area	poly100	int	100000	u_area	1	199.694	199.042	100000:2.267650e5
H6	area	poly100	int	100000	g_area	1	138.637	0.000	100000:2.267650e5
H6	area	poly100	int	100000	g_area	2	137.510	0.000	100000:2.267650e5
H6	area	poly100	int	100000	u_area	2	195.494	194.805	100000:2.267650e5
H6	area	poly100	int	100000	u_area	3	195.017	194.333	100000:2.267650e5
H6	area	poly100	int	100000	g_area	3	137.044	0.000	100000:2.267650e5
H6	area	poly100	int	100000	g_area	4	138.168	0.000	100000:2.267650e5
H6	area	poly100	int	100000	u_area	4	194.363	193.721	100000:2.267650e5
H6	area	poly100	int	100000	u_area	5	194.500	193.836	100000:2.267650e5
H6	area	poly100	int	100000	g_area	5	138.239	0.000	100000:2.267650e5
H6	area	poly100	wkb	100000	u_area	1	67.803	67.202	100000:2.267650e5
H6	area	poly100	wkb	100000	g_area	1	66.034	0.000	100000:2.267650e5
H6	area	poly100	wkb	100000	g_area	2	66.878	0.000	100000:2.267650e5
H6	area	poly100	wkb	100000	u_area	2	66.989	66.382	100000:2.267650e5
H6	area	poly100	wkb	100000	u_area	3	66.882	66.259	100000:2.267650e5
H6	area	poly100	wkb	100000	g_area	3	66.001	0.000	100000:2.267650e5
H6	area	poly100	wkb	100000	g_area	4	66.171	0.000	100000:2.267650e5
H6	area	poly100	wkb	100000	u_area	4	66.835	66.248	100000:2.267650e5
H6	area	poly100	wkb	100000	u_area	5	66.923	66.325	100000:2.267650e5
H6	area	poly100	wkb	100000	g_area	5	66.325	0.000	100000:2.267650e5
H6	area	poly1000	sep	10000	u_area	1	172.666	172.098	10000:2.269578e4
H6	area	poly1000	sep	10000	g_area	1	118.188	0.000	10000:2.269578e4
H6	area	poly1000	sep	10000	g_area	2	118.378	0.000	10000:2.269578e4
H6	area	poly1000	sep	10000	u_area	2	172.532	171.972	10000:2.269578e4
H6	area	poly1000	sep	10000	u_area	3	171.935	171.388	10000:2.269578e4
H6	area	poly1000	sep	10000	g_area	3	118.015	0.000	10000:2.269578e4
H6	area	poly1000	sep	10000	g_area	4	118.708	0.000	10000:2.269578e4
H6	area	poly1000	sep	10000	u_area	4	173.033	172.455	10000:2.269578e4
H6	area	poly1000	sep	10000	u_area	5	172.309	171.738	10000:2.269578e4
H6	area	poly1000	sep	10000	g_area	5	119.139	0.000	10000:2.269578e4
H6	area	poly1000	int	10000	u_area	1	187.070	186.505	10000:2.269578e4
H6	area	poly1000	int	10000	g_area	1	131.676	0.000	10000:2.269578e4
H6	area	poly1000	int	10000	g_area	2	132.566	0.000	10000:2.269578e4
H6	area	poly1000	int	10000	u_area	2	184.928	184.361	10000:2.269578e4
H6	area	poly1000	int	10000	u_area	3	185.062	184.478	10000:2.269578e4
H6	area	poly1000	int	10000	g_area	3	131.578	0.000	10000:2.269578e4
H6	area	poly1000	int	10000	g_area	4	131.851	0.000	10000:2.269578e4
H6	area	poly1000	int	10000	u_area	4	185.171	184.599	10000:2.269578e4
H6	area	poly1000	int	10000	u_area	5	185.882	185.311	10000:2.269578e4
H6	area	poly1000	int	10000	g_area	5	131.680	0.000	10000:2.269578e4
H6	area	poly1000	wkb	10000	u_area	1	59.157	58.630	10000:2.269578e4
H6	area	poly1000	wkb	10000	g_area	1	59.086	0.000	10000:2.269578e4
H6	area	poly1000	wkb	10000	g_area	2	59.526	0.000	10000:2.269578e4
H6	area	poly1000	wkb	10000	u_area	2	59.452	58.912	10000:2.269578e4
H6	area	poly1000	wkb	10000	u_area	3	59.348	58.824	10000:2.269578e4
H6	area	poly1000	wkb	10000	g_area	3	58.861	0.000	10000:2.269578e4
H6	area	poly1000	wkb	10000	g_area	4	59.112	0.000	10000:2.269578e4
H6	area	poly1000	wkb	10000	u_area	4	59.230	58.659	10000:2.269578e4
H6	area	poly1000	wkb	10000	u_area	5	59.154	58.616	10000:2.269578e4
H6	area	poly1000	wkb	10000	g_area	5	58.973	0.000	10000:2.269578e4
H6	centroid	points	sep	1000000	u_centroid	1	68.175	67.476	1000000:0.000000e0
H6	centroid	points	sep	1000000	g_centroid	1	33.778	0.000	1000000:0.000000e0
H6	centroid	points	sep	1000000	g_centroid	2	33.676	0.000	1000000:0.000000e0
H6	centroid	points	sep	1000000	u_centroid	2	67.985	67.426	1000000:0.000000e0
H6	centroid	points	sep	1000000	u_centroid	3	68.277	67.501	1000000:0.000000e0
H6	centroid	points	sep	1000000	g_centroid	3	33.904	0.000	1000000:0.000000e0
H6	centroid	points	sep	1000000	g_centroid	4	33.745	0.000	1000000:0.000000e0
H6	centroid	points	sep	1000000	u_centroid	4	68.093	67.478	1000000:0.000000e0
H6	centroid	points	sep	1000000	u_centroid	5	68.485	67.747	1000000:0.000000e0
H6	centroid	points	sep	1000000	g_centroid	5	33.788	0.000	1000000:0.000000e0
H6	centroid	points	int	1000000	u_centroid	1	71.661	70.924	1000000:0.000000e0
H6	centroid	points	int	1000000	g_centroid	1	34.108	0.000	1000000:0.000000e0
H6	centroid	points	int	1000000	g_centroid	2	33.979	0.000	1000000:0.000000e0
H6	centroid	points	int	1000000	u_centroid	2	71.533	70.945	1000000:0.000000e0
H6	centroid	points	int	1000000	u_centroid	3	71.681	71.024	1000000:0.000000e0
H6	centroid	points	int	1000000	g_centroid	3	34.115	0.000	1000000:0.000000e0
H6	centroid	points	int	1000000	g_centroid	4	33.894	0.000	1000000:0.000000e0
H6	centroid	points	int	1000000	u_centroid	4	71.486	70.929	1000000:0.000000e0
H6	centroid	points	int	1000000	u_centroid	5	71.523	70.883	1000000:0.000000e0
H6	centroid	points	int	1000000	g_centroid	5	33.994	0.000	1000000:0.000000e0
H6	centroid	points	wkb	1000000	u_centroid	1	49.282	48.615	1000000:0.000000e0
H6	centroid	points	wkb	1000000	g_centroid	1	41.717	0.000	1000000:0.000000e0
H6	centroid	points	wkb	1000000	g_centroid	2	41.209	0.000	1000000:0.000000e0
H6	centroid	points	wkb	1000000	u_centroid	2	49.611	48.900	1000000:0.000000e0
H6	centroid	points	wkb	1000000	u_centroid	3	49.623	48.940	1000000:0.000000e0
H6	centroid	points	wkb	1000000	g_centroid	3	40.810	0.000	1000000:0.000000e0
H6	centroid	points	wkb	1000000	g_centroid	4	40.647	0.000	1000000:0.000000e0
H6	centroid	points	wkb	1000000	u_centroid	4	49.975	49.391	1000000:0.000000e0
H6	centroid	points	wkb	1000000	u_centroid	5	49.486	48.798	1000000:0.000000e0
H6	centroid	points	wkb	1000000	g_centroid	5	40.930	0.000	1000000:0.000000e0
H6	centroid	poly10	sep	100000	u_centroid	1	33.162	32.632	100000:0.000000e0
H6	centroid	poly10	sep	100000	g_centroid	1	20.412	0.000	100000:0.000000e0
H6	centroid	poly10	sep	100000	g_centroid	2	20.257	0.000	100000:0.000000e0
H6	centroid	poly10	sep	100000	u_centroid	2	32.904	32.596	100000:0.000000e0
H6	centroid	poly10	sep	100000	u_centroid	3	32.977	32.556	100000:0.000000e0
H6	centroid	poly10	sep	100000	g_centroid	3	20.438	0.000	100000:0.000000e0
H6	centroid	poly10	sep	100000	g_centroid	4	20.160	0.000	100000:0.000000e0
H6	centroid	poly10	sep	100000	u_centroid	4	32.902	32.594	100000:0.000000e0
H6	centroid	poly10	sep	100000	u_centroid	5	33.012	32.591	100000:0.000000e0
H6	centroid	poly10	sep	100000	g_centroid	5	20.246	0.000	100000:0.000000e0
H6	centroid	poly10	int	100000	u_centroid	1	34.797	34.210	100000:0.000000e0
H6	centroid	poly10	int	100000	g_centroid	1	21.950	0.000	100000:0.000000e0
H6	centroid	poly10	int	100000	g_centroid	2	21.942	0.000	100000:0.000000e0
H6	centroid	poly10	int	100000	u_centroid	2	34.640	34.212	100000:0.000000e0
H6	centroid	poly10	int	100000	u_centroid	3	34.697	34.170	100000:0.000000e0
H6	centroid	poly10	int	100000	g_centroid	3	21.823	0.000	100000:0.000000e0
H6	centroid	poly10	int	100000	g_centroid	4	21.813	0.000	100000:0.000000e0
H6	centroid	poly10	int	100000	u_centroid	4	34.328	34.017	100000:0.000000e0
H6	centroid	poly10	int	100000	u_centroid	5	34.663	34.217	100000:0.000000e0
H6	centroid	poly10	int	100000	g_centroid	5	22.191	0.000	100000:0.000000e0
H6	centroid	poly10	wkb	100000	u_centroid	1	16.831	16.452	100000:0.000000e0
H6	centroid	poly10	wkb	100000	g_centroid	1	15.941	0.000	100000:0.000000e0
H6	centroid	poly10	wkb	100000	g_centroid	2	15.956	0.000	100000:0.000000e0
H6	centroid	poly10	wkb	100000	u_centroid	2	16.690	16.430	100000:0.000000e0
H6	centroid	poly10	wkb	100000	u_centroid	3	16.792	16.530	100000:0.000000e0
H6	centroid	poly10	wkb	100000	g_centroid	3	16.097	0.000	100000:0.000000e0
H6	centroid	poly10	wkb	100000	g_centroid	4	15.867	0.000	100000:0.000000e0
H6	centroid	poly10	wkb	100000	u_centroid	4	16.743	16.413	100000:0.000000e0
H6	centroid	poly10	wkb	100000	u_centroid	5	17.076	16.599	100000:0.000000e0
H6	centroid	poly10	wkb	100000	g_centroid	5	16.143	0.000	100000:0.000000e0
H6	centroid	poly100	sep	100000	u_centroid	1	192.925	192.264	100000:0.000000e0
H6	centroid	poly100	sep	100000	g_centroid	1	136.566	0.000	100000:0.000000e0
H6	centroid	poly100	sep	100000	g_centroid	2	135.935	0.000	100000:0.000000e0
H6	centroid	poly100	sep	100000	u_centroid	2	192.733	192.081	100000:0.000000e0
H6	centroid	poly100	sep	100000	u_centroid	3	192.792	192.121	100000:0.000000e0
H6	centroid	poly100	sep	100000	g_centroid	3	136.609	0.000	100000:0.000000e0
H6	centroid	poly100	sep	100000	g_centroid	4	136.822	0.000	100000:0.000000e0
H6	centroid	poly100	sep	100000	u_centroid	4	193.229	192.583	100000:0.000000e0
H6	centroid	poly100	sep	100000	u_centroid	5	193.227	192.542	100000:0.000000e0
H6	centroid	poly100	sep	100000	g_centroid	5	136.089	0.000	100000:0.000000e0
H6	centroid	poly100	int	100000	u_centroid	1	206.455	205.722	100000:0.000000e0
H6	centroid	poly100	int	100000	g_centroid	1	148.821	0.000	100000:0.000000e0
H6	centroid	poly100	int	100000	g_centroid	2	150.409	0.000	100000:0.000000e0
H6	centroid	poly100	int	100000	u_centroid	2	204.986	204.263	100000:0.000000e0
H6	centroid	poly100	int	100000	u_centroid	3	206.795	206.053	100000:0.000000e0
H6	centroid	poly100	int	100000	g_centroid	3	149.858	0.000	100000:0.000000e0
H6	centroid	poly100	int	100000	g_centroid	4	150.957	0.000	100000:0.000000e0
H6	centroid	poly100	int	100000	u_centroid	4	206.244	205.559	100000:0.000000e0
H6	centroid	poly100	int	100000	u_centroid	5	206.165	205.478	100000:0.000000e0
H6	centroid	poly100	int	100000	g_centroid	5	150.900	0.000	100000:0.000000e0
H6	centroid	poly100	wkb	100000	u_centroid	1	79.912	79.308	100000:0.000000e0
H6	centroid	poly100	wkb	100000	g_centroid	1	78.142	0.000	100000:0.000000e0
H6	centroid	poly100	wkb	100000	g_centroid	2	80.333	0.000	100000:0.000000e0
H6	centroid	poly100	wkb	100000	u_centroid	2	79.596	78.981	100000:0.000000e0
H6	centroid	poly100	wkb	100000	u_centroid	3	79.721	79.108	100000:0.000000e0
H6	centroid	poly100	wkb	100000	g_centroid	3	79.882	0.000	100000:0.000000e0
H6	centroid	poly100	wkb	100000	g_centroid	4	78.110	0.000	100000:0.000000e0
H6	centroid	poly100	wkb	100000	u_centroid	4	81.112	80.408	100000:0.000000e0
H6	centroid	poly100	wkb	100000	u_centroid	5	79.827	79.219	100000:0.000000e0
H6	centroid	poly100	wkb	100000	g_centroid	5	78.288	0.000	100000:0.000000e0
H6	centroid	poly1000	sep	10000	u_centroid	1	181.526	180.929	10000:0.000000e0
H6	centroid	poly1000	sep	10000	g_centroid	1	127.860	0.000	10000:0.000000e0
H6	centroid	poly1000	sep	10000	g_centroid	2	128.091	0.000	10000:0.000000e0
H6	centroid	poly1000	sep	10000	u_centroid	2	181.642	181.050	10000:0.000000e0
H6	centroid	poly1000	sep	10000	u_centroid	3	182.070	181.486	10000:0.000000e0
H6	centroid	poly1000	sep	10000	g_centroid	3	127.839	0.000	10000:0.000000e0
H6	centroid	poly1000	sep	10000	g_centroid	4	127.761	0.000	10000:0.000000e0
H6	centroid	poly1000	sep	10000	u_centroid	4	181.444	180.864	10000:0.000000e0
H6	centroid	poly1000	sep	10000	u_centroid	5	182.078	181.465	10000:0.000000e0
H6	centroid	poly1000	sep	10000	g_centroid	5	128.074	0.000	10000:0.000000e0
H6	centroid	poly1000	int	10000	u_centroid	1	196.079	195.497	10000:0.000000e0
H6	centroid	poly1000	int	10000	g_centroid	1	147.834	0.000	10000:0.000000e0
H6	centroid	poly1000	int	10000	g_centroid	2	142.712	0.000	10000:0.000000e0
H6	centroid	poly1000	int	10000	u_centroid	2	195.716	195.142	10000:0.000000e0
H6	centroid	poly1000	int	10000	u_centroid	3	196.005	195.390	10000:0.000000e0
H6	centroid	poly1000	int	10000	g_centroid	3	142.374	0.000	10000:0.000000e0
H6	centroid	poly1000	int	10000	g_centroid	4	142.196	0.000	10000:0.000000e0
H6	centroid	poly1000	int	10000	u_centroid	4	196.207	195.604	10000:0.000000e0
H6	centroid	poly1000	int	10000	u_centroid	5	195.565	194.991	10000:0.000000e0
H6	centroid	poly1000	int	10000	g_centroid	5	143.294	0.000	10000:0.000000e0
H6	centroid	poly1000	wkb	10000	u_centroid	1	69.396	68.847	10000:0.000000e0
H6	centroid	poly1000	wkb	10000	g_centroid	1	69.557	0.000	10000:0.000000e0
H6	centroid	poly1000	wkb	10000	g_centroid	2	69.666	0.000	10000:0.000000e0
H6	centroid	poly1000	wkb	10000	u_centroid	2	69.660	69.105	10000:0.000000e0
H6	centroid	poly1000	wkb	10000	u_centroid	3	69.598	69.039	10000:0.000000e0
H6	centroid	poly1000	wkb	10000	g_centroid	3	69.302	0.000	10000:0.000000e0
H6	centroid	poly1000	wkb	10000	g_centroid	4	69.926	0.000	10000:0.000000e0
H6	centroid	poly1000	wkb	10000	u_centroid	4	69.926	69.359	10000:0.000000e0
H6	centroid	poly1000	wkb	10000	u_centroid	5	70.921	70.352	10000:0.000000e0
H6	centroid	poly1000	wkb	10000	g_centroid	5	71.698	0.000	10000:0.000000e0
H6	simplify	points	sep	1000000	u_simplify	1	92.699	88.259	1000000:0.000000e0
H6	simplify	points	sep	1000000	u_simplify_same	1	93.022	88.558	1000000:0.000000e0
H6	simplify	points	sep	1000000	g_simplify	1	0.815	0.000	1000000:0.000000e0
H6	simplify	points	sep	1000000	u_simplify_same	2	92.452	88.379	1000000:0.000000e0
H6	simplify	points	sep	1000000	g_simplify	2	0.821	0.000	1000000:0.000000e0
H6	simplify	points	sep	1000000	u_simplify	2	92.405	88.312	1000000:0.000000e0
H6	simplify	points	sep	1000000	g_simplify	3	0.796	0.000	1000000:0.000000e0
H6	simplify	points	sep	1000000	u_simplify	3	92.683	88.553	1000000:0.000000e0
H6	simplify	points	sep	1000000	u_simplify_same	3	93.077	88.546	1000000:0.000000e0
H6	simplify	points	sep	1000000	u_simplify	4	93.781	89.183	1000000:0.000000e0
H6	simplify	points	sep	1000000	u_simplify_same	4	93.186	88.680	1000000:0.000000e0
H6	simplify	points	sep	1000000	g_simplify	4	0.796	0.000	1000000:0.000000e0
H6	simplify	points	sep	1000000	u_simplify_same	5	92.352	88.283	1000000:0.000000e0
H6	simplify	points	sep	1000000	g_simplify	5	0.808	0.000	1000000:0.000000e0
H6	simplify	points	sep	1000000	u_simplify	5	93.405	89.299	1000000:0.000000e0
H6	simplify	points	int	1000000	u_simplify	1	95.315	90.736	1000000:0.000000e0
H6	simplify	points	int	1000000	u_simplify_same	1	95.262	90.715	1000000:0.000000e0
H6	simplify	points	int	1000000	g_simplify	1	0.794	0.000	1000000:0.000000e0
H6	simplify	points	int	1000000	u_simplify_same	2	93.649	89.513	1000000:0.000000e0
H6	simplify	points	int	1000000	g_simplify	2	0.762	0.000	1000000:0.000000e0
H6	simplify	points	int	1000000	u_simplify	2	93.909	89.704	1000000:0.000000e0
H6	simplify	points	int	1000000	g_simplify	3	0.758	0.000	1000000:0.000000e0
H6	simplify	points	int	1000000	u_simplify	3	94.051	89.894	1000000:0.000000e0
H6	simplify	points	int	1000000	u_simplify_same	3	95.145	90.542	1000000:0.000000e0
H6	simplify	points	int	1000000	u_simplify	4	95.981	91.360	1000000:0.000000e0
H6	simplify	points	int	1000000	u_simplify_same	4	93.825	89.318	1000000:0.000000e0
H6	simplify	points	int	1000000	g_simplify	4	0.756	0.000	1000000:0.000000e0
H6	simplify	points	int	1000000	u_simplify_same	5	93.657	89.530	1000000:0.000000e0
H6	simplify	points	int	1000000	g_simplify	5	0.843	0.000	1000000:0.000000e0
H6	simplify	points	int	1000000	u_simplify	5	94.690	90.350	1000000:0.000000e0
H6	simplify	points	wkb	1000000	u_simplify	1	75.005	70.340	1000000:0.000000e0
H6	simplify	points	wkb	1000000	u_simplify_same	1	75.074	70.432	1000000:0.000000e0
H6	simplify	points	wkb	1000000	g_simplify	1	67.261	0.000	1000000:0.000000e0
H6	simplify	points	wkb	1000000	u_simplify_same	2	74.379	69.804	1000000:0.000000e0
H6	simplify	points	wkb	1000000	g_simplify	2	67.378	0.000	1000000:0.000000e0
H6	simplify	points	wkb	1000000	u_simplify	2	74.506	69.897	1000000:0.000000e0
H6	simplify	points	wkb	1000000	g_simplify	3	67.337	0.000	1000000:0.000000e0
H6	simplify	points	wkb	1000000	u_simplify	3	74.843	70.215	1000000:0.000000e0
H6	simplify	points	wkb	1000000	u_simplify_same	3	74.759	70.074	1000000:0.000000e0
H6	simplify	points	wkb	1000000	u_simplify	4	74.766	70.110	1000000:0.000000e0
H6	simplify	points	wkb	1000000	u_simplify_same	4	74.753	70.060	1000000:0.000000e0
H6	simplify	points	wkb	1000000	g_simplify	4	67.610	0.000	1000000:0.000000e0
H6	simplify	points	wkb	1000000	u_simplify_same	5	75.971	71.122	1000000:0.000000e0
H6	simplify	points	wkb	1000000	g_simplify	5	69.423	0.000	1000000:0.000000e0
H6	simplify	points	wkb	1000000	u_simplify	5	75.698	70.613	1000000:0.000000e0
H6	simplify	poly10	sep	100000	u_simplify	1	96.682	95.323	100000:0.000000e0
H6	simplify	poly10	sep	100000	u_simplify_same	1	95.722	94.958	100000:0.000000e0
H6	simplify	poly10	sep	100000	g_simplify	1	80.030	0.000	100000:0.000000e0
H6	simplify	poly10	sep	100000	u_simplify_same	2	96.286	95.631	100000:0.000000e0
H6	simplify	poly10	sep	100000	g_simplify	2	79.286	0.000	100000:0.000000e0
H6	simplify	poly10	sep	100000	u_simplify	2	96.913	95.567	100000:0.000000e0
H6	simplify	poly10	sep	100000	g_simplify	3	80.418	0.000	100000:0.000000e0
H6	simplify	poly10	sep	100000	u_simplify	3	97.974	96.543	100000:0.000000e0
H6	simplify	poly10	sep	100000	u_simplify_same	3	95.662	94.995	100000:0.000000e0
H6	simplify	poly10	sep	100000	u_simplify	4	96.795	95.431	100000:0.000000e0
H6	simplify	poly10	sep	100000	u_simplify_same	4	96.091	95.432	100000:0.000000e0
H6	simplify	poly10	sep	100000	g_simplify	4	79.909	0.000	100000:0.000000e0
H6	simplify	poly10	sep	100000	u_simplify_same	5	96.800	96.088	100000:0.000000e0
H6	simplify	poly10	sep	100000	g_simplify	5	80.291	0.000	100000:0.000000e0
H6	simplify	poly10	sep	100000	u_simplify	5	96.493	95.125	100000:0.000000e0
H6	simplify	poly10	int	100000	u_simplify	1	99.249	97.892	100000:0.000000e0
H6	simplify	poly10	int	100000	u_simplify_same	1	99.771	99.135	100000:0.000000e0
H6	simplify	poly10	int	100000	g_simplify	1	82.006	0.000	100000:0.000000e0
H6	simplify	poly10	int	100000	u_simplify_same	2	98.164	97.537	100000:0.000000e0
H6	simplify	poly10	int	100000	g_simplify	2	82.495	0.000	100000:0.000000e0
H6	simplify	poly10	int	100000	u_simplify	2	99.492	98.059	100000:0.000000e0
H6	simplify	poly10	int	100000	g_simplify	3	82.713	0.000	100000:0.000000e0
H6	simplify	poly10	int	100000	u_simplify	3	98.952	97.584	100000:0.000000e0
H6	simplify	poly10	int	100000	u_simplify_same	3	98.113	97.467	100000:0.000000e0
H6	simplify	poly10	int	100000	u_simplify	4	100.812	99.358	100000:0.000000e0
H6	simplify	poly10	int	100000	u_simplify_same	4	99.055	98.354	100000:0.000000e0
H6	simplify	poly10	int	100000	g_simplify	4	82.266	0.000	100000:0.000000e0
H6	simplify	poly10	int	100000	u_simplify_same	5	97.621	96.966	100000:0.000000e0
H6	simplify	poly10	int	100000	g_simplify	5	81.089	0.000	100000:0.000000e0
H6	simplify	poly10	int	100000	u_simplify	5	99.906	98.524	100000:0.000000e0
H6	simplify	poly10	wkb	100000	u_simplify	1	86.241	84.850	100000:0.000000e0
H6	simplify	poly10	wkb	100000	u_simplify_same	1	86.244	84.897	100000:0.000000e0
H6	simplify	poly10	wkb	100000	g_simplify	1	83.052	0.000	100000:0.000000e0
H6	simplify	poly10	wkb	100000	u_simplify_same	2	90.267	88.798	100000:0.000000e0
H6	simplify	poly10	wkb	100000	g_simplify	2	82.347	0.000	100000:0.000000e0
H6	simplify	poly10	wkb	100000	u_simplify	2	85.362	84.004	100000:0.000000e0
H6	simplify	poly10	wkb	100000	g_simplify	3	82.713	0.000	100000:0.000000e0
H6	simplify	poly10	wkb	100000	u_simplify	3	84.824	83.468	100000:0.000000e0
H6	simplify	poly10	wkb	100000	u_simplify_same	3	84.790	83.443	100000:0.000000e0
H6	simplify	poly10	wkb	100000	u_simplify	4	84.895	83.559	100000:0.000000e0
H6	simplify	poly10	wkb	100000	u_simplify_same	4	84.631	83.299	100000:0.000000e0
H6	simplify	poly10	wkb	100000	g_simplify	4	82.440	0.000	100000:0.000000e0
H6	simplify	poly10	wkb	100000	u_simplify_same	5	84.719	83.364	100000:0.000000e0
H6	simplify	poly10	wkb	100000	g_simplify	5	82.167	0.000	100000:0.000000e0
H6	simplify	poly10	wkb	100000	u_simplify	5	85.708	84.331	100000:0.000000e0
H6	simplify	poly100	sep	100000	u_simplify	1	956.839	955.190	100000:0.000000e0
H6	simplify	poly100	sep	100000	u_simplify_same	1	954.125	953.312	100000:0.000000e0
H6	simplify	poly100	sep	100000	g_simplify	1	896.607	0.000	100000:0.000000e0
H6	simplify	poly100	sep	100000	u_simplify_same	2	949.433	948.623	100000:0.000000e0
H6	simplify	poly100	sep	100000	g_simplify	2	904.642	0.000	100000:0.000000e0
H6	simplify	poly100	sep	100000	u_simplify	2	941.497	939.846	100000:0.000000e0
H6	simplify	poly100	sep	100000	g_simplify	3	892.583	0.000	100000:0.000000e0
H6	simplify	poly100	sep	100000	u_simplify	3	942.069	940.472	100000:0.000000e0
H6	simplify	poly100	sep	100000	u_simplify_same	3	955.801	954.953	100000:0.000000e0
H6	simplify	poly100	sep	100000	u_simplify	4	941.398	939.764	100000:0.000000e0
H6	simplify	poly100	sep	100000	u_simplify_same	4	956.979	956.077	100000:0.000000e0
H6	simplify	poly100	sep	100000	g_simplify	4	894.395	0.000	100000:0.000000e0
H6	simplify	poly100	sep	100000	u_simplify_same	5	948.169	947.354	100000:0.000000e0
H6	simplify	poly100	sep	100000	g_simplify	5	888.748	0.000	100000:0.000000e0
H6	simplify	poly100	sep	100000	u_simplify	5	939.381	937.740	100000:0.000000e0
H6	simplify	poly100	int	100000	u_simplify	1	953.246	951.581	100000:0.000000e0
H6	simplify	poly100	int	100000	u_simplify_same	1	976.007	975.180	100000:0.000000e0
H6	simplify	poly100	int	100000	g_simplify	1	914.630	0.000	100000:0.000000e0
H6	simplify	poly100	int	100000	u_simplify_same	2	969.112	968.268	100000:0.000000e0
H6	simplify	poly100	int	100000	g_simplify	2	906.034	0.000	100000:0.000000e0
H6	simplify	poly100	int	100000	u_simplify	2	954.418	952.771	100000:0.000000e0
H6	simplify	poly100	int	100000	g_simplify	3	914.635	0.000	100000:0.000000e0
H6	simplify	poly100	int	100000	u_simplify	3	954.254	952.618	100000:0.000000e0
H6	simplify	poly100	int	100000	u_simplify_same	3	964.501	963.678	100000:0.000000e0
H6	simplify	poly100	int	100000	u_simplify	4	955.362	953.725	100000:0.000000e0
H6	simplify	poly100	int	100000	u_simplify_same	4	961.075	960.232	100000:0.000000e0
H6	simplify	poly100	int	100000	g_simplify	4	905.504	0.000	100000:0.000000e0
H6	simplify	poly100	int	100000	u_simplify_same	5	963.003	962.144	100000:0.000000e0
H6	simplify	poly100	int	100000	g_simplify	5	897.461	0.000	100000:0.000000e0
H6	simplify	poly100	int	100000	u_simplify	5	958.713	957.068	100000:0.000000e0
H6	simplify	poly100	wkb	100000	u_simplify	1	842.996	841.413	100000:0.000000e0
H6	simplify	poly100	wkb	100000	u_simplify_same	1	842.730	841.153	100000:0.000000e0
H6	simplify	poly100	wkb	100000	g_simplify	1	843.437	0.000	100000:0.000000e0
H6	simplify	poly100	wkb	100000	u_simplify_same	2	842.556	840.970	100000:0.000000e0
H6	simplify	poly100	wkb	100000	g_simplify	2	843.824	0.000	100000:0.000000e0
H6	simplify	poly100	wkb	100000	u_simplify	2	842.776	841.167	100000:0.000000e0
H6	simplify	poly100	wkb	100000	g_simplify	3	845.374	0.000	100000:0.000000e0
H6	simplify	poly100	wkb	100000	u_simplify	3	840.488	838.865	100000:0.000000e0
H6	simplify	poly100	wkb	100000	u_simplify_same	3	852.196	850.579	100000:0.000000e0
H6	simplify	poly100	wkb	100000	u_simplify	4	841.007	839.410	100000:0.000000e0
H6	simplify	poly100	wkb	100000	u_simplify_same	4	846.741	845.135	100000:0.000000e0
H6	simplify	poly100	wkb	100000	g_simplify	4	842.408	0.000	100000:0.000000e0
H6	simplify	poly100	wkb	100000	u_simplify_same	5	840.855	839.248	100000:0.000000e0
H6	simplify	poly100	wkb	100000	g_simplify	5	845.001	0.000	100000:0.000000e0
H6	simplify	poly100	wkb	100000	u_simplify	5	838.565	836.947	100000:0.000000e0
H6	simplify	poly1000	sep	10000	u_simplify	1	1126.179	1125.146	10000:0.000000e0
H6	simplify	poly1000	sep	10000	u_simplify_same	1	1123.740	1123.127	10000:0.000000e0
H6	simplify	poly1000	sep	10000	g_simplify	1	1061.101	0.000	10000:0.000000e0
H6	simplify	poly1000	sep	10000	u_simplify_same	2	1117.884	1117.264	10000:0.000000e0
H6	simplify	poly1000	sep	10000	g_simplify	2	1064.997	0.000	10000:0.000000e0
H6	simplify	poly1000	sep	10000	u_simplify	2	1119.720	1118.692	10000:0.000000e0
H6	simplify	poly1000	sep	10000	g_simplify	3	1070.348	0.000	10000:0.000000e0
H6	simplify	poly1000	sep	10000	u_simplify	3	1122.502	1121.468	10000:0.000000e0
H6	simplify	poly1000	sep	10000	u_simplify_same	3	1124.001	1123.383	10000:0.000000e0
H6	simplify	poly1000	sep	10000	u_simplify	4	1122.357	1121.331	10000:0.000000e0
H6	simplify	poly1000	sep	10000	u_simplify_same	4	1122.505	1121.875	10000:0.000000e0
H6	simplify	poly1000	sep	10000	g_simplify	4	1062.768	0.000	10000:0.000000e0
H6	simplify	poly1000	sep	10000	u_simplify_same	5	1118.591	1117.955	10000:0.000000e0
H6	simplify	poly1000	sep	10000	g_simplify	5	1066.596	0.000	10000:0.000000e0
H6	simplify	poly1000	sep	10000	u_simplify	5	1117.997	1116.965	10000:0.000000e0
H6	simplify	poly1000	int	10000	u_simplify	1	1140.512	1139.467	10000:0.000000e0
H6	simplify	poly1000	int	10000	u_simplify_same	1	1132.129	1131.529	10000:0.000000e0
H6	simplify	poly1000	int	10000	g_simplify	1	1085.939	0.000	10000:0.000000e0
H6	simplify	poly1000	int	10000	u_simplify_same	2	1143.563	1142.950	10000:0.000000e0
H6	simplify	poly1000	int	10000	g_simplify	2	1090.631	0.000	10000:0.000000e0
H6	simplify	poly1000	int	10000	u_simplify	2	1138.848	1137.781	10000:0.000000e0
H6	simplify	poly1000	int	10000	g_simplify	3	1096.669	0.000	10000:0.000000e0
H6	simplify	poly1000	int	10000	u_simplify	3	1136.742	1135.694	10000:0.000000e0
H6	simplify	poly1000	int	10000	u_simplify_same	3	1145.759	1145.154	10000:0.000000e0
H6	simplify	poly1000	int	10000	u_simplify	4	1141.560	1140.526	10000:0.000000e0
H6	simplify	poly1000	int	10000	u_simplify_same	4	1135.262	1134.627	10000:0.000000e0
H6	simplify	poly1000	int	10000	g_simplify	4	1087.516	0.000	10000:0.000000e0
H6	simplify	poly1000	int	10000	u_simplify_same	5	1132.818	1132.199	10000:0.000000e0
H6	simplify	poly1000	int	10000	g_simplify	5	1081.854	0.000	10000:0.000000e0
H6	simplify	poly1000	int	10000	u_simplify	5	1135.159	1134.117	10000:0.000000e0
H6	simplify	poly1000	wkb	10000	u_simplify	1	1011.689	1010.685	10000:0.000000e0
H6	simplify	poly1000	wkb	10000	u_simplify_same	1	1009.797	1008.786	10000:0.000000e0
H6	simplify	poly1000	wkb	10000	g_simplify	1	1009.116	0.000	10000:0.000000e0
H6	simplify	poly1000	wkb	10000	u_simplify_same	2	1008.272	1007.278	10000:0.000000e0
H6	simplify	poly1000	wkb	10000	g_simplify	2	1009.005	0.000	10000:0.000000e0
H6	simplify	poly1000	wkb	10000	u_simplify	2	1010.281	1009.279	10000:0.000000e0
H6	simplify	poly1000	wkb	10000	g_simplify	3	1008.437	0.000	10000:0.000000e0
H6	simplify	poly1000	wkb	10000	u_simplify	3	1008.175	1007.188	10000:0.000000e0
H6	simplify	poly1000	wkb	10000	u_simplify_same	3	1012.729	1011.734	10000:0.000000e0
H6	simplify	poly1000	wkb	10000	u_simplify	4	1010.134	1009.120	10000:0.000000e0
H6	simplify	poly1000	wkb	10000	u_simplify_same	4	1009.548	1008.544	10000:0.000000e0
H6	simplify	poly1000	wkb	10000	g_simplify	4	1012.435	0.000	10000:0.000000e0
H6	simplify	poly1000	wkb	10000	u_simplify_same	5	1016.076	1015.065	10000:0.000000e0
H6	simplify	poly1000	wkb	10000	g_simplify	5	1010.682	0.000	10000:0.000000e0
H6	simplify	poly1000	wkb	10000	u_simplify	5	1011.362	1010.354	10000:0.000000e0
H6	intersects	points	sep	100000	u_intersectsrelate_aa	1	782.659	781.948	100000:2.486200e4
H6	intersects	points	sep	100000	e_intersects_aa	1	129.779	129.103	100000:2.486200e4
H6	intersects	points	sep	100000	u_intersects_aa	1	188.828	188.156	100000:2.486200e4
H6	intersects	points	sep	100000	g_intersects_aa	1	732.280	0.000	100000:2.486200e4
H6	intersects	points	sep	100000	e_intersects_aa	2	129.663	128.960	100000:2.486200e4
H6	intersects	points	sep	100000	u_intersects_aa	2	188.694	188.039	100000:2.486200e4
H6	intersects	points	sep	100000	g_intersects_aa	2	727.768	0.000	100000:2.486200e4
H6	intersects	points	sep	100000	u_intersectsrelate_aa	2	789.056	788.331	100000:2.486200e4
H6	intersects	points	sep	100000	u_intersects_aa	3	188.727	188.044	100000:2.486200e4
H6	intersects	points	sep	100000	g_intersects_aa	3	724.394	0.000	100000:2.486200e4
H6	intersects	points	sep	100000	u_intersectsrelate_aa	3	782.866	782.148	100000:2.486200e4
H6	intersects	points	sep	100000	e_intersects_aa	3	129.672	129.000	100000:2.486200e4
H6	intersects	points	sep	100000	g_intersects_aa	4	722.198	0.000	100000:2.486200e4
H6	intersects	points	sep	100000	u_intersectsrelate_aa	4	787.242	786.492	100000:2.486200e4
H6	intersects	points	sep	100000	e_intersects_aa	4	130.076	129.404	100000:2.486200e4
H6	intersects	points	sep	100000	u_intersects_aa	4	188.912	188.230	100000:2.486200e4
H6	intersects	points	sep	100000	u_intersectsrelate_aa	5	782.517	781.790	100000:2.486200e4
H6	intersects	points	sep	100000	e_intersects_aa	5	129.935	129.255	100000:2.486200e4
H6	intersects	points	sep	100000	u_intersects_aa	5	189.294	188.637	100000:2.486200e4
H6	intersects	points	sep	100000	g_intersects_aa	5	725.052	0.000	100000:2.486200e4
H6	intersects	points	int	100000	u_intersectsrelate_aa	1	794.438	793.690	100000:2.486200e4
H6	intersects	points	int	100000	e_intersects_aa	1	143.049	142.382	100000:2.486200e4
H6	intersects	points	int	100000	u_intersects_aa	1	201.103	200.433	100000:2.486200e4
H6	intersects	points	int	100000	g_intersects_aa	1	739.315	0.000	100000:2.486200e4
H6	intersects	points	int	100000	e_intersects_aa	2	143.214	142.588	100000:2.486200e4
H6	intersects	points	int	100000	u_intersects_aa	2	201.121	200.456	100000:2.486200e4
H6	intersects	points	int	100000	g_intersects_aa	2	746.164	0.000	100000:2.486200e4
H6	intersects	points	int	100000	u_intersectsrelate_aa	2	792.989	792.314	100000:2.486200e4
H6	intersects	points	int	100000	u_intersects_aa	3	201.472	200.780	100000:2.486200e4
H6	intersects	points	int	100000	g_intersects_aa	3	737.923	0.000	100000:2.486200e4
H6	intersects	points	int	100000	u_intersectsrelate_aa	3	794.384	793.674	100000:2.486200e4
H6	intersects	points	int	100000	e_intersects_aa	3	142.641	141.961	100000:2.486200e4
H6	intersects	points	int	100000	g_intersects_aa	4	736.842	0.000	100000:2.486200e4
H6	intersects	points	int	100000	u_intersectsrelate_aa	4	793.797	793.104	100000:2.486200e4
H6	intersects	points	int	100000	e_intersects_aa	4	142.712	142.049	100000:2.486200e4
H6	intersects	points	int	100000	u_intersects_aa	4	200.124	199.459	100000:2.486200e4
H6	intersects	points	int	100000	u_intersectsrelate_aa	5	789.441	788.718	100000:2.486200e4
H6	intersects	points	int	100000	e_intersects_aa	5	142.114	141.436	100000:2.486200e4
H6	intersects	points	int	100000	u_intersects_aa	5	200.945	200.265	100000:2.486200e4
H6	intersects	points	int	100000	g_intersects_aa	5	731.406	0.000	100000:2.486200e4
H6	intersects	points	wkb	100000	u_intersectsrelate_aa	1	675.160	674.498	100000:2.486200e4
H6	intersects	points	wkb	100000	e_intersects_aa	1	71.799	71.169	100000:2.486200e4
H6	intersects	points	wkb	100000	u_intersects_aa	1	73.198	72.552	100000:2.486200e4
H6	intersects	points	wkb	100000	g_intersects_aa	1	670.882	0.000	100000:2.486200e4
H6	intersects	points	wkb	100000	e_intersects_aa	2	72.255	71.628	100000:2.486200e4
H6	intersects	points	wkb	100000	u_intersects_aa	2	73.588	72.983	100000:2.486200e4
H6	intersects	points	wkb	100000	g_intersects_aa	2	678.458	0.000	100000:2.486200e4
H6	intersects	points	wkb	100000	u_intersectsrelate_aa	2	678.034	677.387	100000:2.486200e4
H6	intersects	points	wkb	100000	u_intersects_aa	3	73.521	72.914	100000:2.486200e4
H6	intersects	points	wkb	100000	g_intersects_aa	3	672.933	0.000	100000:2.486200e4
H6	intersects	points	wkb	100000	u_intersectsrelate_aa	3	678.466	677.797	100000:2.486200e4
H6	intersects	points	wkb	100000	e_intersects_aa	3	72.011	71.404	100000:2.486200e4
H6	intersects	points	wkb	100000	g_intersects_aa	4	678.969	0.000	100000:2.486200e4
H6	intersects	points	wkb	100000	u_intersectsrelate_aa	4	673.327	672.674	100000:2.486200e4
H6	intersects	points	wkb	100000	e_intersects_aa	4	73.614	72.976	100000:2.486200e4
H6	intersects	points	wkb	100000	u_intersects_aa	4	73.164	72.544	100000:2.486200e4
H6	intersects	points	wkb	100000	u_intersectsrelate_aa	5	677.367	676.711	100000:2.486200e4
H6	intersects	points	wkb	100000	e_intersects_aa	5	71.864	71.253	100000:2.486200e4
H6	intersects	points	wkb	100000	u_intersects_aa	5	73.263	72.665	100000:2.486200e4
H6	intersects	points	wkb	100000	g_intersects_aa	5	679.104	0.000	100000:2.486200e4
H6	intersects	poly10	sep	100000	u_intersectsrelate_aa	1	914.252	913.519	100000:2.487300e4
H6	intersects	poly10	sep	100000	e_intersects_aa	1	226.087	225.362	100000:2.487300e4
H6	intersects	poly10	sep	100000	u_intersects_aa	1	290.561	289.871	100000:2.487300e4
H6	intersects	poly10	sep	100000	g_intersects_aa	1	848.649	0.000	100000:2.487300e4
H6	intersects	poly10	sep	100000	e_intersects_aa	2	221.998	221.357	100000:2.487300e4
H6	intersects	poly10	sep	100000	u_intersects_aa	2	290.847	290.153	100000:2.487300e4
H6	intersects	poly10	sep	100000	g_intersects_aa	2	858.790	0.000	100000:2.487300e4
H6	intersects	poly10	sep	100000	u_intersectsrelate_aa	2	903.964	903.287	100000:2.487300e4
H6	intersects	poly10	sep	100000	u_intersects_aa	3	289.632	288.956	100000:2.487300e4
H6	intersects	poly10	sep	100000	g_intersects_aa	3	847.032	0.000	100000:2.487300e4
H6	intersects	poly10	sep	100000	u_intersectsrelate_aa	3	912.700	912.002	100000:2.487300e4
H6	intersects	poly10	sep	100000	e_intersects_aa	3	221.895	221.258	100000:2.487300e4
H6	intersects	poly10	sep	100000	g_intersects_aa	4	839.855	0.000	100000:2.487300e4
H6	intersects	poly10	sep	100000	u_intersectsrelate_aa	4	902.896	902.209	100000:2.487300e4
H6	intersects	poly10	sep	100000	e_intersects_aa	4	222.303	221.649	100000:2.487300e4
H6	intersects	poly10	sep	100000	u_intersects_aa	4	290.050	289.358	100000:2.487300e4
H6	intersects	poly10	sep	100000	u_intersectsrelate_aa	5	906.675	905.957	100000:2.487300e4
H6	intersects	poly10	sep	100000	e_intersects_aa	5	222.179	221.511	100000:2.487300e4
H6	intersects	poly10	sep	100000	u_intersects_aa	5	290.403	289.706	100000:2.487300e4
H6	intersects	poly10	sep	100000	g_intersects_aa	5	848.346	0.000	100000:2.487300e4
H6	intersects	poly10	int	100000	u_intersectsrelate_aa	1	928.263	927.523	100000:2.487300e4
H6	intersects	poly10	int	100000	e_intersects_aa	1	237.354	236.719	100000:2.487300e4
H6	intersects	poly10	int	100000	u_intersects_aa	1	306.774	306.112	100000:2.487300e4
H6	intersects	poly10	int	100000	g_intersects_aa	1	862.355	0.000	100000:2.487300e4
H6	intersects	poly10	int	100000	e_intersects_aa	2	237.606	236.917	100000:2.487300e4
H6	intersects	poly10	int	100000	u_intersects_aa	2	306.775	306.086	100000:2.487300e4
H6	intersects	poly10	int	100000	g_intersects_aa	2	868.570	0.000	100000:2.487300e4
H6	intersects	poly10	int	100000	u_intersectsrelate_aa	2	932.852	932.171	100000:2.487300e4
H6	intersects	poly10	int	100000	u_intersects_aa	3	308.842	308.159	100000:2.487300e4
H6	intersects	poly10	int	100000	g_intersects_aa	3	865.333	0.000	100000:2.487300e4
H6	intersects	poly10	int	100000	u_intersectsrelate_aa	3	924.381	923.655	100000:2.487300e4
H6	intersects	poly10	int	100000	e_intersects_aa	3	237.997	237.308	100000:2.487300e4
H6	intersects	poly10	int	100000	g_intersects_aa	4	865.799	0.000	100000:2.487300e4
H6	intersects	poly10	int	100000	u_intersectsrelate_aa	4	929.428	928.723	100000:2.487300e4
H6	intersects	poly10	int	100000	e_intersects_aa	4	237.628	236.956	100000:2.487300e4
H6	intersects	poly10	int	100000	u_intersects_aa	4	307.014	306.313	100000:2.487300e4
H6	intersects	poly10	int	100000	u_intersectsrelate_aa	5	927.291	926.566	100000:2.487300e4
H6	intersects	poly10	int	100000	e_intersects_aa	5	237.270	236.583	100000:2.487300e4
H6	intersects	poly10	int	100000	u_intersects_aa	5	307.275	306.590	100000:2.487300e4
H6	intersects	poly10	int	100000	g_intersects_aa	5	880.738	0.000	100000:2.487300e4
H6	intersects	poly10	wkb	100000	u_intersectsrelate_aa	1	775.373	774.711	100000:2.487300e4
H6	intersects	poly10	wkb	100000	e_intersects_aa	1	157.979	157.375	100000:2.487300e4
H6	intersects	poly10	wkb	100000	u_intersects_aa	1	161.577	160.939	100000:2.487300e4
H6	intersects	poly10	wkb	100000	g_intersects_aa	1	786.384	0.000	100000:2.487300e4
H6	intersects	poly10	wkb	100000	e_intersects_aa	2	157.892	157.241	100000:2.487300e4
H6	intersects	poly10	wkb	100000	u_intersects_aa	2	161.682	161.052	100000:2.487300e4
H6	intersects	poly10	wkb	100000	g_intersects_aa	2	785.505	0.000	100000:2.487300e4
H6	intersects	poly10	wkb	100000	u_intersectsrelate_aa	2	786.050	785.380	100000:2.487300e4
H6	intersects	poly10	wkb	100000	u_intersects_aa	3	161.864	161.260	100000:2.487300e4
H6	intersects	poly10	wkb	100000	g_intersects_aa	3	789.418	0.000	100000:2.487300e4
H6	intersects	poly10	wkb	100000	u_intersectsrelate_aa	3	780.488	779.816	100000:2.487300e4
H6	intersects	poly10	wkb	100000	e_intersects_aa	3	157.930	157.302	100000:2.487300e4
H6	intersects	poly10	wkb	100000	g_intersects_aa	4	785.421	0.000	100000:2.487300e4
H6	intersects	poly10	wkb	100000	u_intersectsrelate_aa	4	778.310	777.603	100000:2.487300e4
H6	intersects	poly10	wkb	100000	e_intersects_aa	4	159.999	159.318	100000:2.487300e4
H6	intersects	poly10	wkb	100000	u_intersects_aa	4	161.607	160.947	100000:2.487300e4
H6	intersects	poly10	wkb	100000	u_intersectsrelate_aa	5	783.460	782.719	100000:2.487300e4
H6	intersects	poly10	wkb	100000	e_intersects_aa	5	157.775	157.148	100000:2.487300e4
H6	intersects	poly10	wkb	100000	u_intersects_aa	5	166.448	165.794	100000:2.487300e4
H6	intersects	poly10	wkb	100000	g_intersects_aa	5	785.946	0.000	100000:2.487300e4
H6	intersects	poly100	sep	20000	u_intersectsrelate_aa	1	379.435	378.821	20000:5.085000e3
H6	intersects	poly100	sep	20000	e_intersects_aa	1	181.722	181.125	20000:5.085000e3
H6	intersects	poly100	sep	20000	u_intersects_aa	1	215.171	214.554	20000:5.085000e3
H6	intersects	poly100	sep	20000	g_intersects_aa	1	358.211	0.000	20000:5.085000e3
H6	intersects	poly100	sep	20000	e_intersects_aa	2	181.695	181.086	20000:5.085000e3
H6	intersects	poly100	sep	20000	u_intersects_aa	2	211.251	210.630	20000:5.085000e3
H6	intersects	poly100	sep	20000	g_intersects_aa	2	355.165	0.000	20000:5.085000e3
H6	intersects	poly100	sep	20000	u_intersectsrelate_aa	2	379.154	378.537	20000:5.085000e3
H6	intersects	poly100	sep	20000	u_intersects_aa	3	210.515	209.900	20000:5.085000e3
H6	intersects	poly100	sep	20000	g_intersects_aa	3	352.768	0.000	20000:5.085000e3
H6	intersects	poly100	sep	20000	u_intersectsrelate_aa	3	378.633	378.025	20000:5.085000e3
H6	intersects	poly100	sep	20000	e_intersects_aa	3	182.428	181.834	20000:5.085000e3
H6	intersects	poly100	sep	20000	g_intersects_aa	4	356.857	0.000	20000:5.085000e3
H6	intersects	poly100	sep	20000	u_intersectsrelate_aa	4	382.100	381.496	20000:5.085000e3
H6	intersects	poly100	sep	20000	e_intersects_aa	4	181.371	180.780	20000:5.085000e3
H6	intersects	poly100	sep	20000	u_intersects_aa	4	210.758	210.130	20000:5.085000e3
H6	intersects	poly100	sep	20000	u_intersectsrelate_aa	5	382.344	381.719	20000:5.085000e3
H6	intersects	poly100	sep	20000	e_intersects_aa	5	181.358	180.749	20000:5.085000e3
H6	intersects	poly100	sep	20000	u_intersects_aa	5	210.766	210.155	20000:5.085000e3
H6	intersects	poly100	sep	20000	g_intersects_aa	5	351.393	0.000	20000:5.085000e3
H6	intersects	poly100	int	20000	u_intersectsrelate_aa	1	389.365	388.717	20000:5.085000e3
H6	intersects	poly100	int	20000	e_intersects_aa	1	187.271	186.698	20000:5.085000e3
H6	intersects	poly100	int	20000	u_intersects_aa	1	217.440	216.815	20000:5.085000e3
H6	intersects	poly100	int	20000	g_intersects_aa	1	377.158	0.000	20000:5.085000e3
H6	intersects	poly100	int	20000	e_intersects_aa	2	187.045	186.445	20000:5.085000e3
H6	intersects	poly100	int	20000	u_intersects_aa	2	216.246	215.628	20000:5.085000e3
H6	intersects	poly100	int	20000	g_intersects_aa	2	362.535	0.000	20000:5.085000e3
H6	intersects	poly100	int	20000	u_intersectsrelate_aa	2	387.990	387.376	20000:5.085000e3
H6	intersects	poly100	int	20000	u_intersects_aa	3	216.009	215.410	20000:5.085000e3
H6	intersects	poly100	int	20000	g_intersects_aa	3	358.652	0.000	20000:5.085000e3
H6	intersects	poly100	int	20000	u_intersectsrelate_aa	3	384.216	383.636	20000:5.085000e3
H6	intersects	poly100	int	20000	e_intersects_aa	3	186.941	186.347	20000:5.085000e3
H6	intersects	poly100	int	20000	g_intersects_aa	4	360.335	0.000	20000:5.085000e3
H6	intersects	poly100	int	20000	u_intersectsrelate_aa	4	384.254	383.654	20000:5.085000e3
H6	intersects	poly100	int	20000	e_intersects_aa	4	186.862	186.268	20000:5.085000e3
H6	intersects	poly100	int	20000	u_intersects_aa	4	217.119	216.492	20000:5.085000e3
H6	intersects	poly100	int	20000	u_intersectsrelate_aa	5	384.856	384.238	20000:5.085000e3
H6	intersects	poly100	int	20000	e_intersects_aa	5	190.719	190.127	20000:5.085000e3
H6	intersects	poly100	int	20000	u_intersects_aa	5	217.138	216.495	20000:5.085000e3
H6	intersects	poly100	int	20000	g_intersects_aa	5	370.454	0.000	20000:5.085000e3
H6	intersects	poly100	wkb	20000	u_intersectsrelate_aa	1	330.597	330.034	20000:5.085000e3
H6	intersects	poly100	wkb	20000	e_intersects_aa	1	158.351	157.805	20000:5.085000e3
H6	intersects	poly100	wkb	20000	u_intersects_aa	1	164.925	164.326	20000:5.085000e3
H6	intersects	poly100	wkb	20000	g_intersects_aa	1	333.322	0.000	20000:5.085000e3
H6	intersects	poly100	wkb	20000	e_intersects_aa	2	157.659	157.093	20000:5.085000e3
H6	intersects	poly100	wkb	20000	u_intersects_aa	2	160.739	160.140	20000:5.085000e3
H6	intersects	poly100	wkb	20000	g_intersects_aa	2	333.671	0.000	20000:5.085000e3
H6	intersects	poly100	wkb	20000	u_intersectsrelate_aa	2	327.664	327.100	20000:5.085000e3
H6	intersects	poly100	wkb	20000	u_intersects_aa	3	158.354	157.809	20000:5.085000e3
H6	intersects	poly100	wkb	20000	g_intersects_aa	3	337.841	0.000	20000:5.085000e3
H6	intersects	poly100	wkb	20000	u_intersectsrelate_aa	3	328.014	327.467	20000:5.085000e3
H6	intersects	poly100	wkb	20000	e_intersects_aa	3	158.296	157.731	20000:5.085000e3
H6	intersects	poly100	wkb	20000	g_intersects_aa	4	336.229	0.000	20000:5.085000e3
H6	intersects	poly100	wkb	20000	u_intersectsrelate_aa	4	331.689	331.114	20000:5.085000e3
H6	intersects	poly100	wkb	20000	e_intersects_aa	4	158.653	157.993	20000:5.085000e3
H6	intersects	poly100	wkb	20000	u_intersects_aa	4	158.228	157.657	20000:5.085000e3
H6	intersects	poly100	wkb	20000	u_intersectsrelate_aa	5	327.217	326.598	20000:5.085000e3
H6	intersects	poly100	wkb	20000	e_intersects_aa	5	158.913	158.332	20000:5.085000e3
H6	intersects	poly100	wkb	20000	u_intersects_aa	5	159.798	159.217	20000:5.085000e3
H6	intersects	poly100	wkb	20000	g_intersects_aa	5	332.029	0.000	20000:5.085000e3
H6	intersects	poly1000	sep	2000	u_intersectsrelate_aa	1	462.930	462.356	2000:5.010000e2
H6	intersects	poly1000	sep	2000	e_intersects_aa	1	153.613	153.061	2000:5.010000e2
H6	intersects	poly1000	sep	2000	u_intersects_aa	1	164.450	163.869	2000:5.010000e2
H6	intersects	poly1000	sep	2000	g_intersects_aa	1	454.454	0.000	2000:5.010000e2
H6	intersects	poly1000	sep	2000	e_intersects_aa	2	153.544	152.989	2000:5.010000e2
H6	intersects	poly1000	sep	2000	u_intersects_aa	2	164.682	164.068	2000:5.010000e2
H6	intersects	poly1000	sep	2000	g_intersects_aa	2	454.174	0.000	2000:5.010000e2
H6	intersects	poly1000	sep	2000	u_intersectsrelate_aa	2	463.111	462.498	2000:5.010000e2
H6	intersects	poly1000	sep	2000	u_intersects_aa	3	168.067	167.509	2000:5.010000e2
H6	intersects	poly1000	sep	2000	g_intersects_aa	3	457.638	0.000	2000:5.010000e2
H6	intersects	poly1000	sep	2000	u_intersectsrelate_aa	3	464.365	463.806	2000:5.010000e2
H6	intersects	poly1000	sep	2000	e_intersects_aa	3	152.472	151.914	2000:5.010000e2
H6	intersects	poly1000	sep	2000	g_intersects_aa	4	454.223	0.000	2000:5.010000e2
H6	intersects	poly1000	sep	2000	u_intersectsrelate_aa	4	463.152	462.599	2000:5.010000e2
H6	intersects	poly1000	sep	2000	e_intersects_aa	4	152.423	151.865	2000:5.010000e2
H6	intersects	poly1000	sep	2000	u_intersects_aa	4	163.462	162.884	2000:5.010000e2
H6	intersects	poly1000	sep	2000	u_intersectsrelate_aa	5	461.973	461.362	2000:5.010000e2
H6	intersects	poly1000	sep	2000	e_intersects_aa	5	152.702	152.128	2000:5.010000e2
H6	intersects	poly1000	sep	2000	u_intersects_aa	5	164.132	163.552	2000:5.010000e2
H6	intersects	poly1000	sep	2000	g_intersects_aa	5	454.578	0.000	2000:5.010000e2
H6	intersects	poly1000	int	2000	u_intersectsrelate_aa	1	466.908	466.307	2000:5.010000e2
H6	intersects	poly1000	int	2000	e_intersects_aa	1	155.730	155.116	2000:5.010000e2
H6	intersects	poly1000	int	2000	u_intersects_aa	1	166.685	166.100	2000:5.010000e2
H6	intersects	poly1000	int	2000	g_intersects_aa	1	456.285	0.000	2000:5.010000e2
H6	intersects	poly1000	int	2000	e_intersects_aa	2	155.935	155.385	2000:5.010000e2
H6	intersects	poly1000	int	2000	u_intersects_aa	2	167.679	167.105	2000:5.010000e2
H6	intersects	poly1000	int	2000	g_intersects_aa	2	456.317	0.000	2000:5.010000e2
H6	intersects	poly1000	int	2000	u_intersectsrelate_aa	2	467.161	466.608	2000:5.010000e2
H6	intersects	poly1000	int	2000	u_intersects_aa	3	167.191	166.603	2000:5.010000e2
H6	intersects	poly1000	int	2000	g_intersects_aa	3	455.000	0.000	2000:5.010000e2
H6	intersects	poly1000	int	2000	u_intersectsrelate_aa	3	466.525	465.972	2000:5.010000e2
H6	intersects	poly1000	int	2000	e_intersects_aa	3	156.273	155.716	2000:5.010000e2
H6	intersects	poly1000	int	2000	g_intersects_aa	4	455.753	0.000	2000:5.010000e2
H6	intersects	poly1000	int	2000	u_intersectsrelate_aa	4	466.295	465.743	2000:5.010000e2
H6	intersects	poly1000	int	2000	e_intersects_aa	4	156.715	156.150	2000:5.010000e2
H6	intersects	poly1000	int	2000	u_intersects_aa	4	167.289	166.705	2000:5.010000e2
H6	intersects	poly1000	int	2000	u_intersectsrelate_aa	5	465.764	465.173	2000:5.010000e2
H6	intersects	poly1000	int	2000	e_intersects_aa	5	158.386	157.805	2000:5.010000e2
H6	intersects	poly1000	int	2000	u_intersects_aa	5	167.296	166.701	2000:5.010000e2
H6	intersects	poly1000	int	2000	g_intersects_aa	5	455.836	0.000	2000:5.010000e2
H6	intersects	poly1000	wkb	2000	u_intersectsrelate_aa	1	440.073	439.514	2000:5.010000e2
H6	intersects	poly1000	wkb	2000	e_intersects_aa	1	140.660	140.123	2000:5.010000e2
H6	intersects	poly1000	wkb	2000	u_intersects_aa	1	140.614	140.071	2000:5.010000e2
H6	intersects	poly1000	wkb	2000	g_intersects_aa	1	454.354	0.000	2000:5.010000e2
H6	intersects	poly1000	wkb	2000	e_intersects_aa	2	140.495	139.956	2000:5.010000e2
H6	intersects	poly1000	wkb	2000	u_intersects_aa	2	140.535	139.991	2000:5.010000e2
H6	intersects	poly1000	wkb	2000	g_intersects_aa	2	450.484	0.000	2000:5.010000e2
H6	intersects	poly1000	wkb	2000	u_intersectsrelate_aa	2	439.774	439.261	2000:5.010000e2
H6	intersects	poly1000	wkb	2000	u_intersects_aa	3	140.607	140.087	2000:5.010000e2
H6	intersects	poly1000	wkb	2000	g_intersects_aa	3	449.952	0.000	2000:5.010000e2
H6	intersects	poly1000	wkb	2000	u_intersectsrelate_aa	3	439.203	438.686	2000:5.010000e2
H6	intersects	poly1000	wkb	2000	e_intersects_aa	3	140.262	139.730	2000:5.010000e2
H6	intersects	poly1000	wkb	2000	g_intersects_aa	4	450.671	0.000	2000:5.010000e2
H6	intersects	poly1000	wkb	2000	u_intersectsrelate_aa	4	438.701	438.175	2000:5.010000e2
H6	intersects	poly1000	wkb	2000	e_intersects_aa	4	140.391	139.864	2000:5.010000e2
H6	intersects	poly1000	wkb	2000	u_intersects_aa	4	140.361	139.809	2000:5.010000e2
H6	intersects	poly1000	wkb	2000	u_intersectsrelate_aa	5	438.650	438.104	2000:5.010000e2
H6	intersects	poly1000	wkb	2000	e_intersects_aa	5	140.948	140.415	2000:5.010000e2
H6	intersects	poly1000	wkb	2000	u_intersects_aa	5	140.471	139.922	2000:5.010000e2
H6	intersects	poly1000	wkb	2000	g_intersects_aa	5	451.278	0.000	2000:5.010000e2
H6	intersects_const	points	sep	1000000	u_intersects	1	481.443	480.211	1000000:2.481810e5
H6	intersects_const	points	sep	1000000	g_intersects	1	411.379	0.000	1000000:2.481810e5
H6	intersects_const	points	sep	1000000	g_intersects	2	410.987	0.000	1000000:2.481810e5
H6	intersects_const	points	sep	1000000	u_intersects	2	477.542	476.332	1000000:2.481810e5
H6	intersects_const	points	sep	1000000	u_intersects	3	477.843	476.658	1000000:2.481810e5
H6	intersects_const	points	sep	1000000	g_intersects	3	411.544	0.000	1000000:2.481810e5
H6	intersects_const	points	sep	1000000	g_intersects	4	410.135	0.000	1000000:2.481810e5
H6	intersects_const	points	sep	1000000	u_intersects	4	482.842	481.630	1000000:2.481810e5
H6	intersects_const	points	sep	1000000	u_intersects	5	479.080	477.871	1000000:2.481810e5
H6	intersects_const	points	sep	1000000	g_intersects	5	410.360	0.000	1000000:2.481810e5
H6	intersects_const	points	int	1000000	u_intersects	1	495.703	494.472	1000000:2.481810e5
H6	intersects_const	points	int	1000000	g_intersects	1	412.263	0.000	1000000:2.481810e5
H6	intersects_const	points	int	1000000	g_intersects	2	412.821	0.000	1000000:2.481810e5
H6	intersects_const	points	int	1000000	u_intersects	2	491.832	490.646	1000000:2.481810e5
H6	intersects_const	points	int	1000000	u_intersects	3	490.923	489.738	1000000:2.481810e5
H6	intersects_const	points	int	1000000	g_intersects	3	410.993	0.000	1000000:2.481810e5
H6	intersects_const	points	int	1000000	g_intersects	4	412.988	0.000	1000000:2.481810e5
H6	intersects_const	points	int	1000000	u_intersects	4	491.023	489.781	1000000:2.481810e5
H6	intersects_const	points	int	1000000	u_intersects	5	489.359	488.132	1000000:2.481810e5
H6	intersects_const	points	int	1000000	g_intersects	5	412.641	0.000	1000000:2.481810e5
H6	intersects_const	points	wkb	1000000	u_intersects	1	458.619	457.498	1000000:2.481810e5
H6	intersects_const	points	wkb	1000000	g_intersects	1	433.403	0.000	1000000:2.481810e5
H6	intersects_const	points	wkb	1000000	g_intersects	2	431.685	0.000	1000000:2.481810e5
H6	intersects_const	points	wkb	1000000	u_intersects	2	464.291	463.120	1000000:2.481810e5
H6	intersects_const	points	wkb	1000000	u_intersects	3	453.399	452.262	1000000:2.481810e5
H6	intersects_const	points	wkb	1000000	g_intersects	3	434.777	0.000	1000000:2.481810e5
H6	intersects_const	points	wkb	1000000	g_intersects	4	430.363	0.000	1000000:2.481810e5
H6	intersects_const	points	wkb	1000000	u_intersects	4	457.553	456.409	1000000:2.481810e5
H6	intersects_const	points	wkb	1000000	u_intersects	5	461.220	460.051	1000000:2.481810e5
H6	intersects_const	points	wkb	1000000	g_intersects	5	431.056	0.000	1000000:2.481810e5
H6	intersects_const	poly10	sep	100000	u_intersects	1	161.183	160.213	100000:2.487300e4
H6	intersects_const	poly10	sep	100000	g_intersects	1	147.944	0.000	100000:2.487300e4
H6	intersects_const	poly10	sep	100000	g_intersects	2	148.412	0.000	100000:2.487300e4
H6	intersects_const	poly10	sep	100000	u_intersects	2	161.536	160.583	100000:2.487300e4
H6	intersects_const	poly10	sep	100000	u_intersects	3	160.941	159.988	100000:2.487300e4
H6	intersects_const	poly10	sep	100000	g_intersects	3	147.326	0.000	100000:2.487300e4
H6	intersects_const	poly10	sep	100000	g_intersects	4	148.364	0.000	100000:2.487300e4
H6	intersects_const	poly10	sep	100000	u_intersects	4	161.923	160.960	100000:2.487300e4
H6	intersects_const	poly10	sep	100000	u_intersects	5	162.097	161.130	100000:2.487300e4
H6	intersects_const	poly10	sep	100000	g_intersects	5	148.144	0.000	100000:2.487300e4
H6	intersects_const	poly10	int	100000	u_intersects	1	163.356	162.378	100000:2.487300e4
H6	intersects_const	poly10	int	100000	g_intersects	1	150.037	0.000	100000:2.487300e4
H6	intersects_const	poly10	int	100000	g_intersects	2	150.289	0.000	100000:2.487300e4
H6	intersects_const	poly10	int	100000	u_intersects	2	163.845	162.874	100000:2.487300e4
H6	intersects_const	poly10	int	100000	u_intersects	3	163.849	162.867	100000:2.487300e4
H6	intersects_const	poly10	int	100000	g_intersects	3	149.942	0.000	100000:2.487300e4
H6	intersects_const	poly10	int	100000	g_intersects	4	150.419	0.000	100000:2.487300e4
H6	intersects_const	poly10	int	100000	u_intersects	4	163.695	162.694	100000:2.487300e4
H6	intersects_const	poly10	int	100000	u_intersects	5	163.310	162.322	100000:2.487300e4
H6	intersects_const	poly10	int	100000	g_intersects	5	150.759	0.000	100000:2.487300e4
H6	intersects_const	poly10	wkb	100000	u_intersects	1	144.568	143.612	100000:2.487300e4
H6	intersects_const	poly10	wkb	100000	g_intersects	1	144.411	0.000	100000:2.487300e4
H6	intersects_const	poly10	wkb	100000	g_intersects	2	146.311	0.000	100000:2.487300e4
H6	intersects_const	poly10	wkb	100000	u_intersects	2	144.610	143.654	100000:2.487300e4
H6	intersects_const	poly10	wkb	100000	u_intersects	3	145.793	144.853	100000:2.487300e4
H6	intersects_const	poly10	wkb	100000	g_intersects	3	144.486	0.000	100000:2.487300e4
H6	intersects_const	poly10	wkb	100000	g_intersects	4	147.454	0.000	100000:2.487300e4
H6	intersects_const	poly10	wkb	100000	u_intersects	4	145.112	144.152	100000:2.487300e4
H6	intersects_const	poly10	wkb	100000	u_intersects	5	144.662	143.702	100000:2.487300e4
H6	intersects_const	poly10	wkb	100000	g_intersects	5	145.341	0.000	100000:2.487300e4
H6	intersects_const	poly100	sep	20000	u_intersects	1	222.279	221.320	20000:5.085000e3
H6	intersects_const	poly100	sep	20000	g_intersects	1	212.698	0.000	20000:5.085000e3
H6	intersects_const	poly100	sep	20000	g_intersects	2	213.064	0.000	20000:5.085000e3
H6	intersects_const	poly100	sep	20000	u_intersects	2	221.401	220.452	20000:5.085000e3
H6	intersects_const	poly100	sep	20000	u_intersects	3	222.435	221.478	20000:5.085000e3
H6	intersects_const	poly100	sep	20000	g_intersects	3	213.250	0.000	20000:5.085000e3
H6	intersects_const	poly100	sep	20000	g_intersects	4	214.169	0.000	20000:5.085000e3
H6	intersects_const	poly100	sep	20000	u_intersects	4	223.957	222.991	20000:5.085000e3
H6	intersects_const	poly100	sep	20000	u_intersects	5	223.116	222.152	20000:5.085000e3
H6	intersects_const	poly100	sep	20000	g_intersects	5	214.656	0.000	20000:5.085000e3
H6	intersects_const	poly100	int	20000	u_intersects	1	223.250	222.302	20000:5.085000e3
H6	intersects_const	poly100	int	20000	g_intersects	1	215.275	0.000	20000:5.085000e3
H6	intersects_const	poly100	int	20000	g_intersects	2	214.607	0.000	20000:5.085000e3
H6	intersects_const	poly100	int	20000	u_intersects	2	224.545	223.595	20000:5.085000e3
H6	intersects_const	poly100	int	20000	u_intersects	3	223.391	222.421	20000:5.085000e3
H6	intersects_const	poly100	int	20000	g_intersects	3	215.738	0.000	20000:5.085000e3
H6	intersects_const	poly100	int	20000	g_intersects	4	213.846	0.000	20000:5.085000e3
H6	intersects_const	poly100	int	20000	u_intersects	4	226.137	225.190	20000:5.085000e3
H6	intersects_const	poly100	int	20000	u_intersects	5	227.832	226.894	20000:5.085000e3
H6	intersects_const	poly100	int	20000	g_intersects	5	216.366	0.000	20000:5.085000e3
H6	intersects_const	poly100	wkb	20000	u_intersects	1	198.394	197.435	20000:5.085000e3
H6	intersects_const	poly100	wkb	20000	g_intersects	1	199.591	0.000	20000:5.085000e3
H6	intersects_const	poly100	wkb	20000	g_intersects	2	199.928	0.000	20000:5.085000e3
H6	intersects_const	poly100	wkb	20000	u_intersects	2	201.482	200.542	20000:5.085000e3
H6	intersects_const	poly100	wkb	20000	u_intersects	3	200.632	199.703	20000:5.085000e3
H6	intersects_const	poly100	wkb	20000	g_intersects	3	201.007	0.000	20000:5.085000e3
H6	intersects_const	poly100	wkb	20000	g_intersects	4	199.918	0.000	20000:5.085000e3
H6	intersects_const	poly100	wkb	20000	u_intersects	4	200.240	199.315	20000:5.085000e3
H6	intersects_const	poly100	wkb	20000	u_intersects	5	200.613	199.676	20000:5.085000e3
H6	intersects_const	poly100	wkb	20000	g_intersects	5	200.689	0.000	20000:5.085000e3
H6	intersects_const	poly1000	sep	2000	u_intersects	1	438.329	437.405	2000:5.010000e2
H6	intersects_const	poly1000	sep	2000	g_intersects	1	430.229	0.000	2000:5.010000e2
H6	intersects_const	poly1000	sep	2000	g_intersects	2	429.958	0.000	2000:5.010000e2
H6	intersects_const	poly1000	sep	2000	u_intersects	2	439.891	438.962	2000:5.010000e2
H6	intersects_const	poly1000	sep	2000	u_intersects	3	437.868	436.948	2000:5.010000e2
H6	intersects_const	poly1000	sep	2000	g_intersects	3	430.913	0.000	2000:5.010000e2
H6	intersects_const	poly1000	sep	2000	g_intersects	4	434.902	0.000	2000:5.010000e2
H6	intersects_const	poly1000	sep	2000	u_intersects	4	437.799	436.876	2000:5.010000e2
H6	intersects_const	poly1000	sep	2000	u_intersects	5	438.210	437.274	2000:5.010000e2
H6	intersects_const	poly1000	sep	2000	g_intersects	5	430.863	0.000	2000:5.010000e2
H6	intersects_const	poly1000	int	2000	u_intersects	1	443.928	443.012	2000:5.010000e2
H6	intersects_const	poly1000	int	2000	g_intersects	1	434.742	0.000	2000:5.010000e2
H6	intersects_const	poly1000	int	2000	g_intersects	2	440.292	0.000	2000:5.010000e2
H6	intersects_const	poly1000	int	2000	u_intersects	2	444.258	443.335	2000:5.010000e2
H6	intersects_const	poly1000	int	2000	u_intersects	3	443.115	442.194	2000:5.010000e2
H6	intersects_const	poly1000	int	2000	g_intersects	3	435.832	0.000	2000:5.010000e2
H6	intersects_const	poly1000	int	2000	g_intersects	4	441.360	0.000	2000:5.010000e2
H6	intersects_const	poly1000	int	2000	u_intersects	4	444.138	443.204	2000:5.010000e2
H6	intersects_const	poly1000	int	2000	u_intersects	5	443.506	442.559	2000:5.010000e2
H6	intersects_const	poly1000	int	2000	g_intersects	5	436.094	0.000	2000:5.010000e2
H6	intersects_const	poly1000	wkb	2000	u_intersects	1	416.604	415.699	2000:5.010000e2
H6	intersects_const	poly1000	wkb	2000	g_intersects	1	418.270	0.000	2000:5.010000e2
H6	intersects_const	poly1000	wkb	2000	g_intersects	2	419.085	0.000	2000:5.010000e2
H6	intersects_const	poly1000	wkb	2000	u_intersects	2	418.902	417.972	2000:5.010000e2
H6	intersects_const	poly1000	wkb	2000	u_intersects	3	417.457	416.506	2000:5.010000e2
H6	intersects_const	poly1000	wkb	2000	g_intersects	3	419.396	0.000	2000:5.010000e2
H6	intersects_const	poly1000	wkb	2000	g_intersects	4	417.255	0.000	2000:5.010000e2
H6	intersects_const	poly1000	wkb	2000	u_intersects	4	416.265	415.299	2000:5.010000e2
H6	intersects_const	poly1000	wkb	2000	u_intersects	5	416.875	415.946	2000:5.010000e2
H6	intersects_const	poly1000	wkb	2000	g_intersects	5	418.669	0.000	2000:5.010000e2
